Frame,Track_ID,Class_ID,Confidence,BBox_X1,BBox_Y1,BBox_X2,BBox_Y2,FPS
1,,,,,,,,1.42
2,,,,,,,,63.38
3,,,,,,,,196.64
4,,,,,,,,94.87
5,,,,,,,,187.03
6,,,,,,,,63.62
7,,,,,,,,62.53
8,,,,,,,,63.99
9,,,,,,,,191.33
10,,,,,,,,63.61
11,,,,,,,,199.46
12,,,,,,,,56.9
13,,,,,,,,63.95
14,,,,,,,,37.54
15,,,,,,,,62.09
16,,,,,,,,62.93
17,,,,,,,,184.61
18,,,,,,,,63.07
19,,,,,,,,191.85
20,,,,,,,,63.67
21,,,,,,,,168.9
22,,,,,,,,66.77
23,,,,,,,,178.16
24,,,,,,,,63.88
25,,,,,,,,200.28
26,,,,,,,,63.39
27,,,,,,,,192.52
28,,,,,,,,63.85
29,,,,,,,,37.88
30,,,,,,,,65.51
31,,,,,,,,54.15
32,,,,,,,,45.82
33,,,,,,,,95.7
34,,,,,,,,67.73
35,,,,,,,,81.55
36,,,,,,,,65.75
37,,,,,,,,54.28
38,,,,,,,,62.37
39,,,,,,,,197.47
40,,,,,,,,44.33
41,,,,,,,,61.85
42,,,,,,,,68.79
43,,,,,,,,63.8
44,,,,,,,,55.39
45,,,,,,,,60.32
46,,,,,,,,63.94
47,,,,,,,,123.98
48,,,,,,,,0.0
49,,,,,,,,104.58
50,,,,,,,,63.49
51,,,,,,,,14.18
52,,,,,,,,31.96
53,,,,,,,,37.71
54,,,,,,,,28.14
55,,,,,,,,31.2
56,,,,,,,,35.79
57,,,,,,,,35.52
58,,,,,,,,29.24
59,,,,,,,,28.56
60,,,,,,,,27.43
61,,,,,,,,62.52
62,,,,,,,,24.73
63,,,,,,,,0.0
64,,,,,,,,192.13
65,,,,,,,,23.84
66,,,,,,,,31.58
67,,,,,,,,63.31
68,,,,,,,,38.58
69,,,,,,,,40.06
70,,,,,,,,31.92
71,,,,,,,,31.33
72,,,,,,,,29.48
73,,,,,,,,31.93
74,,,,,,,,29.89
75,,,,,,,,26.35
76,,,,,,,,31.48
77,,,,,,,,31.85
78,,,,,,,,20.96
79,,,,,,,,30.27
80,,,,,,,,23.77
81,,,,,,,,37.16
82,,,,,,,,31.97
83,,,,,,,,31.96
84,,,,,,,,34.31
85,,,,,,,,31.53
86,,,,,,,,31.43
87,,,,,,,,46.22
88,,,,,,,,34.49
89,,,,,,,,42.25
90,,,,,,,,38.48
91,,,,,,,,20.95
92,,,,,,,,25.97
93,,,,,,,,31.91
94,,,,,,,,31.9
95,,,,,,,,31.53
96,,,,,,,,31.55
97,,,,,,,,25.06
98,,,,,,,,25.81
99,,,,,,,,26.87
100,,,,,,,,28.88
101,,,,,,,,26.36
102,,,,,,,,33.45
103,,,,,,,,31.84
104,,,,,,,,27.7
105,,,,,,,,23.93
106,,,,,,,,20.96
107,,,,,,,,21.1
108,,,,,,,,27.52
109,,,,,,,,28.36
110,,,,,,,,21.29
111,1.0,0.0,0.5793,7.17,324.37,1822.25,952.51,21.14
112,1.0,0.0,0.5705,9.39,325.0,1835.91,942.81,31.96
113,1.0,0.0,0.5781,7.19,306.27,1844.81,940.19,23.95
114,1.0,0.0,0.5819,4.24,295.75,1840.6,922.61,24.07
115,1.0,0.0,0.5858,3.0,300.93,1855.52,898.05,29.29
116,1.0,0.0,0.6052,1.78,288.9,1856.07,893.07,26.49
117,1.0,0.0,0.6111,0.0,270.25,1857.0,886.78,20.78
118,1.0,0.0,0.642,0.0,250.56,1860.17,868.16,18.78
119,1.0,0.0,0.6147,0.0,238.15,1853.63,895.26,31.77
120,1.0,0.0,0.6606,0.0,233.89,1860.65,896.48,23.95
121,1.0,0.0,0.6855,0.0,228.63,1844.28,874.56,18.44
122,1.0,0.0,0.7374,0.0,219.25,1752.6,864.56,31.57
123,1.0,0.0,0.7132,0.0,205.65,1695.67,871.11,31.75
124,1.0,0.0,0.7444,0.0,173.11,1724.9,893.22,21.03
125,1.0,0.0,0.7468,0.0,154.1,1741.85,898.72,31.89
126,1.0,0.0,0.7594,0.0,145.27,1772.26,923.51,31.4
127,1.0,0.0,0.7366,0.0,134.7,1773.72,968.66,31.32
128,1.0,0.0,0.7375,0.0,122.41,1811.35,964.75,22.29
129,1.0,0.0,0.7699,0.0,130.21,1828.43,903.52,37.41
130,1.0,0.0,0.784,0.0,117.77,1841.15,884.52,26.99
131,1.0,0.0,0.755,0.0,92.82,1847.23,885.42,31.71
132,1.0,0.0,0.7715,0.0,69.66,1867.87,902.92,31.68
133,1.0,0.0,0.7986,0.0,63.93,1888.42,935.26,31.7
134,1.0,0.0,0.7955,0.0,55.77,1900.75,939.49,31.65
135,1.0,0.0,0.8132,0.0,49.77,1908.34,930.58,26.63
136,1.0,0.0,0.8199,0.0,47.62,1916.67,924.15,31.7
137,1.0,0.0,0.8199,4.48,44.22,1918.26,929.49,31.45
138,1.0,0.0,0.8392,5.58,42.73,1918.28,927.87,32.18
139,1.0,0.0,0.8353,2.21,39.23,1916.85,933.5,27.42
140,1.0,0.0,0.8328,0.67,40.48,1916.89,925.95,23.97
141,1.0,0.0,0.8178,0.0,42.94,1916.25,924.27,21.17
142,1.0,0.0,0.8217,0.13,38.29,1912.63,919.09,20.94
143,1.0,0.0,0.8371,0.0,39.84,1915.55,909.86,21.13
144,1.0,0.0,0.829,0.57,43.96,1918.28,877.92,21.18
145,1.0,0.0,0.8232,1.13,46.37,1914.27,886.37,21.21
146,1.0,0.0,0.8417,0.72,38.14,1917.8,902.89,31.76
147,1.0,0.0,0.827,0.41,40.7,1917.34,909.29,26.94
148,1.0,0.0,0.8602,0.6,34.23,1918.53,917.52,19.35
149,1.0,0.0,0.8621,1.15,34.35,1917.56,914.19,21.16
150,1.0,0.0,0.8532,1.74,34.17,1914.43,910.79,31.74
151,1.0,0.0,0.8753,1.97,39.98,1913.21,915.98,15.96
152,1.0,0.0,0.8621,2.22,37.96,1916.24,918.75,17.33
153,1.0,0.0,0.8327,2.02,43.52,1919.53,920.05,21.01
154,1.0,0.0,0.8384,4.9,44.11,1920.0,923.48,21.0
155,1.0,0.0,0.8476,2.79,43.6,1920.0,914.69,31.69
156,1.0,0.0,0.8927,1.28,41.05,1920.0,913.05,21.11
157,1.0,0.0,0.8839,1.01,35.23,1920.0,916.66,20.84
158,1.0,0.0,0.8833,2.14,27.12,1920.0,917.05,25.74
159,1.0,0.0,0.873,3.09,19.88,1920.0,916.33,21.13
160,1.0,0.0,0.8674,3.76,12.45,1920.0,924.48,31.04
161,1.0,0.0,0.8709,4.03,9.1,1920.0,931.31,21.26
162,1.0,0.0,0.8389,4.28,6.05,1920.0,928.85,21.11
163,1.0,0.0,0.8598,3.67,4.22,1920.0,922.22,17.4
164,1.0,0.0,0.8511,2.16,0.0,1920.0,928.31,21.25
165,1.0,0.0,0.8534,2.2,0.0,1920.0,920.52,20.95
166,1.0,0.0,0.8386,1.87,0.0,1918.31,931.22,25.99
167,1.0,0.0,0.8563,1.82,0.0,1917.35,927.07,21.1
168,1.0,0.0,0.844,6.52,0.0,1918.37,922.74,21.15
169,1.0,0.0,0.8418,3.44,0.0,1917.45,929.4,21.12
170,1.0,0.0,0.848,2.24,0.0,1915.87,948.75,31.62
171,1.0,0.0,0.8356,1.56,0.0,1912.63,954.58,21.04
172,1.0,0.0,0.8268,0.98,0.0,1911.36,940.0,20.92
173,1.0,0.0,0.8282,0.67,0.0,1911.07,945.36,20.98
174,1.0,0.0,0.8407,0.43,0.0,1909.23,936.35,20.77
175,1.0,0.0,0.8228,0.02,0.0,1910.26,953.77,24.91
176,1.0,0.0,0.8116,3.3,0.0,1915.33,968.54,21.2
177,1.0,0.0,0.8112,0.41,0.0,1912.65,958.5,21.01
178,1.0,0.0,0.8216,0.0,0.0,1912.49,927.99,21.16
179,1.0,0.0,0.8028,0.0,0.0,1908.69,914.29,21.09
180,1.0,0.0,0.813,0.0,0.0,1909.12,926.76,21.16
181,1.0,0.0,0.8092,0.0,0.0,1910.75,934.92,15.4
182,1.0,0.0,0.7242,0.0,0.0,1909.48,953.83,20.92
183,1.0,0.0,0.7631,0.0,0.41,1898.72,966.21,20.92
184,1.0,0.0,0.6284,0.0,0.19,1914.74,992.19,21.18
185,1.0,0.0,0.2985,1.83,0.82,1920.0,994.94,21.15
186,1.0,0.0,0.5147,0.0,1.64,1918.38,999.86,21.16
187,1.0,0.0,0.543,0.0,2.0,1918.65,1009.98,23.99
188,1.0,0.0,0.5677,0.34,2.38,1910.68,996.34,15.85
189,1.0,0.0,0.6677,0.34,2.89,1882.44,990.05,21.2
190,1.0,0.0,0.8006,0.5,3.45,1904.63,969.8,21.18
191,1.0,0.0,0.7252,1.98,4.07,1913.41,947.49,21.11
192,1.0,0.0,0.7953,4.19,5.15,1915.68,982.4,20.86
193,1.0,0.0,0.7959,9.96,6.15,1920.0,922.72,21.03
194,1.0,0.0,0.8258,7.41,5.81,1916.09,916.4,21.1
195,1.0,0.0,0.8234,0.0,2.22,1905.22,891.46,21.09
196,1.0,0.0,0.815,4.83,3.59,1902.94,859.17,21.2
197,1.0,0.0,0.7646,0.0,2.12,1898.93,862.49,21.11
198,1.0,0.0,0.8234,11.21,1.68,1904.28,851.88,21.21
199,1.0,0.0,0.8329,14.09,0.72,1907.42,864.08,21.22
200,1.0,0.0,0.8336,10.01,0.29,1909.76,857.91,21.18
201,1.0,0.0,0.8422,9.18,0.0,1902.79,841.14,21.14
202,1.0,0.0,0.8402,8.06,0.0,1901.1,851.91,21.18
203,1.0,0.0,0.8309,0.0,0.0,1903.05,847.73,21.25
204,1.0,0.0,0.8225,1.37,0.0,1904.45,878.0,21.12
205,1.0,0.0,0.8112,4.41,0.0,1903.89,880.74,19.4
206,1.0,0.0,0.7935,4.97,0.0,1905.0,873.01,19.51
207,1.0,0.0,0.7991,5.54,0.0,1907.45,869.39,21.33
208,1.0,0.0,0.8113,5.04,0.0,1908.28,854.75,18.75
209,1.0,0.0,0.8041,11.1,0.0,1909.98,843.85,15.1
210,1.0,0.0,0.7911,0.0,0.0,1913.12,858.77,19.06
211,1.0,0.0,0.8121,0.0,1.0,1915.44,856.46,17.78
212,1.0,0.0,0.8432,0.0,0.96,1916.68,886.97,27.97
213,1.0,0.0,0.8438,0.0,2.54,1912.78,849.25,21.1
214,1.0,0.0,0.8338,0.0,0.64,1914.25,843.58,17.37
215,1.0,0.0,0.7997,0.0,0.0,1917.25,854.89,21.17
216,1.0,0.0,0.8163,9.97,1.6,1914.36,842.12,17.61
217,1.0,0.0,0.7467,0.0,0.0,1918.46,859.42,21.16
218,1.0,0.0,0.4259,0.0,0.0,1920.0,987.73,21.19
219,1.0,0.0,0.509,0.0,0.0,1920.0,1041.83,15.86
220,1.0,0.0,0.6827,4.16,0.0,1920.0,1043.28,15.92
221,1.0,0.0,0.798,4.96,0.0,1920.0,935.31,21.15
222,1.0,0.0,0.8289,1.46,0.0,1734.74,862.54,21.12
223,1.0,0.0,0.8047,0.88,0.0,1690.48,846.36,15.7
224,1.0,0.0,0.8174,1.54,0.0,1725.8,826.22,20.18
225,1.0,0.0,0.8262,0.0,2.24,1691.09,818.28,21.22
226,1.0,0.0,0.8321,0.0,4.8,1698.36,817.26,17.43
227,1.0,0.0,0.8344,0.0,5.03,1696.74,818.91,21.14
228,1.0,0.0,0.817,0.0,4.31,1704.37,837.25,21.13
229,1.0,0.0,0.7789,0.0,3.95,1726.44,833.11,17.45
230,1.0,0.0,0.798,3.09,3.34,1716.21,842.66,18.95
231,1.0,0.0,0.7552,7.12,0.0,1740.58,853.39,21.15
232,1.0,0.0,0.76,15.85,0.0,1772.83,847.46,21.63
233,1.0,0.0,0.7859,11.54,0.0,1827.13,834.5,21.16
234,1.0,0.0,0.7746,9.64,0.0,1869.09,840.89,21.24
235,1.0,0.0,0.7861,11.77,0.0,1887.73,834.87,21.26
236,1.0,0.0,0.7476,10.3,0.0,1898.6,839.11,18.65
237,1.0,0.0,0.7993,11.22,0.0,1906.13,837.47,15.84
238,1.0,0.0,0.7858,8.06,0.0,1916.69,846.1,15.85
239,1.0,0.0,0.7934,5.22,0.0,1915.42,851.47,21.17
240,1.0,0.0,0.7978,0.0,1.69,1915.14,853.57,17.3
241,1.0,0.0,0.8266,0.0,3.65,1919.64,854.02,15.26
242,1.0,0.0,0.8251,0.0,4.02,1919.7,857.82,18.94
243,1.0,0.0,0.8313,0.0,0.0,1917.08,853.23,21.03
244,1.0,0.0,0.8374,0.0,1.52,1916.57,853.26,15.85
245,1.0,0.0,0.8374,0.0,2.73,1916.0,833.88,20.73
246,1.0,0.0,0.8266,0.76,0.0,1910.97,828.06,20.8
247,1.0,0.0,0.8363,5.17,0.0,1915.63,829.95,23.52
248,1.0,0.0,0.7978,3.99,0.0,1914.42,830.2,17.96
249,1.0,0.0,0.8196,12.07,0.0,1912.82,838.58,21.09
250,1.0,0.0,0.8448,11.05,0.85,1913.62,834.33,21.02
251,1.0,0.0,0.8436,19.42,3.61,1913.81,832.82,15.87
252,1.0,0.0,0.854,19.92,0.0,1912.12,849.88,21.09
253,1.0,0.0,0.8406,27.37,0.0,1908.17,851.42,21.02
254,1.0,0.0,0.8349,14.48,0.0,1907.87,839.37,17.44
255,1.0,0.0,0.8335,12.64,2.86,1911.9,836.09,15.88
256,1.0,0.0,0.8414,19.84,5.86,1913.78,836.34,21.51
257,1.0,0.0,0.8356,23.68,6.65,1912.4,839.63,17.37
258,1.0,0.0,0.812,21.59,6.27,1911.31,837.51,21.19
259,1.0,0.0,0.8321,22.43,5.78,1910.2,841.08,21.09
260,1.0,0.0,0.8273,10.12,5.15,1894.74,843.43,18.93
261,1.0,0.0,0.8245,11.29,5.82,1897.72,840.91,15.86
262,1.0,0.0,0.8144,18.93,4.29,1885.08,839.45,21.11
263,1.0,0.0,0.8083,13.35,12.24,1886.76,832.88,21.13
264,1.0,0.0,0.8007,17.12,6.34,1889.86,833.72,23.83
265,1.0,0.0,0.8116,20.36,2.81,1894.61,823.15,17.85
266,1.0,0.0,0.7701,17.87,2.29,1900.37,799.46,15.77
267,1.0,0.0,0.7236,12.49,20.62,1901.62,795.47,21.14
268,1.0,0.0,0.7153,5.6,31.31,1859.47,790.48,21.03
269,1.0,0.0,0.7819,7.54,31.29,1854.08,794.41,16.67
270,1.0,0.0,0.7495,3.16,26.81,1880.38,795.67,21.16
271,1.0,0.0,0.7395,9.45,33.06,1888.62,811.98,15.97
272,1.0,0.0,0.7282,14.86,23.28,1897.63,818.39,18.58
273,1.0,0.0,0.6799,6.9,27.29,1904.46,821.3,21.13
274,1.0,0.0,0.6527,6.58,34.1,1909.44,822.44,21.2
275,1.0,0.0,0.6594,5.25,53.62,1885.32,798.32,21.41
276,1.0,0.0,0.709,6.81,32.04,1896.31,819.21,21.14
277,1.0,0.0,0.6686,12.95,98.37,1869.28,795.03,21.15
278,1.0,0.0,0.7232,34.65,73.07,1890.1,795.82,17.41
279,1.0,0.0,0.7074,30.86,54.81,1898.48,811.08,15.73
280,1.0,0.0,0.7091,29.09,34.71,1905.4,796.09,27.33
281,1.0,0.0,0.7611,19.87,36.38,1909.58,823.38,18.97
282,1.0,0.0,0.7327,9.12,32.59,1914.79,829.15,18.83
283,1.0,0.0,0.7745,12.9,32.3,1916.16,815.27,15.81
284,1.0,0.0,0.6876,29.65,32.65,1917.38,799.69,21.19
285,1.0,0.0,0.7167,41.56,37.95,1915.87,792.8,21.23
286,1.0,0.0,0.685,38.5,50.68,1915.98,797.29,21.17
287,1.0,0.0,0.6818,56.43,61.51,1915.69,796.51,21.06
288,1.0,0.0,0.6995,59.12,67.41,1915.96,796.6,17.52
289,1.0,0.0,0.7197,80.16,59.37,1917.23,804.67,15.84
290,1.0,0.0,0.7394,55.18,45.5,1918.96,816.27,21.14
291,1.0,0.0,0.7501,108.57,30.61,1919.44,851.29,21.25
292,1.0,0.0,0.7704,128.23,22.32,1920.0,839.13,21.18
293,1.0,0.0,0.7107,147.1,21.83,1919.97,841.65,20.95
294,1.0,0.0,0.7104,152.25,26.35,1919.97,843.86,20.83
295,1.0,0.0,0.6998,141.32,41.7,1920.0,823.01,17.12
296,1.0,0.0,0.7094,151.1,73.59,1917.97,826.29,20.17
297,1.0,0.0,0.7494,165.57,53.47,1919.34,853.51,21.08
298,1.0,0.0,0.6996,135.08,53.08,1919.91,811.31,20.93
299,1.0,0.0,0.7683,136.91,73.92,1919.52,840.8,17.35
300,,,,,,,,11.78
301,,,,,,,,14.89
302,,,,,,,,25.48
303,,,,,,,,21.24
304,,,,,,,,52.34
305,,,,,,,,31.7
306,,,,,,,,63.17
307,,,,,,,,31.78
308,,,,,,,,24.77
309,,,,,,,,21.07
310,,,,,,,,21.1
311,,,,,,,,21.18
312,,,,,,,,21.08
313,,,,,,,,21.13
314,,,,,,,,19.35
315,,,,,,,,31.55
316,,,,,,,,31.81
317,,,,,,,,21.23
318,,,,,,,,38.25
319,,,,,,,,21.1
320,,,,,,,,31.71
321,,,,,,,,21.1
322,,,,,,,,21.11
323,,,,,,,,63.7
324,,,,,,,,31.55
325,,,,,,,,31.95
326,,,,,,,,63.78
327,,,,,,,,17.34
328,,,,,,,,20.92
329,,,,,,,,21.01
330,,,,,,,,21.32
331,,,,,,,,23.67
332,,,,,,,,21.58
333,,,,,,,,26.71
334,,,,,,,,20.97
335,,,,,,,,49.85
336,,,,,,,,48.0
337,,,,,,,,19.72
338,,,,,,,,42.24
339,,,,,,,,21.02
340,,,,,,,,27.02
341,,,,,,,,21.21
342,,,,,,,,31.73
343,,,,,,,,63.71
344,,,,,,,,20.95
345,,,,,,,,44.23
346,,,,,,,,22.91
347,,,,,,,,21.2
348,,,,,,,,21.15
349,,,,,,,,23.96
350,,,,,,,,21.19
351,,,,,,,,21.15
352,3.0,0.0,0.6173,15.86,401.26,1626.39,1077.41,31.67
353,3.0,0.0,0.6387,15.74,387.06,1582.27,1079.41,21.14
354,3.0,0.0,0.6199,10.68,362.34,1584.51,1080.0,21.19
355,3.0,0.0,0.3563,4.97,359.84,1602.76,1080.0,23.34
356,3.0,0.0,0.2864,9.04,281.52,1617.39,1080.0,21.23
357,3.0,0.0,0.2323,4.64,233.72,1617.25,1080.0,31.44
358,3.0,0.0,0.454,6.69,222.74,1623.75,1080.0,21.0
359,3.0,0.0,0.6541,2.84,209.81,1621.35,1080.0,21.14
360,3.0,0.0,0.4303,0.68,226.4,1624.3,1080.0,21.16
361,3.0,0.0,0.5725,6.76,186.61,1629.24,1073.93,17.63
362,3.0,0.0,0.5116,12.3,197.38,1633.93,1077.69,21.02
363,3.0,0.0,0.6066,4.41,175.29,1644.94,1076.66,31.35
364,3.0,0.0,0.6233,1.21,160.34,1641.95,1073.08,24.34
365,3.0,0.0,0.6179,0.03,138.72,1696.67,1077.43,21.11
366,3.0,0.0,0.745,23.87,146.99,1753.34,1079.06,21.19
367,3.0,0.0,0.7769,12.11,142.59,1849.27,1079.75,17.26
368,3.0,0.0,0.8506,6.95,134.14,1900.31,1079.95,17.38
369,3.0,0.0,0.8199,2.37,133.73,1920.0,1080.0,17.46
370,3.0,0.0,0.8192,2.39,131.98,1920.0,1080.0,20.97
371,3.0,0.0,0.8148,0.55,105.48,1920.0,1080.0,17.28
372,3.0,0.0,0.7989,1.05,94.71,1907.56,1080.0,22.01
373,3.0,0.0,0.773,2.78,90.96,1910.16,1080.0,15.8
374,3.0,0.0,0.7948,0.97,72.3,1883.44,1080.0,21.81
375,3.0,0.0,0.7487,0.86,73.13,1706.33,1080.0,20.97
376,3.0,0.0,0.7221,3.32,165.26,1820.22,1079.98,20.75
377,3.0,0.0,0.7298,5.39,176.1,1741.17,1080.0,26.74
378,3.0,0.0,0.792,24.55,149.68,1824.58,1080.0,20.9
379,3.0,0.0,0.7703,35.16,168.77,1805.81,1080.0,20.89
380,3.0,0.0,0.7871,16.07,173.33,1841.73,1080.0,18.31
381,3.0,0.0,0.8289,11.29,118.47,1844.52,1080.0,21.15
382,3.0,0.0,0.8617,1.72,81.27,1838.85,1080.0,21.21
383,3.0,0.0,0.8696,0.0,60.98,1835.57,1080.0,21.22
384,3.0,0.0,0.8862,0.0,43.19,1837.08,1080.0,21.15
385,3.0,0.0,0.8963,0.0,22.57,1827.07,1080.0,20.93
386,,,,,,,,63.39
387,,,,,,,,63.32
388,3.0,0.0,0.1079,0.0,0.0,1869.38,1080.0,14.65
389,3.0,0.0,0.1366,0.0,0.0,1908.5,1080.0,22.97
390,3.0,0.0,0.1282,7.92,0.0,1920.0,1079.33,20.9
391,,,,,,,,29.93
392,3.0,0.0,0.4266,13.65,1.18,1920.0,1057.32,20.12
393,3.0,0.0,0.7331,11.74,1.82,1920.0,1021.34,21.06
394,3.0,0.0,0.6938,11.62,1.88,1920.0,1034.66,20.79
395,3.0,0.0,0.6417,9.93,1.78,1920.0,1039.26,21.18
396,3.0,0.0,0.7461,8.15,1.56,1920.0,1039.28,21.16
397,3.0,0.0,0.7042,8.75,1.4,1920.0,1036.21,20.51
398,3.0,0.0,0.7482,8.18,1.22,1920.0,1033.66,27.32
399,3.0,0.0,0.6484,13.93,1.09,1920.0,1025.77,21.0
400,3.0,0.0,0.7356,10.93,0.96,1920.0,1042.0,21.17
401,3.0,0.0,0.6698,16.82,0.87,1920.0,1032.26,21.15
402,3.0,0.0,0.7142,26.18,0.76,1920.0,1027.4,21.06
403,3.0,0.0,0.7148,25.91,0.68,1920.0,1023.89,21.03
404,3.0,0.0,0.7313,34.63,0.58,1920.0,1022.86,21.17
405,3.0,0.0,0.7495,17.96,2.49,1920.0,1033.99,20.94
406,3.0,0.0,0.7063,24.54,1.17,1920.0,1024.47,21.93
407,3.0,0.0,0.6947,21.18,0.63,1920.0,1022.05,18.78
408,3.0,0.0,0.6373,11.04,0.43,1919.2,1026.49,20.82
409,3.0,0.0,0.6335,7.65,0.32,1917.79,1034.13,21.06
410,3.0,0.0,0.6157,6.38,0.27,1916.51,1034.36,20.92
411,3.0,0.0,0.6686,3.97,0.23,1916.35,1027.04,15.71
412,3.0,0.0,0.6624,4.44,0.19,1917.28,1012.97,20.8
413,3.0,0.0,0.672,2.37,0.18,1916.42,1011.55,20.99
414,3.0,0.0,0.691,1.39,0.17,1916.78,1007.54,20.77
415,3.0,0.0,0.7004,0.89,0.2,1915.89,1002.48,27.32
416,3.0,0.0,0.7305,0.43,0.21,1915.59,1009.11,21.21
417,3.0,0.0,0.7515,0.28,0.21,1912.91,1008.12,15.82
418,3.0,0.0,0.7813,0.85,0.2,1908.41,1005.79,21.03
419,3.0,0.0,0.7887,1.13,0.24,1906.09,1006.1,21.1
420,3.0,0.0,0.8036,1.09,0.16,1904.31,1000.38,15.94
421,3.0,0.0,0.8363,1.31,0.16,1905.05,997.33,16.08
422,3.0,0.0,0.8127,1.41,0.11,1905.27,1007.1,18.47
423,3.0,0.0,0.8424,1.16,0.08,1906.45,1013.16,18.7
424,3.0,0.0,0.8311,1.22,0.1,1906.38,1006.01,21.32
425,3.0,0.0,0.808,2.59,0.05,1907.02,996.49,21.05
426,3.0,0.0,0.7833,6.27,0.01,1908.64,984.86,21.16
427,3.0,0.0,0.7675,5.49,0.0,1905.03,988.09,17.29
428,3.0,0.0,0.7775,21.14,0.0,1902.61,981.71,18.43
429,3.0,0.0,0.7983,22.52,0.0,1896.8,979.36,17.78
430,3.0,0.0,0.787,15.78,0.0,1896.15,958.5,18.76
431,3.0,0.0,0.8088,27.42,0.0,1898.46,953.96,14.49
432,3.0,0.0,0.7847,23.24,0.0,1903.01,947.4,18.75
433,3.0,0.0,0.7321,52.43,0.0,1899.94,951.41,14.98
434,3.0,0.0,0.3759,26.59,0.0,1912.04,1021.59,18.79
435,3.0,0.0,0.5209,18.06,0.0,1914.02,1024.21,18.86
436,3.0,0.0,0.5472,67.73,33.26,1915.28,1026.91,18.76
437,3.0,0.0,0.5539,74.67,41.27,1916.54,1014.99,18.83
438,3.0,0.0,0.4415,55.51,20.81,1912.71,1001.42,18.91
439,3.0,0.0,0.4399,36.76,7.41,1906.49,1015.82,19.8
440,3.0,0.0,0.1116,14.9,2.42,1912.68,1058.58,17.61
441,3.0,0.0,0.1864,31.05,0.54,1874.39,985.67,21.16
442,3.0,0.0,0.4302,12.52,0.0,1661.87,919.86,21.18
443,3.0,0.0,0.3418,6.96,0.0,1638.79,891.95,21.14
444,3.0,0.0,0.4246,6.36,0.0,1646.75,832.04,20.99
445,3.0,0.0,0.5313,4.35,0.0,1594.94,823.87,17.02
446,3.0,0.0,0.3703,10.97,0.0,1731.51,817.73,21.5
447,3.0,0.0,0.4214,8.17,0.0,1575.79,845.27,20.95
448,3.0,0.0,0.5395,3.33,0.0,1496.76,866.75,26.87
449,3.0,0.0,0.52,10.78,1.64,1444.08,858.11,18.88
450,3.0,0.0,0.2767,11.4,0.51,1484.56,859.52,15.8
451,3.0,0.0,0.3095,22.18,17.5,1505.02,862.92,16.93
452,3.0,0.0,0.3442,28.27,6.34,1584.01,872.64,18.89
453,3.0,0.0,0.491,11.86,2.71,1592.51,859.38,15.64
454,3.0,0.0,0.1116,23.72,14.55,1572.31,842.43,21.04
455,3.0,0.0,0.2952,10.96,5.21,1543.56,854.42,21.12
456,,,,,,,,21.16
457,,,,,,,,21.18
458,,,,,,,,21.0
459,,,,,,,,18.1
460,,,,,,,,18.75
461,,,,,,,,18.71
462,,,,,,,,18.59
463,3.0,0.0,0.5428,0.55,0.0,1165.3,871.1,18.81
464,3.0,0.0,0.1696,0.0,0.0,1106.11,848.48,18.74
465,3.0,0.0,0.2274,0.0,0.0,1091.46,834.87,18.63
466,,,,,,,,24.87
467,,,,,,,,18.62
468,,,,,,,,18.6
469,,,,,,,,19.06
470,3.0,0.0,0.5423,0.0,0.0,1486.03,988.69,18.9
471,3.0,0.0,0.3333,0.0,0.0,1538.52,937.11,17.06
472,3.0,0.0,0.4921,3.09,0.0,1773.17,1033.12,19.38
473,3.0,0.0,0.4428,5.09,0.0,1869.71,1066.31,17.08
474,3.0,0.0,0.283,7.05,0.0,1910.14,1064.49,21.08
475,3.0,0.0,0.1075,9.91,0.0,1920.0,1074.61,15.43
476,,,,,,,,63.01
477,,,,,,,,63.15
478,,,,,,,,31.45
479,,,,,,,,38.42
480,,,,,,,,31.79
481,3.0,0.0,0.3904,1.89,0.0,1691.42,967.55,16.27
482,3.0,0.0,0.7592,0.85,0.0,1552.83,889.57,24.7
483,3.0,0.0,0.5659,0.0,0.0,1493.51,867.43,23.62
484,3.0,0.0,0.7592,0.0,0.0,1443.37,870.94,21.12
485,3.0,0.0,0.7461,0.0,0.0,1417.75,880.52,21.15
486,3.0,0.0,0.6983,0.0,0.0,1386.86,894.46,21.06
487,3.0,0.0,0.6285,0.0,0.0,1370.81,912.49,31.72
488,3.0,0.0,0.7152,0.0,0.12,1355.99,926.27,20.83
489,3.0,0.0,0.6105,0.0,0.0,1376.59,896.99,21.07
490,3.0,0.0,0.3501,0.3,0.0,1713.19,913.8,20.28
491,3.0,0.0,0.2691,0.67,0.0,1839.91,935.44,18.73
492,3.0,0.0,0.4619,0.16,0.0,1902.74,954.09,18.74
493,3.0,0.0,0.4141,0.28,0.0,1920.0,938.98,23.17
494,3.0,0.0,0.3199,0.0,0.0,1605.41,921.06,18.85
495,3.0,0.0,0.3849,0.32,0.0,1778.6,914.78,18.88
496,3.0,0.0,0.2815,0.11,0.0,1859.42,927.74,18.87
497,3.0,0.0,0.1988,3.58,0.0,1900.83,947.0,18.87
498,,,,,,,,42.56
499,3.0,0.0,0.1027,6.46,0.0,1903.37,950.33,24.98
500,3.0,0.0,0.1288,3.65,0.0,1838.18,910.41,18.89
501,3.0,0.0,0.1333,8.46,0.0,1843.42,913.1,18.87
502,,,,,,,,35.55
503,3.0,0.0,0.209,17.08,0.0,1861.28,930.31,26.39
504,3.0,0.0,0.192,14.59,0.0,1857.37,936.6,21.19
505,,,,,,,,63.53
506,3.0,0.0,0.2478,8.84,0.0,1617.16,878.83,21.06
507,3.0,0.0,0.149,10.47,0.0,1769.27,866.38,22.16
508,,,,,,,,63.51
509,,,,,,,,63.63
510,3.0,0.0,0.1253,9.27,0.0,1857.92,920.88,21.19
511,3.0,0.0,0.152,10.37,0.0,1887.12,933.6,19.53
512,,,,,,,,41.99
513,3.0,0.0,0.1132,298.37,10.59,1876.67,871.7,16.3
514,,,,,,,,50.41
515,3.0,0.0,0.1323,392.17,12.79,1606.18,837.74,23.84
516,3.0,0.0,0.308,204.39,4.5,1553.99,861.15,21.01
517,,,,,,,,30.72
518,3.0,0.0,0.1094,200.22,1.54,1732.37,841.8,24.09
519,,,,,,,,31.5
520,,,,,,,,62.96
521,,,,,,,,62.87
522,,,,,,,,40.95
523,,,,,,,,41.67
524,,,,,,,,36.8
525,,,,,,,,37.46
526,3.0,0.0,0.1456,76.38,0.0,1856.94,1001.05,18.76
527,,,,,,,,37.45
528,,,,,,,,77.31
529,,,,,,,,71.19
530,,,,,,,,18.94
531,,,,,,,,38.16
532,,,,,,,,72.62
533,,,,,,,,77.11
534,,,,,,,,36.76
535,,,,,,,,37.55
536,,,,,,,,24.95
537,,,,,,,,18.89
538,,,,,,,,24.36
539,,,,,,,,21.84
540,3.0,0.0,0.5366,8.54,1.84,1640.56,1027.69,40.22
541,3.0,0.0,0.4756,3.97,2.04,1606.09,1013.24,28.23
542,3.0,0.0,0.4608,2.51,2.12,1606.37,1005.39,18.87
543,3.0,0.0,0.2933,3.08,2.02,1595.81,1010.34,24.37
544,3.0,0.0,0.3725,5.6,1.86,1603.38,1000.07,31.11
545,3.0,0.0,0.2954,7.65,1.65,1636.7,995.52,31.71
546,,,,,,,,62.25
547,,,,,,,,63.22
548,,,,,,,,178.69
549,,,,,,,,38.66
550,,,,,,,,63.59
551,,,,,,,,63.59
552,,,,,,,,63.5
553,,,,,,,,55.39
554,,,,,,,,76.33
555,,,,,,,,37.04
556,,,,,,,,74.18
557,,,,,,,,75.05
558,,,,,,,,15.09
559,,,,,,,,76.25
560,,,,,,,,24.85
561,,,,,,,,24.92
562,,,,,,,,74.55
563,,,,,,,,78.9
564,,,,,,,,24.75
565,,,,,,,,37.46
566,,,,,,,,24.96
567,,,,,,,,25.07
568,,,,,,,,25.19
569,,,,,,,,27.04
570,,,,,,,,19.76
571,3.0,0.0,0.604,134.4,138.93,1835.65,690.2,18.39
572,3.0,0.0,0.5609,115.93,161.25,1857.46,681.38,24.87
573,3.0,0.0,0.5739,109.8,170.37,1830.12,658.31,24.39
574,3.0,0.0,0.6372,90.88,165.65,1821.91,651.7,31.98
575,3.0,0.0,0.6311,77.32,163.03,1821.2,651.4,31.5
576,3.0,0.0,0.6462,87.8,161.73,1808.37,640.38,31.64
577,3.0,0.0,0.6399,110.29,161.56,1816.99,621.93,31.88
578,3.0,0.0,0.6401,111.59,160.56,1813.76,618.68,21.15
579,3.0,0.0,0.6302,109.78,159.73,1822.3,616.2,21.08
580,3.0,0.0,0.6273,95.64,159.11,1821.88,620.35,31.72
581,3.0,0.0,0.6149,84.8,158.55,1827.99,633.73,24.75
582,3.0,0.0,0.6593,72.05,158.16,1820.85,640.28,24.35
583,3.0,0.0,0.681,84.73,157.94,1815.8,638.37,37.65
584,3.0,0.0,0.6722,92.81,157.66,1793.22,635.14,25.16
585,3.0,0.0,0.6777,103.15,157.65,1797.59,637.1,21.39
586,3.0,0.0,0.6777,94.69,157.37,1796.25,642.8,25.16
587,3.0,0.0,0.6398,92.1,157.85,1810.2,640.74,33.95
588,3.0,0.0,0.6676,96.02,158.81,1834.47,675.58,23.11
589,3.0,0.0,0.6657,104.43,161.29,1818.48,652.63,25.02
590,3.0,0.0,0.6955,108.72,163.99,1832.76,680.12,25.04
591,3.0,0.0,0.6676,94.29,165.85,1816.27,662.43,24.77
592,3.0,0.0,0.7043,91.05,167.39,1810.09,654.95,24.97
593,3.0,0.0,0.6849,85.5,171.11,1802.95,646.94,24.94
594,3.0,0.0,0.6848,85.2,171.27,1800.15,644.79,24.73
595,3.0,0.0,0.6524,83.26,172.59,1788.5,644.09,24.64
596,3.0,0.0,0.6461,84.31,169.96,1791.5,641.38,19.01
597,3.0,0.0,0.6229,107.15,170.62,1799.68,655.37,25.18
598,3.0,0.0,0.6239,113.38,168.7,1783.05,663.16,26.79
599,3.0,0.0,0.5884,112.19,167.57,1792.02,670.31,31.44
600,3.0,0.0,0.5968,101.41,162.37,1767.88,648.13,21.19
601,3.0,0.0,0.509,80.23,164.42,1754.37,654.39,23.46
602,3.0,0.0,0.5301,81.67,162.79,1782.02,672.93,24.86
603,3.0,0.0,0.6031,92.46,162.72,1791.28,680.82,19.02
604,3.0,0.0,0.5728,117.69,162.57,1807.93,683.43,23.31
605,3.0,0.0,0.617,87.72,157.85,1802.87,696.78,21.47
606,3.0,0.0,0.5709,82.42,156.67,1814.34,695.65,18.01
607,3.0,0.0,0.5965,92.78,155.69,1814.54,705.62,24.54
608,3.0,0.0,0.6503,79.67,157.29,1798.17,699.16,20.61
609,3.0,0.0,0.6358,48.34,156.09,1797.0,716.87,18.63
610,3.0,0.0,0.5163,47.51,161.66,1789.19,724.32,25.32
611,3.0,0.0,0.2285,61.26,162.22,1799.02,736.13,18.13
612,3.0,0.0,0.5312,57.49,163.82,1762.49,729.71,25.22
613,3.0,0.0,0.3844,61.94,165.02,1761.87,704.23,18.73
614,3.0,0.0,0.3139,54.81,166.83,1782.74,695.98,25.1
615,3.0,0.0,0.3906,74.27,166.96,1815.38,707.38,25.06
616,3.0,0.0,0.4021,59.55,166.78,1812.19,720.34,23.87
617,3.0,0.0,0.3594,54.52,169.72,1788.22,695.12,18.86
618,3.0,0.0,0.3859,41.32,167.19,1758.13,714.83,18.95
619,3.0,0.0,0.4146,32.22,166.09,1715.15,722.5,24.94
620,3.0,0.0,0.397,31.33,165.54,1675.23,716.94,24.85
621,3.0,0.0,0.4454,23.92,166.39,1713.62,723.98,24.13
622,3.0,0.0,0.3863,14.39,160.06,1722.53,738.81,24.95
623,3.0,0.0,0.3521,31.9,163.05,1708.55,721.82,18.81
624,3.0,0.0,0.3401,43.99,167.16,1695.18,705.67,24.02
625,3.0,0.0,0.4301,31.35,166.83,1612.64,706.56,28.55
626,3.0,0.0,0.2233,63.23,168.37,1644.22,706.11,21.09
627,3.0,0.0,0.3372,69.89,170.1,1624.06,698.46,18.59
628,3.0,0.0,0.2693,79.5,171.96,1612.62,697.6,20.82
629,3.0,0.0,0.2653,70.12,170.03,1563.85,703.77,21.11
630,3.0,0.0,0.1502,149.99,177.05,1719.33,704.74,31.74
631,3.0,0.0,0.2352,154.04,173.42,1716.61,710.48,27.6
632,3.0,0.0,0.1564,142.7,177.75,1712.77,707.89,18.63
633,3.0,0.0,0.1104,198.43,182.22,1755.86,704.93,19.99
634,3.0,0.0,0.114,182.67,174.89,1633.83,708.08,29.67
635,,,,,,,,38.01
636,3.0,0.0,0.3003,72.02,167.07,1567.98,718.03,21.02
637,3.0,0.0,0.1206,66.36,169.54,1702.35,723.19,31.61
638,3.0,0.0,0.1357,39.96,165.75,1629.69,735.74,21.17
639,3.0,0.0,0.2756,17.11,165.47,1648.39,738.61,26.65
640,3.0,0.0,0.3003,7.72,164.36,1672.51,737.16,21.18
641,3.0,0.0,0.2496,16.57,174.52,1718.88,722.01,23.44
642,3.0,0.0,0.2759,10.57,185.51,1707.82,669.13,19.88
643,3.0,0.0,0.2821,21.0,185.39,1757.78,714.22,18.76
644,3.0,0.0,0.4413,16.48,198.23,1687.26,662.61,18.73
645,3.0,0.0,0.3554,31.9,208.79,1703.73,637.74,25.25
646,3.0,0.0,0.2125,28.52,225.66,1709.71,603.48,18.81
647,3.0,0.0,0.2452,41.48,216.73,1694.41,610.93,18.8
648,3.0,0.0,0.1997,25.1,216.79,1658.8,600.47,24.83
649,3.0,0.0,0.3113,17.87,205.61,1632.52,615.18,18.65
650,3.0,0.0,0.2157,16.76,221.51,1672.91,595.01,25.0
651,3.0,0.0,0.1529,18.23,226.33,1709.53,591.12,18.64
652,3.0,0.0,0.1528,17.89,230.05,1694.56,586.4,24.99
653,3.0,0.0,0.1629,19.54,224.03,1720.85,592.25,17.75
654,3.0,0.0,0.2865,30.27,215.31,1680.02,610.14,23.7
655,3.0,0.0,0.257,26.06,207.83,1701.13,619.07,27.27
656,3.0,0.0,0.1312,25.93,215.99,1723.39,607.73,20.97
657,3.0,0.0,0.233,25.63,211.45,1724.03,622.67,21.09
658,3.0,0.0,0.1187,18.08,188.75,1793.03,715.97,20.82
659,3.0,0.0,0.1116,13.02,178.44,1822.8,756.46,21.02
660,3.0,0.0,0.1114,9.27,169.06,1845.33,783.25,21.11
661,3.0,0.0,0.1705,8.47,169.47,1851.64,791.83,28.63
662,3.0,0.0,0.1562,16.08,182.09,1853.44,786.7,18.47
663,3.0,0.0,0.1682,17.93,191.11,1856.63,780.89,19.24
664,3.0,0.0,0.1511,19.03,190.26,1853.15,788.11,23.55
665,3.0,0.0,0.1134,15.09,193.98,1853.05,789.12,21.08
666,,,,,,,,62.63
667,,,,,,,,62.89
668,,,,,,,,63.66
669,,,,,,,,38.65
670,,,,,,,,15.76
671,4.0,0.0,0.7659,232.53,140.07,1524.83,847.36,23.64
672,4.0,0.0,0.7978,247.87,123.39,1521.46,929.03,23.43
673,4.0,0.0,0.8084,221.92,101.58,1519.64,984.77,18.7
674,4.0,0.0,0.7938,172.57,105.45,1500.84,1034.4,18.91
675,4.0,0.0,0.8275,179.32,82.15,1468.06,1036.03,15.09
676,4.0,0.0,0.8154,190.49,109.2,1452.82,1033.32,18.74
677,4.0,0.0,0.799,179.06,120.38,1454.44,1029.82,18.87
678,4.0,0.0,0.8051,166.39,127.5,1449.12,1036.02,18.8
679,4.0,0.0,0.7799,120.19,134.32,1444.02,1051.24,18.65
680,4.0,0.0,0.7756,83.75,130.53,1439.11,1054.08,18.76
681,4.0,0.0,0.7845,65.02,145.78,1429.94,1057.02,15.13
682,4.0,0.0,0.8252,127.64,149.07,1431.7,1041.12,19.68
683,4.0,0.0,0.8357,218.77,145.75,1434.72,1029.61,17.58
684,4.0,0.0,0.8453,241.19,146.29,1437.82,1021.24,23.97
685,4.0,0.0,0.837,267.04,142.43,1441.85,1014.52,21.09
686,4.0,0.0,0.8367,294.79,136.68,1433.5,1012.32,20.89
687,4.0,0.0,0.8356,304.43,134.6,1427.03,1011.69,19.12
688,4.0,0.0,0.8346,309.42,134.68,1425.1,1012.0,24.44
689,4.0,0.0,0.8295,308.89,135.97,1422.97,1009.25,21.1
690,4.0,0.0,0.8234,309.51,136.68,1424.44,1009.46,20.87
691,4.0,0.0,0.8278,309.3,135.28,1425.31,1009.26,18.17
692,4.0,0.0,0.8337,314.11,129.64,1430.17,1013.29,24.66
693,4.0,0.0,0.826,308.61,128.23,1427.36,1008.6,23.77
694,4.0,0.0,0.8257,309.51,132.35,1429.76,1007.26,23.77
695,4.0,0.0,0.8217,303.48,132.46,1427.76,1004.33,20.88
696,4.0,0.0,0.8313,312.75,132.95,1429.36,1002.0,23.98
697,4.0,0.0,0.8195,303.95,133.87,1427.12,1006.74,24.97
698,4.0,0.0,0.8317,313.27,133.54,1428.42,1002.43,31.63
699,4.0,0.0,0.8286,311.86,132.99,1428.82,1006.12,21.15
700,4.0,0.0,0.8301,302.7,126.5,1429.03,1004.96,20.92
701,4.0,0.0,0.8181,300.28,124.89,1432.35,1011.53,23.41
702,4.0,0.0,0.8182,293.36,121.83,1429.27,1009.02,18.86
703,4.0,0.0,0.8128,293.18,117.75,1429.68,1007.66,24.83
704,4.0,0.0,0.8017,285.05,94.59,1434.02,998.01,18.75
705,4.0,0.0,0.8115,284.49,97.5,1431.91,999.02,24.66
706,4.0,0.0,0.8029,292.92,82.11,1456.98,988.87,23.11
707,4.0,0.0,0.8105,278.37,78.52,1467.03,1001.88,18.8
708,4.0,0.0,0.8103,267.1,82.77,1470.92,997.59,25.68
709,4.0,0.0,0.8159,278.36,77.83,1475.61,992.16,18.77
710,4.0,0.0,0.8105,281.11,70.67,1474.9,998.7,25.01
711,4.0,0.0,0.8153,269.63,73.48,1476.42,995.38,19.99
712,4.0,0.0,0.8109,266.49,76.11,1476.57,998.71,18.54
713,4.0,0.0,0.8112,284.57,68.35,1473.1,974.29,19.02
714,4.0,0.0,0.8292,284.65,64.7,1468.65,970.82,21.04
715,4.0,0.0,0.8241,256.74,38.15,1464.89,952.9,20.08
716,4.0,0.0,0.822,238.32,30.87,1455.96,958.07,20.84
717,4.0,0.0,0.8203,233.85,27.38,1453.0,970.99,23.99
718,4.0,0.0,0.8184,245.92,31.08,1452.39,969.46,21.09
719,4.0,0.0,0.8287,243.78,13.19,1467.4,978.43,21.15
720,4.0,0.0,0.8424,241.99,7.63,1473.66,976.44,21.1
721,4.0,0.0,0.732,238.18,2.49,1493.21,973.62,17.35
722,4.0,0.0,0.844,230.47,0.99,1532.12,976.45,18.65
723,4.0,0.0,0.8409,226.38,2.04,1544.63,978.69,19.7
724,4.0,0.0,0.8461,236.97,4.29,1548.81,970.97,23.08
725,4.0,0.0,0.86,348.94,153.79,1804.71,1040.78,12.59
726,4.0,0.0,0.8619,372.76,187.18,1885.55,1060.04,23.58
727,4.0,0.0,0.8622,381.87,207.97,1918.15,1063.4,20.92
728,4.0,0.0,0.8634,384.09,212.58,1920.0,1063.99,21.17
729,4.0,0.0,0.8593,383.04,203.77,1920.0,1069.03,31.39
730,4.0,0.0,0.8626,386.54,209.62,1920.0,1065.53,24.48
731,4.0,0.0,0.8617,382.03,210.73,1920.0,1064.77,18.7
732,4.0,0.0,0.8601,380.6,201.61,1920.0,1066.21,25.21
733,4.0,0.0,0.8613,381.57,203.16,1920.0,1065.97,23.33
734,4.0,0.0,0.8621,384.54,210.86,1920.0,1066.41,25.38
735,4.0,0.0,0.8584,383.91,213.45,1920.0,1066.3,24.82
736,4.0,0.0,0.8608,386.19,224.6,1920.0,1061.89,18.58
737,4.0,0.0,0.8647,385.63,227.95,1920.0,1062.9,18.89
738,4.0,0.0,0.8599,384.61,228.4,1920.0,1064.27,25.77
739,4.0,0.0,0.861,381.01,225.38,1920.0,1068.54,25.24
740,4.0,0.0,0.8584,378.82,224.01,1920.0,1070.42,24.96
741,4.0,0.0,0.8518,378.77,223.67,1920.0,1070.28,18.76
742,4.0,0.0,0.8492,381.93,217.11,1920.0,1073.03,18.73
743,4.0,0.0,0.8458,381.34,211.85,1920.0,1075.04,25.04
744,4.0,0.0,0.8466,380.24,218.75,1920.0,1070.86,28.25
745,4.0,0.0,0.8533,377.74,221.45,1920.0,1069.88,31.25
746,4.0,0.0,0.8476,377.81,223.45,1920.0,1071.28,20.89
747,4.0,0.0,0.8624,376.78,224.18,1920.0,1068.11,21.03
748,4.0,0.0,0.8579,376.81,223.6,1920.0,1066.36,31.7
749,4.0,0.0,0.8548,380.5,225.43,1920.0,1068.83,31.58
750,4.0,0.0,0.8446,380.82,216.03,1919.62,1072.06,20.78
751,4.0,0.0,0.8494,381.58,221.13,1920.0,1069.81,17.92
752,4.0,0.0,0.848,380.38,221.98,1920.0,1071.42,23.18
753,4.0,0.0,0.8524,378.32,211.56,1916.14,1074.15,20.88
754,4.0,0.0,0.853,382.1,206.26,1914.6,1073.28,23.29
755,4.0,0.0,0.8428,343.0,159.77,1890.08,1080.0,21.07
756,4.0,0.0,0.8485,375.35,132.75,1885.23,1080.0,21.2
757,4.0,0.0,0.8695,376.43,115.02,1895.29,1080.0,31.36
758,4.0,0.0,0.8541,370.49,100.93,1908.1,1080.0,21.27
759,4.0,0.0,0.8509,358.46,94.71,1920.0,1078.92,27.01
760,4.0,0.0,0.8582,362.55,101.63,1920.0,1074.77,26.35
761,4.0,0.0,0.8647,361.46,100.01,1920.0,1074.06,22.47
762,4.0,0.0,0.8625,360.45,110.42,1919.42,1070.32,25.19
763,4.0,0.0,0.8657,356.4,117.01,1920.0,1069.57,18.87
764,4.0,0.0,0.8653,356.01,115.35,1920.0,1069.05,24.71
765,4.0,0.0,0.8591,351.35,112.69,1920.0,1070.97,25.08
766,4.0,0.0,0.8544,351.24,108.01,1920.0,1075.16,18.76
767,4.0,0.0,0.855,348.48,107.03,1920.0,1076.11,25.01
768,4.0,0.0,0.8546,348.81,107.13,1920.0,1077.16,24.77
769,4.0,0.0,0.8503,355.11,102.55,1920.0,1078.98,25.17
770,4.0,0.0,0.8557,356.56,99.82,1920.0,1078.43,18.65
771,4.0,0.0,0.8556,359.26,92.68,1920.0,1077.15,24.81
772,4.0,0.0,0.8516,359.16,91.19,1920.0,1077.57,24.99
773,4.0,0.0,0.8518,360.21,97.17,1920.0,1078.61,18.71
774,4.0,0.0,0.8571,370.12,99.32,1920.0,1078.67,23.57
775,4.0,0.0,0.8512,362.62,98.78,1920.0,1078.28,23.84
776,4.0,0.0,0.8541,357.87,98.19,1920.0,1078.52,21.06
777,4.0,0.0,0.8564,370.8,104.09,1920.0,1079.09,21.03
778,4.0,0.0,0.8572,364.93,105.69,1920.0,1078.75,23.77
779,4.0,0.0,0.8557,361.82,96.34,1920.0,1078.14,21.03
780,4.0,0.0,0.8554,356.12,94.36,1920.0,1079.13,28.12
781,4.0,0.0,0.8522,357.38,93.7,1920.0,1079.55,26.26
782,4.0,0.0,0.858,360.59,94.81,1920.0,1078.81,18.71
783,4.0,0.0,0.8515,359.0,91.97,1920.0,1079.24,23.95
784,4.0,0.0,0.8603,372.61,100.47,1920.0,1078.19,27.46
785,4.0,0.0,0.8615,368.34,108.48,1920.0,1074.96,21.47
786,4.0,0.0,0.8622,370.05,109.02,1920.0,1075.57,26.82
787,4.0,0.0,0.8552,374.62,99.47,1920.0,1077.38,23.86
788,4.0,0.0,0.8567,366.98,99.77,1920.0,1077.01,21.14
789,4.0,0.0,0.8545,364.92,103.19,1920.0,1078.81,21.14
790,4.0,0.0,0.8595,374.06,101.88,1920.0,1080.0,23.14
791,4.0,0.0,0.863,378.81,99.7,1920.0,1079.93,18.94
792,4.0,0.0,0.8598,380.39,99.63,1920.0,1079.99,25.32
793,4.0,0.0,0.8644,373.9,109.9,1920.0,1074.75,24.84
794,4.0,0.0,0.8612,378.16,106.67,1920.0,1076.67,18.69
795,4.0,0.0,0.8675,368.71,112.39,1919.94,1072.52,25.05
796,4.0,0.0,0.8836,359.84,106.7,1913.76,1070.88,19.77
797,4.0,0.0,0.8646,355.02,116.36,1917.3,1072.62,18.58
798,4.0,0.0,0.8746,363.36,123.9,1918.61,1071.54,25.02
799,4.0,0.0,0.867,368.71,112.63,1919.91,1074.63,24.76
800,4.0,0.0,0.8645,363.78,111.2,1919.72,1075.22,18.74
801,4.0,0.0,0.8736,369.35,117.89,1919.62,1076.18,18.72
802,4.0,0.0,0.8646,364.5,113.85,1919.64,1075.51,24.99
803,4.0,0.0,0.8653,370.01,110.48,1920.0,1078.55,19.8
804,4.0,0.0,0.8618,359.55,109.04,1919.67,1079.22,17.86
805,4.0,0.0,0.8607,352.56,105.54,1919.8,1079.7,36.15
806,4.0,0.0,0.8656,365.65,106.36,1919.72,1077.43,21.13
807,4.0,0.0,0.8611,362.3,104.15,1919.7,1077.62,18.47
808,4.0,0.0,0.8619,357.18,107.46,1919.57,1078.87,31.67
809,4.0,0.0,0.8672,367.18,109.91,1919.65,1076.82,25.04
810,4.0,0.0,0.8706,360.57,116.1,1919.07,1077.09,21.07
811,4.0,0.0,0.8711,358.9,119.61,1919.13,1076.51,23.85
812,4.0,0.0,0.8596,370.9,113.09,1919.62,1079.7,25.18
813,4.0,0.0,0.8383,348.71,106.01,1919.75,1080.0,20.5
814,4.0,0.0,0.826,350.67,104.54,1919.58,1080.0,27.91
815,4.0,0.0,0.8245,356.81,105.11,1919.21,1080.0,31.77
816,4.0,0.0,0.8273,358.99,110.16,1919.09,1080.0,32.41
817,4.0,0.0,0.8274,358.89,112.67,1919.22,1079.88,21.22
818,4.0,0.0,0.8063,351.12,100.75,1919.37,1079.39,21.15
819,4.0,0.0,0.8187,352.35,102.63,1919.54,1079.33,27.51
820,4.0,0.0,0.8197,353.6,96.89,1919.57,1079.95,31.62
821,4.0,0.0,0.8462,360.38,113.87,1918.81,1080.0,24.99
822,4.0,0.0,0.8572,365.49,121.6,1918.1,1080.0,24.78
823,4.0,0.0,0.8559,367.52,124.31,1918.14,1078.5,18.76
824,4.0,0.0,0.8436,367.55,124.21,1918.66,1076.83,18.64
825,4.0,0.0,0.8422,366.67,114.75,1918.56,1078.97,25.09
826,4.0,0.0,0.8453,370.52,117.93,1919.0,1079.93,25.0
827,4.0,0.0,0.8449,372.77,117.63,1919.11,1079.76,24.83
828,4.0,0.0,0.8386,374.64,119.09,1919.05,1079.82,18.69
829,4.0,0.0,0.8294,378.48,117.82,1918.96,1080.0,24.78
830,4.0,0.0,0.8283,379.35,117.64,1918.92,1079.73,25.05
831,4.0,0.0,0.8493,377.82,118.99,1919.06,1079.41,25.48
832,4.0,0.0,0.8387,371.21,114.11,1918.95,1079.45,25.04
833,4.0,0.0,0.8413,377.9,119.37,1919.18,1080.0,25.29
834,4.0,0.0,0.8365,374.8,119.31,1918.69,1079.81,19.33
835,4.0,0.0,0.8429,374.46,118.52,1918.94,1079.33,18.56
836,4.0,0.0,0.8458,370.93,119.95,1919.22,1079.48,33.59
837,4.0,0.0,0.8436,370.0,123.83,1919.4,1079.91,31.83
838,4.0,0.0,0.8463,369.01,125.53,1919.56,1079.96,31.67
839,4.0,0.0,0.8342,370.76,127.59,1919.37,1080.0,38.57
840,4.0,0.0,0.8486,368.82,127.55,1919.21,1079.94,21.15
841,4.0,0.0,0.3528,739.42,166.83,1821.17,998.91,12.26
842,4.0,0.0,0.353,809.36,162.36,1895.12,1017.71,20.2
843,4.0,0.0,0.2959,833.9,171.37,1920.0,1022.38,27.89
844,4.0,0.0,0.2749,842.08,178.36,1920.0,1018.24,31.68
845,4.0,0.0,0.2592,844.49,185.06,1920.0,1013.04,27.09
846,4.0,0.0,0.27,844.96,182.52,1920.0,1008.05,21.09
847,4.0,0.0,0.3013,848.5,179.29,1920.0,1004.91,20.7
848,4.0,0.0,0.3277,847.97,175.67,1920.0,1006.34,30.49
849,4.0,0.0,0.3366,852.28,177.15,1920.0,1010.99,30.35
850,4.0,0.0,0.2711,848.89,185.58,1920.0,1012.03,19.69
851,4.0,0.0,0.3175,851.55,184.31,1920.0,1013.23,25.4
852,4.0,0.0,0.2943,851.28,187.93,1920.0,1014.19,25.42
853,4.0,0.0,0.3766,848.37,175.03,1920.0,1015.1,18.67
854,4.0,0.0,0.3169,844.02,179.31,1920.0,1010.45,24.89
855,4.0,0.0,0.2736,962.84,190.72,1920.0,987.38,25.13
856,4.0,0.0,0.2526,983.99,191.14,1920.0,972.91,18.75
857,4.0,0.0,0.2565,909.29,176.76,1920.0,973.57,24.45
858,4.0,0.0,0.2638,986.58,185.09,1920.0,970.19,26.56
859,4.0,0.0,0.2866,1034.9,189.57,1920.0,974.5,25.46
860,4.0,0.0,0.2823,1053.89,189.91,1920.0,975.94,23.12
861,4.0,0.0,0.277,1069.03,184.87,1920.0,965.82,24.72
862,4.0,0.0,0.2925,1094.53,193.45,1920.0,953.41,24.78
863,4.0,0.0,0.2793,1084.19,187.81,1920.0,955.04,24.93
864,4.0,0.0,0.2612,1091.69,202.19,1920.0,943.33,17.83
865,4.0,0.0,0.266,1070.07,197.16,1920.0,963.21,26.44
866,4.0,0.0,0.2523,1085.09,198.89,1920.0,951.36,25.08
867,4.0,0.0,0.2384,946.62,181.02,1920.0,966.45,20.65
868,4.0,0.0,0.2564,1026.53,181.77,1920.0,957.23,22.04
869,4.0,0.0,0.2705,1072.5,193.28,1920.0,952.81,21.39
870,4.0,0.0,0.261,1032.97,189.69,1920.0,976.95,23.03
871,4.0,0.0,0.2386,1004.86,187.83,1920.0,982.5,23.43
872,4.0,0.0,0.2797,901.41,168.57,1920.0,994.61,25.34
873,4.0,0.0,0.2378,957.86,177.98,1920.0,995.53,18.4
874,4.0,0.0,0.2345,885.37,178.49,1920.0,996.8,24.73
875,4.0,0.0,0.2333,947.04,181.47,1920.0,991.32,19.59
876,4.0,0.0,0.2367,984.39,186.22,1920.0,996.46,18.59
877,4.0,0.0,0.2478,895.93,175.54,1920.0,999.77,19.83
878,4.0,0.0,0.2557,865.52,167.11,1920.0,1000.9,21.04
879,4.0,0.0,0.2529,852.52,170.17,1920.0,1000.78,21.15
880,4.0,0.0,0.2706,846.23,167.92,1920.0,996.08,21.2
881,4.0,0.0,0.2676,841.56,172.03,1920.0,997.29,25.02
882,4.0,0.0,0.2525,844.83,167.44,1920.0,996.25,18.74
883,4.0,0.0,0.2615,845.54,166.66,1920.0,997.03,25.44
884,4.0,0.0,0.2575,843.12,160.43,1920.0,998.22,24.75
885,4.0,0.0,0.1156,779.33,178.81,1919.56,1014.12,19.05
886,4.0,0.0,0.1202,760.66,187.01,1919.34,1020.08,25.45
887,4.0,0.0,0.1238,765.14,195.65,1919.47,1016.65,19.75
888,4.0,0.0,0.1018,793.36,223.62,1919.17,915.21,18.93
889,4.0,0.0,0.2189,964.68,206.67,1919.62,929.29,25.17
890,4.0,0.0,0.2399,1043.17,200.84,1919.85,934.93,25.07
891,4.0,0.0,0.2465,1083.13,201.65,1920.0,936.11,24.72
892,4.0,0.0,0.2079,944.68,187.56,1920.0,958.29,18.73
893,4.0,0.0,0.2445,1046.73,195.6,1920.0,943.91,18.16
894,4.0,0.0,0.2318,1092.49,198.39,1920.0,935.57,28.63
895,4.0,0.0,0.2415,1096.97,195.07,1919.99,938.15,24.05
896,4.0,0.0,0.254,1103.96,193.23,1920.0,939.42,21.18
897,4.0,0.0,0.2551,1099.65,184.14,1920.0,942.79,23.71
898,4.0,0.0,0.2453,1092.56,186.08,1920.0,939.05,23.95
899,4.0,0.0,0.2381,1067.87,181.59,1919.98,961.37,21.07
900,4.0,0.0,0.2433,1069.38,183.36,1919.93,967.95,31.47
901,4.0,0.0,0.2538,1057.82,186.05,1919.92,972.49,22.76
902,4.0,0.0,0.1129,1103.22,186.24,1919.91,932.14,18.62
903,4.0,0.0,0.3234,932.28,190.4,1919.89,960.74,22.5
904,4.0,0.0,0.3313,879.0,195.74,1919.89,972.07,28.12
905,4.0,0.0,0.2808,849.62,200.01,1919.89,972.55,23.93
906,4.0,0.0,0.3,837.73,200.11,1920.0,979.59,21.14
907,4.0,0.0,0.3092,836.06,194.88,1920.0,991.85,21.19
908,4.0,0.0,0.3053,835.27,199.73,1920.0,992.25,23.96
909,4.0,0.0,0.3075,836.13,201.89,1920.0,994.54,21.05
910,4.0,0.0,0.2888,830.33,204.14,1919.9,991.63,20.94
911,4.0,0.0,0.2903,818.18,189.01,1919.75,990.86,18.95
912,4.0,0.0,0.391,818.9,173.95,1919.59,999.13,25.19
913,4.0,0.0,0.301,822.34,186.82,1919.3,1003.71,18.9
914,4.0,0.0,0.3015,811.23,193.12,1919.03,1006.12,23.36
915,4.0,0.0,0.1956,844.04,195.65,1919.12,985.82,25.09
916,4.0,0.0,0.1684,873.37,204.24,1919.65,985.3,18.71
917,4.0,0.0,0.1846,880.45,205.09,1920.0,979.49,25.03
918,4.0,0.0,0.1938,900.79,206.39,1920.0,976.99,24.77
919,4.0,0.0,0.1869,900.45,205.94,1920.0,983.22,18.87
920,4.0,0.0,0.1962,888.01,205.98,1920.0,984.26,23.07
921,4.0,0.0,0.1895,878.17,204.97,1920.0,982.64,25.19
922,,,,,,,,15.11
923,,,,,,,,14.39
924,,,,,,,,18.72
925,,,,,,,,17.48
926,,,,,,,,15.87
927,,,,,,,,17.39
928,,,,,,,,15.84
929,,,,,,,,21.12
930,,,,,,,,18.76
931,,,,,,,,17.54
932,,,,,,,,17.96
933,,,,,,,,25.58
934,,,,,,,,63.58
935,,,,,,,,63.49
936,,,,,,,,63.02
937,,,,,,,,46.27
938,,,,,,,,17.59
939,,,,,,,,23.6
940,,,,,,,,23.49
941,,,,,,,,16.2
942,,,,,,,,59.78
943,,,,,,,,14.9
944,,,,,,,,18.62
945,,,,,,,,15.12
946,,,,,,,,14.97
947,,,,,,,,15.0
948,,,,,,,,18.75
949,,,,,,,,17.83
950,,,,,,,,15.01
951,6.0,0.0,0.7962,19.87,2.55,1919.56,1077.74,18.65
952,6.0,0.0,0.7863,26.63,2.6,1920.0,1077.42,18.58
953,6.0,0.0,0.7978,74.88,1.75,1920.0,1072.63,18.92
954,6.0,0.0,0.8478,156.01,0.92,1920.0,1078.95,14.9
955,6.0,0.0,0.8395,240.24,0.92,1918.96,1080.0,21.12
956,6.0,0.0,0.8527,328.49,1.52,1913.64,1080.0,17.46
957,6.0,0.0,0.8387,371.97,2.06,1898.6,1071.21,21.02
958,6.0,0.0,0.8582,412.61,3.19,1888.8,1067.05,21.16
959,6.0,0.0,0.8693,451.52,0.0,1886.2,1069.55,21.24
960,6.0,0.0,0.8528,457.99,0.0,1880.28,1068.41,21.39
961,6.0,0.0,0.8612,443.49,0.0,1876.35,1055.33,20.76
962,6.0,0.0,0.8766,418.51,0.0,1887.5,1050.88,18.61
963,6.0,0.0,0.8428,404.21,0.0,1895.04,1049.92,18.63
964,6.0,0.0,0.8586,387.73,0.0,1902.12,1054.34,21.41
965,6.0,0.0,0.8199,376.22,0.0,1903.09,1061.51,16.39
966,6.0,0.0,0.9025,350.24,0.0,1913.68,1065.38,21.05
967,6.0,0.0,0.8923,346.58,0.0,1911.68,1062.22,21.45
968,6.0,0.0,0.876,348.41,0.0,1911.63,1061.65,21.16
969,6.0,0.0,0.8406,360.44,0.0,1910.83,1070.82,22.94
970,6.0,0.0,0.8587,376.52,0.0,1912.7,1080.0,18.88
971,6.0,0.0,0.8558,382.74,0.0,1913.22,1076.57,18.43
972,6.0,0.0,0.8682,387.45,0.0,1912.39,1070.66,18.6
973,6.0,0.0,0.8564,396.84,0.0,1914.4,1057.48,18.79
974,6.0,0.0,0.8649,400.63,2.63,1906.21,1053.92,18.73
975,6.0,0.0,0.85,407.59,6.75,1897.3,1057.29,18.87
976,6.0,0.0,0.8376,410.89,10.1,1895.23,1062.01,18.91
977,6.0,0.0,0.8392,414.53,10.56,1897.5,1066.45,18.54
978,6.0,0.0,0.8401,420.3,8.95,1899.99,1062.3,22.46
979,6.0,0.0,0.8476,421.79,6.5,1902.7,1064.35,18.56
980,6.0,0.0,0.8464,423.77,4.01,1905.57,1068.68,18.64
981,6.0,0.0,0.8425,422.97,2.1,1907.68,1067.5,18.23
982,6.0,0.0,0.8404,430.04,1.34,1907.51,1062.6,23.49
983,6.0,0.0,0.8306,431.54,0.86,1907.34,1061.83,20.95
984,6.0,0.0,0.8319,434.41,0.0,1909.46,1070.07,21.17
985,6.0,0.0,0.8281,446.04,0.0,1909.15,1074.07,21.2
986,6.0,0.0,0.8226,461.25,0.0,1916.31,1079.81,21.18
987,6.0,0.0,0.8266,467.53,0.0,1917.42,1080.0,23.79
988,6.0,0.0,0.8341,471.48,0.0,1917.42,1080.0,17.79
989,6.0,0.0,0.8152,474.1,0.27,1917.19,1079.74,20.97
990,6.0,0.0,0.8237,475.03,0.28,1917.44,1079.39,21.0
991,6.0,0.0,0.8276,474.61,0.0,1918.35,1079.34,22.43
992,6.0,0.0,0.833,474.02,0.0,1918.75,1079.19,18.52
993,6.0,0.0,0.829,474.64,0.0,1918.5,1079.22,18.95
994,6.0,0.0,0.8101,475.7,0.25,1918.26,1079.23,21.01
995,6.0,0.0,0.8214,479.51,0.69,1917.99,1079.26,27.07
996,6.0,0.0,0.8314,480.75,0.95,1917.71,1079.21,21.11
997,6.0,0.0,0.8345,481.53,1.14,1917.42,1079.24,25.03
998,6.0,0.0,0.8342,482.67,1.05,1917.56,1079.36,21.03
999,6.0,0.0,0.8275,482.66,1.01,1917.62,1079.44,25.26
1000,6.0,0.0,0.821,482.08,0.82,1917.81,1079.52,18.74
1001,6.0,0.0,0.8162,482.73,0.73,1917.88,1079.48,19.85
1002,6.0,0.0,0.8289,484.55,0.57,1918.13,1079.52,18.7
1003,6.0,0.0,0.8348,484.21,0.53,1918.27,1079.54,18.83
1004,6.0,0.0,0.8301,483.82,0.32,1918.34,1079.61,18.88
1005,6.0,0.0,0.8288,485.27,0.16,1918.61,1079.65,24.78
1006,6.0,0.0,0.8317,485.5,0.0,1918.71,1079.56,19.01
1007,6.0,0.0,0.837,485.63,0.0,1918.73,1078.89,18.75
1008,6.0,0.0,0.8369,484.68,0.0,1918.85,1079.65,25.63
1009,6.0,0.0,0.8388,484.86,0.0,1918.45,1077.75,18.9
1010,6.0,0.0,0.8449,483.52,0.0,1918.26,1077.93,24.97
1011,6.0,0.0,0.8475,484.17,0.0,1918.1,1077.37,18.76
1012,6.0,0.0,0.8477,485.33,0.0,1917.94,1075.78,20.74
1013,6.0,0.0,0.8448,488.61,0.0,1917.89,1075.18,28.24
1014,6.0,0.0,0.8427,490.32,0.0,1918.04,1071.66,21.59
1015,6.0,0.0,0.8404,490.17,0.0,1918.14,1067.8,21.17
1016,6.0,0.0,0.842,484.26,0.0,1917.97,1070.61,21.13
1017,6.0,0.0,0.838,484.51,0.0,1917.92,1072.48,23.76
1018,6.0,0.0,0.8424,486.8,0.0,1917.95,1073.81,21.17
1019,6.0,0.0,0.8387,487.5,0.0,1917.86,1074.77,31.58
1020,6.0,0.0,0.8332,487.28,0.12,1917.77,1072.27,21.11
1021,6.0,0.0,0.8246,483.77,0.35,1917.61,1071.16,24.8
1022,6.0,0.0,0.8275,481.91,0.33,1917.6,1071.15,18.59
1023,6.0,0.0,0.8221,480.65,0.33,1917.67,1072.33,20.38
1024,6.0,0.0,0.8308,483.01,0.29,1917.76,1071.5,28.2
1025,6.0,0.0,0.8394,483.83,0.26,1917.79,1069.71,20.32
1026,6.0,0.0,0.8399,482.89,0.12,1917.96,1069.13,30.02
1027,6.0,0.0,0.832,482.22,0.11,1918.12,1068.42,21.19
1028,6.0,0.0,0.8338,481.31,0.06,1918.21,1068.53,31.67
1029,6.0,0.0,0.8337,481.95,0.11,1918.17,1068.53,20.98
1030,6.0,0.0,0.8371,480.91,0.09,1918.14,1070.1,20.96
1031,6.0,0.0,0.8317,479.89,0.15,1917.96,1069.79,25.12
1032,6.0,0.0,0.4228,224.64,138.05,1916.04,1060.76,15.12
1033,6.0,0.0,0.4177,126.98,134.89,1916.33,1075.01,24.78
1034,6.0,0.0,0.4233,86.66,133.38,1916.46,1080.0,18.87
1035,6.0,0.0,0.4293,78.44,131.88,1916.82,1080.0,24.75
1036,6.0,0.0,0.4264,75.23,132.48,1916.68,1080.0,18.61
1037,6.0,0.0,0.4208,78.64,132.05,1916.62,1080.0,24.68
1038,6.0,0.0,0.4102,80.8,129.85,1917.13,1080.0,19.66
1039,6.0,0.0,0.4235,84.33,130.06,1917.22,1080.0,18.78
1040,6.0,0.0,0.4094,84.43,129.24,1917.0,1080.0,18.73
1041,6.0,0.0,0.4185,84.34,129.81,1916.86,1080.0,25.18
1042,6.0,0.0,0.4098,85.87,129.33,1916.86,1080.0,25.34
1043,6.0,0.0,0.4083,88.67,127.92,1916.83,1080.0,17.58
1044,6.0,0.0,0.3978,89.12,127.68,1916.7,1080.0,33.63
1045,6.0,0.0,0.388,85.27,128.57,1916.68,1080.0,21.15
1046,6.0,0.0,0.4459,80.7,132.96,1916.39,1080.0,26.73
1047,6.0,0.0,0.3575,100.58,130.83,1916.89,1080.0,21.05
1048,6.0,0.0,0.3706,106.51,125.04,1916.79,1080.0,21.21
1049,6.0,0.0,0.3833,108.5,119.85,1916.31,1080.0,21.14
1050,6.0,0.0,0.399,105.22,119.28,1916.23,1080.0,21.2
1051,6.0,0.0,0.5576,29.7,247.78,1535.3,1069.93,20.41
1052,6.0,0.0,0.4795,10.03,287.61,1378.42,1078.23,25.49
1053,6.0,0.0,0.4894,5.99,315.98,1336.98,1080.0,18.94
1054,6.0,0.0,0.5829,2.67,325.98,1327.38,1080.0,17.19
1055,6.0,0.0,0.5712,3.02,326.83,1321.18,1080.0,21.09
1056,6.0,0.0,0.5654,3.05,325.09,1321.48,1080.0,20.95
1057,6.0,0.0,0.5576,2.42,324.82,1322.55,1080.0,21.15
1058,6.0,0.0,0.5613,3.19,325.67,1324.1,1080.0,23.79
1059,6.0,0.0,0.5724,2.37,324.77,1326.92,1080.0,20.86
1060,6.0,0.0,0.5576,2.47,323.47,1328.86,1080.0,22.78
1061,6.0,0.0,0.5654,3.18,323.17,1330.29,1080.0,25.24
1062,6.0,0.0,0.5753,2.7,321.8,1336.56,1080.0,18.76
1063,6.0,0.0,0.4376,2.74,309.25,1332.03,1079.06,25.51
1064,6.0,0.0,0.4216,4.81,296.79,1325.12,1080.0,18.74
1065,6.0,0.0,0.428,5.53,295.85,1325.95,1080.0,24.8
1066,6.0,0.0,0.3989,5.87,293.77,1327.06,1080.0,25.26
1067,6.0,0.0,0.4492,6.68,295.6,1327.8,1080.0,25.07
1068,6.0,0.0,0.4712,8.34,299.1,1327.73,1080.0,18.96
1069,6.0,0.0,0.5037,9.25,301.81,1328.96,1080.0,25.33
1070,6.0,0.0,0.5097,42.72,198.64,1716.54,1080.0,25.43
1071,6.0,0.0,0.511,54.66,158.46,1852.8,1080.0,18.76
1072,6.0,0.0,0.5087,58.94,140.37,1910.43,1080.0,23.45
1073,6.0,0.0,0.4912,63.68,138.22,1920.0,1080.0,25.02
1074,6.0,0.0,0.4865,67.74,138.37,1920.0,1080.0,21.67
1075,6.0,0.0,0.5082,30.99,245.26,1564.63,1080.0,24.71
1076,6.0,0.0,0.4823,15.0,288.78,1404.72,1080.0,31.47
1077,6.0,0.0,0.4751,10.15,304.39,1352.15,1080.0,31.16
1078,6.0,0.0,0.4562,7.42,307.43,1334.31,1080.0,31.69
1079,6.0,0.0,0.4377,6.61,308.2,1327.96,1079.93,21.16
1080,6.0,0.0,0.4081,6.59,305.59,1326.85,1079.93,19.07
1081,6.0,0.0,0.4601,6.21,307.43,1326.65,1080.0,24.85
1082,6.0,0.0,0.4631,6.28,308.21,1327.32,1079.99,24.68
1083,6.0,0.0,0.5038,41.26,195.03,1718.19,1080.0,19.35
1084,6.0,0.0,0.495,55.0,153.36,1854.38,1080.0,21.53
1085,6.0,0.0,0.4886,62.33,137.34,1911.57,1080.0,20.96
1086,6.0,0.0,0.4996,64.01,131.87,1920.0,1079.97,31.94
1087,6.0,0.0,0.5144,64.77,130.09,1920.0,1079.94,31.48
1088,6.0,0.0,0.5146,65.12,129.07,1920.0,1079.97,31.79
1089,6.0,0.0,0.502,71.41,124.92,1920.0,1080.0,21.05
1090,6.0,0.0,0.3688,89.09,115.71,1920.0,1080.0,27.23
1091,6.0,0.0,0.5558,43.18,254.12,1544.06,1080.0,20.41
1092,6.0,0.0,0.4945,82.58,190.98,1794.71,1080.0,24.91
1093,6.0,0.0,0.5459,44.31,324.77,1511.56,1080.0,18.82
1094,6.0,0.0,0.58,17.07,379.85,1387.63,1079.27,24.93
1095,6.0,0.0,0.5921,6.13,400.04,1343.83,1073.11,25.3
1096,6.0,0.0,0.7037,0.0,146.27,1727.93,1080.0,15.05
1097,6.0,0.0,0.7032,0.0,47.33,1851.88,990.41,24.95
1098,6.0,0.0,0.6908,0.0,11.08,1907.69,955.85,25.24
1099,6.0,0.0,0.6875,0.0,0.0,1920.0,946.23,25.27
1100,6.0,0.0,0.691,0.0,0.0,1920.0,944.44,18.84
1101,6.0,0.0,0.6939,0.0,0.0,1920.0,945.54,23.34
1102,6.0,0.0,0.6939,0.0,0.0,1920.0,945.87,25.14
1103,6.0,0.0,0.7002,0.0,0.0,1920.0,946.36,24.97
1104,6.0,0.0,0.703,0.0,0.0,1920.0,948.34,21.11
1105,6.0,0.0,0.7004,0.0,0.0,1920.0,951.06,26.0
1106,6.0,0.0,0.6954,0.0,0.0,1920.0,952.96,21.2
1107,6.0,0.0,0.6971,0.0,0.0,1920.0,953.23,20.97
1108,6.0,0.0,0.694,0.0,0.0,1920.0,955.36,31.57
1109,6.0,0.0,0.6965,0.0,0.0,1920.0,956.3,25.71
1110,6.0,0.0,0.6999,0.0,0.0,1920.0,957.35,31.43
1111,6.0,0.0,0.7055,0.0,0.0,1920.0,958.63,23.85
1112,6.0,0.0,0.7069,0.0,0.0,1920.0,960.6,25.01
1113,6.0,0.0,0.7057,0.0,0.0,1920.0,962.28,20.62
1114,6.0,0.0,0.7072,0.0,0.0,1920.0,962.2,25.63
1115,6.0,0.0,0.7138,0.0,0.0,1920.0,963.44,31.69
1116,6.0,0.0,0.7145,0.0,0.95,1920.0,964.15,21.1
1117,6.0,0.0,0.7043,0.0,2.19,1920.0,965.3,26.98
1118,6.0,0.0,0.6932,0.0,4.63,1920.0,965.55,26.9
1119,6.0,0.0,0.6905,0.0,4.47,1920.0,967.87,23.52
1120,6.0,0.0,0.6856,0.0,3.44,1920.0,969.11,25.58
1121,6.0,0.0,0.6827,0.0,0.99,1920.0,967.53,25.11
1122,6.0,0.0,0.6756,0.0,0.15,1920.0,966.38,25.21
1123,6.0,0.0,0.6808,0.0,0.0,1920.0,966.8,25.02
1124,6.0,0.0,0.682,0.0,0.9,1920.0,967.32,18.93
1125,6.0,0.0,0.6925,0.0,0.79,1920.0,972.39,25.42
1126,6.0,0.0,0.7011,0.0,1.1,1919.97,977.48,19.12
1127,6.0,0.0,0.7048,0.0,1.5,1919.84,980.72,25.02
1128,6.0,0.0,0.7054,0.0,1.27,1919.79,980.67,25.01
1129,6.0,0.0,0.7077,0.0,2.62,1919.67,980.64,25.0
1130,6.0,0.0,0.7064,0.0,4.52,1919.56,981.23,18.74
1131,6.0,0.0,0.6954,0.0,5.87,1919.27,979.86,18.64
1132,6.0,0.0,0.6916,0.0,6.47,1919.1,978.12,25.32
1133,6.0,0.0,0.6876,0.0,7.03,1919.0,974.0,24.99
1134,6.0,0.0,0.6929,0.0,6.25,1918.97,973.18,24.75
1135,6.0,0.0,0.6849,0.0,4.66,1918.97,969.2,26.42
1136,6.0,0.0,0.6913,0.0,4.4,1918.96,968.76,25.64
1137,6.0,0.0,0.6822,0.0,6.65,1918.85,971.36,20.03
1138,6.0,0.0,0.6914,0.0,5.55,1918.94,972.44,27.06
1139,6.0,0.0,0.6918,0.0,5.45,1918.91,973.79,23.98
1140,6.0,0.0,0.697,0.0,4.17,1918.96,974.6,21.07
1141,6.0,0.0,0.6874,0.0,5.28,1918.88,970.61,20.8
1142,6.0,0.0,0.6907,0.0,5.41,1918.83,968.61,18.75
1143,6.0,0.0,0.6833,0.0,3.03,1918.85,966.26,18.96
1144,6.0,0.0,0.6848,0.0,3.18,1918.84,965.94,21.45
1145,6.0,0.0,0.6865,0.0,2.56,1918.83,964.15,31.46
1146,6.0,0.0,0.6904,0.0,1.85,1918.83,963.15,21.12
1147,6.0,0.0,0.6962,0.0,0.51,1918.89,964.41,20.72
1148,6.0,0.0,0.6998,0.0,0.02,1918.96,966.58,25.29
1149,6.0,0.0,0.7022,0.0,0.0,1919.01,966.5,26.18
1150,6.0,0.0,0.6908,0.0,0.0,1918.96,965.4,22.45
1151,6.0,0.0,0.6835,0.0,0.0,1918.78,964.65,24.98
1152,6.0,0.0,0.6772,0.0,1.16,1918.69,964.96,19.86
1153,6.0,0.0,0.6828,0.0,0.35,1918.71,967.6,18.6
1154,6.0,0.0,0.6848,0.0,0.04,1918.79,969.91,18.6
1155,6.0,0.0,0.6888,0.0,0.0,1918.84,968.58,25.28
1156,6.0,0.0,0.6893,0.0,0.0,1918.77,970.68,25.45
1157,6.0,0.0,0.6981,0.0,0.0,1918.88,970.7,24.6
1158,6.0,0.0,0.7134,0.0,0.0,1919.1,971.17,18.89
1159,6.0,0.0,0.7121,0.0,0.0,1919.15,970.36,23.17
1160,6.0,0.0,0.7008,0.0,0.0,1918.94,968.41,25.23
1161,6.0,0.0,0.695,0.0,0.0,1918.87,968.39,25.25
1162,6.0,0.0,0.6908,0.0,1.8,1918.77,967.38,25.24
1163,6.0,0.0,0.6878,0.0,3.47,1918.69,965.38,18.75
1164,6.0,0.0,0.6852,0.0,5.05,1918.61,964.01,18.1
1165,6.0,0.0,0.6868,0.0,5.19,1918.55,963.06,25.25
1166,6.0,0.0,0.6843,0.0,5.84,1918.51,962.4,21.21
1167,6.0,0.0,0.6932,0.0,3.54,1918.59,962.98,33.43
1168,6.0,0.0,0.6953,0.0,2.33,1918.63,964.1,21.15
1169,6.0,0.0,0.6921,0.0,2.65,1918.61,964.31,21.1
1170,6.0,0.0,0.6912,0.0,2.82,1918.62,965.12,27.03
1171,6.0,0.0,0.6912,0.0,2.7,1918.63,966.43,25.64
1172,6.0,0.0,0.6939,0.0,2.32,1918.66,968.79,18.89
1173,6.0,0.0,0.6937,0.0,1.7,1918.73,973.3,17.84
1174,6.0,0.0,0.694,0.0,0.77,1918.82,974.48,31.36
1175,6.0,0.0,0.6969,0.0,0.2,1918.93,974.93,20.95
1176,6.0,0.0,0.6985,0.0,0.0,1918.96,973.94,21.25
1177,6.0,0.0,0.6957,0.0,0.0,1918.94,971.87,37.0
1178,6.0,0.0,0.7,0.0,0.0,1918.9,972.16,21.12
1179,6.0,0.0,0.7031,0.0,0.0,1918.82,972.45,20.99
1180,6.0,0.0,0.6972,0.0,0.31,1918.81,970.76,29.87
1181,6.0,0.0,0.6965,0.0,0.31,1918.85,969.74,18.88
1182,6.0,0.0,0.6941,0.0,0.55,1918.87,969.54,23.17
1183,6.0,0.0,0.6957,0.0,0.28,1918.87,970.01,25.13
1184,6.0,0.0,0.6952,0.0,0.43,1918.85,969.2,24.77
1185,6.0,0.0,0.6948,0.0,0.3,1918.89,968.7,18.75
1186,6.0,0.0,0.6963,0.01,1.08,1918.85,969.28,18.53
1187,6.0,0.0,0.6975,0.0,0.77,1918.89,969.97,25.17
1188,6.0,0.0,0.7022,0.0,0.29,1918.89,970.1,18.54
1189,6.0,0.0,0.7028,0.0,0.08,1918.9,969.96,25.05
1190,6.0,0.0,0.7035,0.0,0.0,1918.9,969.07,24.7
1191,6.0,0.0,0.7026,0.0,0.0,1918.86,968.45,24.96
1192,6.0,0.0,0.6993,0.0,0.11,1918.83,968.15,25.02
1193,6.0,0.0,0.6988,0.0,0.19,1918.81,968.23,18.76
1194,6.0,0.0,0.6911,0.0,0.05,1918.86,966.93,17.95
1195,6.0,0.0,0.6895,0.0,0.5,1918.91,967.08,23.69
1196,6.0,0.0,0.6913,0.0,0.97,1918.9,967.48,26.54
1197,6.0,0.0,0.6929,0.0,1.42,1918.92,970.1,24.2
1198,6.0,0.0,0.6889,0.0,1.39,1918.96,971.24,21.17
1199,6.0,0.0,0.6863,0.0,1.57,1918.95,971.77,31.46
1200,6.0,0.0,0.6846,0.0,1.11,1918.96,971.88,21.14
1201,6.0,0.0,0.6856,0.0,0.72,1918.97,973.27,21.6
1202,6.0,0.0,0.6869,0.0,0.24,1918.97,973.77,25.24
1203,6.0,0.0,0.6885,0.0,0.06,1919.0,973.93,19.85
1204,6.0,0.0,0.6897,0.0,0.0,1919.0,974.51,27.28
1205,6.0,0.0,0.6912,0.0,0.0,1918.97,975.06,26.8
1206,6.0,0.0,0.6899,0.0,0.0,1919.0,975.56,23.87
1207,6.0,0.0,0.6885,0.0,0.0,1918.99,975.68,18.32
1208,6.0,0.0,0.6879,0.0,0.0,1918.98,975.8,21.13
1209,6.0,0.0,0.6867,0.0,0.0,1918.97,975.31,21.21
1210,6.0,0.0,0.6862,0.0,0.0,1918.96,974.91,24.66
1211,6.0,0.0,0.6851,0.0,0.0,1918.94,974.79,25.1
1212,6.0,0.0,0.6859,0.0,0.0,1918.91,974.35,25.23
1213,6.0,0.0,0.6858,0.0,0.0,1918.91,974.28,25.14
1214,6.0,0.0,0.6862,0.0,0.0,1918.91,974.39,18.62
1215,6.0,0.0,0.5109,0.0,0.0,1486.12,1050.55,12.44
1216,6.0,0.0,0.5027,0.0,0.46,1398.24,1054.96,18.87
1217,6.0,0.0,0.5167,0.48,0.6,1374.03,1057.1,25.06
1218,6.0,0.0,0.5189,2.67,1.3,1359.67,1058.76,25.01
1219,6.0,0.0,0.4758,0.0,3.42,1358.81,1059.02,19.7
1220,6.0,0.0,0.3935,3.2,0.97,1354.48,1055.45,18.89
1221,6.0,0.0,0.4798,4.15,0.0,1359.7,1058.09,25.01
1222,6.0,0.0,0.5086,5.13,0.0,1352.15,1062.01,18.62
1223,6.0,0.0,0.4941,4.0,0.0,1350.39,1060.22,24.94
1224,6.0,0.0,0.5323,3.31,0.0,1355.89,1059.45,19.66
1225,6.0,0.0,0.4505,2.78,0.0,1341.3,1052.9,21.5
1226,6.0,0.0,0.432,1.97,0.0,1345.98,1049.88,23.83
1227,6.0,0.0,0.4834,2.24,0.0,1347.75,1050.51,21.09
1228,6.0,0.0,0.5347,2.23,0.0,1350.03,1051.21,21.07
1229,6.0,0.0,0.5241,2.05,0.0,1350.7,1050.11,17.39
1230,6.0,0.0,0.529,1.86,0.0,1354.44,1051.37,23.99
1231,6.0,0.0,0.5351,1.75,0.0,1356.69,1054.81,22.47
1232,6.0,0.0,0.5058,1.61,0.0,1357.89,1053.65,25.01
1233,6.0,0.0,0.4957,1.38,0.0,1357.58,1053.41,21.05
1234,6.0,0.0,0.4996,1.37,0.13,1354.45,1052.65,23.56
1235,6.0,0.0,0.5081,1.07,0.0,1355.44,1051.15,21.14
1236,6.0,0.0,0.5137,0.94,0.09,1353.37,1051.39,21.05
1237,6.0,0.0,0.5094,0.65,0.0,1353.29,1050.04,20.79
1238,6.0,0.0,0.5064,0.72,0.0,1352.05,1050.29,31.94
1239,6.0,0.0,0.5096,0.69,0.0,1351.45,1049.49,31.25
1240,6.0,0.0,0.5145,0.68,0.0,1351.56,1049.74,31.39
1241,6.0,0.0,0.4805,0.64,0.11,1349.71,1048.0,24.23
1242,6.0,0.0,0.4905,0.57,0.0,1351.66,1047.59,18.76
1243,6.0,0.0,0.4947,0.47,0.0,1352.02,1048.14,25.43
1244,6.0,0.0,0.4864,0.36,0.0,1352.72,1048.26,24.81
1245,6.0,0.0,0.5222,0.22,0.19,1351.97,1050.08,25.26
1246,6.0,0.0,0.5311,0.35,0.09,1352.55,1051.52,22.12
1247,6.0,0.0,0.4971,0.16,0.0,1352.31,1052.18,24.97
1248,6.0,0.0,0.492,0.22,0.33,1352.92,1052.21,18.65
1249,6.0,0.0,0.5535,0.19,0.0,1355.49,1049.81,24.69
1250,6.0,0.0,0.5091,0.12,0.0,1353.63,1050.44,24.94
1251,6.0,0.0,0.4957,0.27,0.17,1354.0,1050.56,25.17
1252,6.0,0.0,0.5279,0.15,0.0,1354.07,1050.73,24.96
1253,6.0,0.0,0.5301,0.05,0.0,1353.88,1051.44,25.01
1254,6.0,0.0,0.5534,0.19,0.0,1356.73,1052.95,18.67
1255,6.0,0.0,0.5248,0.13,0.0,1357.14,1056.87,23.2
1256,6.0,0.0,0.5213,0.15,0.0,1359.4,1056.19,23.79
1257,6.0,0.0,0.4907,0.17,0.0,1357.54,1057.24,21.04
1258,,,,,,,,31.76
1259,,,,,,,,46.02
1260,,,,,,,,63.02
1261,,,,,,,,43.54
1262,,,,,,,,37.55
1263,,,,,,,,78.43
1264,,,,,,,,35.51
1265,,,,,,,,52.63
1266,,,,,,,,199.43
1267,,,,,,,,38.73
1268,,,,,,,,107.35
1269,,,,,,,,62.19
1270,,,,,,,,63.53
1271,,,,,,,,62.89
1272,,,,,,,,63.62
1273,,,,,,,,63.8
1274,,,,,,,,63.17
1275,,,,,,,,63.41
1276,,,,,,,,63.4
1277,,,,,,,,59.91
1278,,,,,,,,77.03
1279,,,,,,,,60.6
1280,,,,,,,,72.97
1281,,,,,,,,60.68
1282,,,,,,,,76.39
1283,,,,,,,,12.95
1284,,,,,,,,80.3
1285,,,,,,,,76.98
1286,,,,,,,,37.13
1287,,,,,,,,74.98
1288,,,,,,,,76.71
1289,,,,,,,,38.18
1290,,,,,,,,74.75
1291,,,,,,,,38.08
1292,,,,,,,,78.53
1293,,,,,,,,77.01
1294,,,,,,,,42.46
1295,,,,,,,,1185.17
1296,,,,,,,,38.53
1297,,,,,,,,63.82
1298,,,,,,,,62.19
1299,,,,,,,,63.59
1300,,,,,,,,53.53
1301,,,,,,,,63.56
1302,,,,,,,,31.84
1303,,,,,,,,38.68
1304,,,,,,,,63.69
1305,,,,,,,,166.42
1306,,,,,,,,63.4
1307,,,,,,,,63.24
1308,,,,,,,,53.9
1309,,,,,,,,38.19
1310,,,,,,,,77.5
1311,,,,,,,,72.73
1312,,,,,,,,41.71
1313,,,,,,,,37.46
1314,,,,,,,,70.28
1315,,,,,,,,77.02
1316,,,,,,,,37.5
1317,,,,,,,,73.29
1318,,,,,,,,72.72
1319,,,,,,,,55.46
1320,,,,,,,,76.52
1321,,,,,,,,51.13
1322,,,,,,,,89.06
1323,,,,,,,,67.56
1324,,,,,,,,66.66
1325,,,,,,,,23.1
1326,,,,,,,,31.71
1327,,,,,,,,21.09
1328,,,,,,,,63.68
1329,,,,,,,,31.86
1330,,,,,,,,23.9
1331,,,,,,,,19.99
1332,,,,,,,,27.9
1333,,,,,,,,25.35
1334,,,,,,,,44.83
1335,,,,,,,,78.88
1336,,,,,,,,76.03
1337,,,,,,,,18.92
1338,,,,,,,,24.59
1339,,,,,,,,78.55
1340,,,,,,,,37.53
1341,,,,,,,,77.52
1342,,,,,,,,42.48
1343,,,,,,,,36.92
1344,,,,,,,,19.7
1345,,,,,,,,18.99
1346,,,,,,,,25.0
1347,,,,,,,,36.23
1348,,,,,,,,73.76
1349,,,,,,,,77.1
1350,,,,,,,,24.87
1351,,,,,,,,18.02
1352,,,,,,,,24.77
1353,,,,,,,,38.31
1354,,,,,,,,23.17
1355,,,,,,,,199.96
1356,,,,,,,,63.33
1357,,,,,,,,62.69
1358,,,,,,,,62.63
1359,,,,,,,,63.33
1360,,,,,,,,572.68
1361,,,,,,,,15.82
1362,,,,,,,,62.75
1363,,,,,,,,18.77
1364,,,,,,,,24.95
1365,,,,,,,,25.64
1366,,,,,,,,18.9
1367,,,,,,,,25.23
1368,,,,,,,,24.96
1369,,,,,,,,24.92
1370,,,,,,,,18.72
1371,,,,,,,,25.28
1372,,,,,,,,18.7
1373,,,,,,,,24.96
1374,,,,,,,,24.96
1375,,,,,,,,36.8
1376,,,,,,,,18.78
1377,,,,,,,,20.49
1378,,,,,,,,30.69
1379,,,,,,,,21.21
1380,,,,,,,,31.06
1381,,,,,,,,22.35
1382,,,,,,,,24.67
1383,,,,,,,,25.67
1384,,,,,,,,31.24
1385,,,,,,,,23.36
1386,,,,,,,,21.78
1387,,,,,,,,24.02
1388,,,,,,,,20.97
1389,,,,,,,,21.02
1390,,,,,,,,21.77
1391,,,,,,,,21.94
1392,7.0,0.0,0.698,225.94,69.68,1916.16,917.8,18.86
1393,7.0,0.0,0.7681,213.76,44.92,1917.77,946.57,25.26
1394,7.0,0.0,0.788,203.62,37.46,1918.06,960.73,18.74
1395,7.0,0.0,0.7715,186.66,39.14,1918.32,994.17,25.69
1396,7.0,0.0,0.8135,177.14,29.88,1917.55,992.73,18.89
1397,7.0,0.0,0.733,173.65,34.42,1915.64,970.21,25.15
1398,7.0,0.0,0.7289,179.79,78.21,1913.63,928.09,18.81
1399,7.0,0.0,0.7048,179.09,65.75,1915.97,958.17,25.02
1400,7.0,0.0,0.5953,163.86,80.29,1913.93,977.73,18.61
1401,7.0,0.0,0.6081,129.19,82.58,1913.44,976.81,25.33
1402,7.0,0.0,0.6191,105.79,76.57,1908.27,982.55,18.61
1403,7.0,0.0,0.6962,93.92,74.79,1908.4,955.54,19.18
1404,7.0,0.0,0.6641,82.93,48.96,1912.03,973.18,22.73
1405,7.0,0.0,0.7889,56.51,47.95,1909.81,993.95,21.14
1406,7.0,0.0,0.8035,46.81,39.46,1915.54,1003.99,20.98
1407,7.0,0.0,0.7888,14.88,35.43,1916.98,1010.01,21.12
1408,7.0,0.0,0.8268,3.92,13.4,1916.78,1035.79,21.0
1409,7.0,0.0,0.8513,0.0,9.83,1920.0,1065.32,31.69
1410,7.0,0.0,0.8299,0.0,2.49,1920.0,1059.72,21.07
1411,7.0,0.0,0.8368,0.0,1.55,1920.0,1072.26,20.76
1412,7.0,0.0,0.8536,0.0,0.0,1920.0,1078.86,18.52
1413,7.0,0.0,0.8125,1.33,0.0,1920.0,1080.0,19.14
1414,7.0,0.0,0.8114,4.97,0.0,1920.0,1080.0,20.99
1415,7.0,0.0,0.8256,5.01,0.0,1920.0,1080.0,21.19
1416,7.0,0.0,0.831,3.79,0.0,1920.0,1080.0,20.99
1417,7.0,0.0,0.8289,3.11,1.44,1920.0,1080.0,31.29
1418,7.0,0.0,0.829,1.32,0.0,1920.0,1080.0,26.99
1419,7.0,0.0,0.8376,0.0,0.0,1920.0,1080.0,23.95
1420,7.0,0.0,0.8413,0.0,0.42,1917.86,1080.0,23.64
1421,7.0,0.0,0.8596,0.0,3.31,1917.91,1080.0,18.87
1422,7.0,0.0,0.8419,0.0,8.03,1917.54,1080.0,25.21
1423,7.0,0.0,0.8268,1.22,6.21,1909.11,1074.14,18.8
1424,7.0,0.0,0.8271,3.51,5.65,1906.57,1070.99,18.91
1425,7.0,0.0,0.8153,3.87,5.66,1904.53,1064.69,25.25
1426,7.0,0.0,0.8038,0.0,4.16,1911.28,1070.79,18.62
1427,7.0,0.0,0.8033,0.0,2.05,1910.76,1075.59,21.78
1428,7.0,0.0,0.8064,0.91,0.36,1911.3,1080.0,18.55
1429,7.0,0.0,0.8208,3.65,0.0,1913.28,1080.0,19.79
1430,7.0,0.0,0.8088,5.0,0.0,1913.63,1080.0,18.74
1431,7.0,0.0,0.8216,4.66,0.0,1914.0,1080.0,24.68
1432,7.0,0.0,0.8211,4.0,0.0,1913.59,1080.0,18.75
1433,7.0,0.0,0.8024,3.0,0.0,1904.35,1080.0,24.15
1434,7.0,0.0,0.8171,2.44,3.72,1903.92,1080.0,22.51
1435,7.0,0.0,0.8082,1.14,7.94,1896.85,1080.0,20.86
1436,7.0,0.0,0.7743,1.62,9.26,1888.86,1079.66,21.21
1437,7.0,0.0,0.7602,1.93,10.38,1883.8,1079.93,21.0
1438,7.0,0.0,0.8029,1.45,18.26,1887.78,1078.06,21.14
1439,7.0,0.0,0.7754,0.0,20.51,1901.05,1077.19,21.1
1440,7.0,0.0,0.7588,1.63,15.34,1885.1,1073.37,20.95
1441,7.0,0.0,0.7623,0.88,4.87,1876.16,1079.02,22.4
1442,7.0,0.0,0.7752,2.78,1.52,1891.82,1080.0,22.06
1443,7.0,0.0,0.7841,5.72,1.16,1906.36,1080.0,18.55
1444,7.0,0.0,0.8131,8.23,2.83,1912.35,1080.0,31.44
1445,7.0,0.0,0.8543,7.82,0.88,1910.19,1080.0,21.03
1446,7.0,0.0,0.8619,3.5,0.0,1904.79,1080.0,10.01
1447,7.0,0.0,0.8289,3.77,0.52,1910.37,1072.72,31.67
1448,7.0,0.0,0.8016,2.47,0.0,1917.55,1072.76,19.03
1449,7.0,0.0,0.8243,2.48,0.0,1914.94,1077.28,20.67
1450,7.0,0.0,0.7327,570.89,171.55,1802.56,1080.0,12.44
1451,7.0,0.0,0.7378,691.94,246.54,1841.42,924.49,25.09
1452,7.0,0.0,0.7335,725.99,269.48,1855.32,864.61,24.73
1453,7.0,0.0,0.7323,735.11,273.51,1860.15,850.01,24.76
1454,7.0,0.0,0.7365,735.98,273.45,1862.04,847.24,18.58
1455,7.0,0.0,0.7412,734.12,272.25,1862.79,848.62,18.92
1456,7.0,0.0,0.7388,731.87,270.75,1862.86,851.46,18.61
1457,7.0,0.0,0.729,730.83,270.78,1859.96,851.11,24.77
1458,7.0,0.0,0.7281,729.57,270.5,1857.85,850.23,25.2
1459,7.0,0.0,0.7301,727.67,270.45,1857.24,850.46,25.23
1460,7.0,0.0,0.7313,725.6,270.35,1856.26,850.67,25.18
1461,7.0,0.0,0.7323,724.19,267.95,1858.78,852.65,25.08
1462,7.0,0.0,0.7364,722.56,266.51,1859.84,855.24,24.57
1463,7.0,0.0,0.7323,722.4,269.12,1855.94,853.83,19.0
1464,7.0,0.0,0.7104,722.52,268.71,1856.91,853.42,21.35
1465,7.0,0.0,0.7183,721.71,267.71,1858.32,854.72,31.76
1466,7.0,0.0,0.724,721.47,259.7,1861.97,857.64,23.97
1467,7.0,0.0,0.6715,728.82,248.07,1857.29,858.97,20.39
1468,7.0,0.0,0.7472,730.72,238.7,1859.42,859.04,31.47
1469,7.0,0.0,0.7289,743.08,230.54,1872.43,857.96,21.15
1470,7.0,0.0,0.7324,739.95,234.66,1884.45,856.03,20.95
1471,7.0,0.0,0.5945,756.54,214.54,1896.92,863.56,23.7
1472,7.0,0.0,0.6454,760.02,204.47,1911.05,860.92,24.99
1473,7.0,0.0,0.7196,761.03,208.89,1914.86,864.23,18.14
1474,7.0,0.0,0.6951,762.29,207.66,1915.9,864.85,24.22
1475,7.0,0.0,0.6745,759.98,192.29,1911.28,864.12,23.93
1476,7.0,0.0,0.6187,760.63,174.98,1908.4,862.97,26.26
1477,7.0,0.0,0.6986,761.47,168.18,1917.97,859.35,22.84
1478,7.0,0.0,0.6303,766.49,169.05,1920.0,853.03,31.47
1479,7.0,0.0,0.699,770.58,168.24,1912.03,853.81,21.1
1480,7.0,0.0,0.793,788.67,162.77,1918.6,860.56,18.31
1481,7.0,0.0,0.7735,794.9,160.38,1918.89,858.6,27.54
1482,7.0,0.0,0.789,799.84,158.86,1899.76,854.02,22.34
1483,7.0,0.0,0.785,805.38,158.87,1881.69,841.62,25.3
1484,7.0,0.0,0.7961,803.82,158.71,1896.94,837.96,18.75
1485,7.0,0.0,0.7387,804.66,158.39,1905.84,837.46,18.75
1486,7.0,0.0,0.7352,809.06,157.96,1912.67,837.7,24.82
1487,7.0,0.0,0.7317,810.29,159.21,1914.51,832.8,25.0
1488,7.0,0.0,0.6294,813.96,157.8,1915.52,827.82,18.63
1489,7.0,0.0,0.7302,814.1,156.73,1908.67,832.56,18.87
1490,7.0,0.0,0.7027,814.9,157.64,1909.03,829.62,25.21
1491,7.0,0.0,0.7121,812.29,162.48,1908.71,828.5,19.91
1492,7.0,0.0,0.6694,812.02,161.59,1910.74,831.89,18.75
1493,7.0,0.0,0.7165,809.68,163.15,1911.8,831.93,24.97
1494,7.0,0.0,0.7205,808.93,165.17,1912.95,834.42,18.7
1495,7.0,0.0,0.7156,810.1,163.67,1913.09,838.87,25.69
1496,7.0,0.0,0.7288,811.49,161.11,1914.13,852.97,23.47
1497,7.0,0.0,0.744,815.13,160.1,1914.52,862.15,21.19
1498,7.0,0.0,0.7352,818.03,160.47,1914.66,859.23,27.0
1499,7.0,0.0,0.7225,820.6,160.04,1916.78,863.87,25.54
1500,7.0,0.0,0.7126,822.3,159.62,1916.72,863.39,21.12
1501,7.0,0.0,0.7089,824.54,157.84,1918.65,867.9,17.48
1502,7.0,0.0,0.6847,826.75,157.21,1920.0,871.58,24.97
1503,7.0,0.0,0.7149,833.61,157.57,1920.0,860.36,19.03
1504,7.0,0.0,0.5661,838.43,157.59,1920.0,843.43,21.44
1505,7.0,0.0,0.627,842.23,156.97,1919.64,844.39,32.58
1506,7.0,0.0,0.5152,842.52,154.92,1918.9,861.5,27.0
1507,7.0,0.0,0.4458,847.06,153.06,1919.94,876.07,26.68
1508,7.0,0.0,0.3856,847.47,151.68,1920.0,871.08,20.9
1509,7.0,0.0,0.3605,848.43,150.11,1920.0,865.0,21.07
1510,7.0,0.0,0.3369,849.73,148.4,1920.0,860.94,23.63
1511,7.0,0.0,0.2351,853.47,151.2,1919.84,826.67,25.1
1512,7.0,0.0,0.2518,849.75,145.36,1919.63,871.73,18.76
1513,7.0,0.0,0.1615,847.21,142.15,1919.99,884.66,20.01
1514,,,,,,,,18.78
1515,,,,,,,,25.52
1516,,,,,,,,18.9
1517,,,,,,,,18.61
1518,,,,,,,,25.0
1519,,,,,,,,23.3
1520,,,,,,,,24.82
1521,,,,,,,,25.0
1522,,,,,,,,18.75
1523,,,,,,,,26.78
1524,,,,,,,,18.76
1525,,,,,,,,26.93
1526,,,,,,,,20.9
1527,,,,,,,,27.38
1528,,,,,,,,20.82
1529,,,,,,,,18.23
1530,,,,,,,,21.09
1531,,,,,,,,18.97
1532,,,,,,,,19.06
1533,,,,,,,,26.61
1534,,,,,,,,21.06
1535,,,,,,,,20.82
1536,,,,,,,,23.74
1537,,,,,,,,20.93
1538,,,,,,,,21.04
1539,,,,,,,,21.22
1540,,,,,,,,18.57
1541,,,,,,,,25.06
1542,,,,,,,,18.6
1543,,,,,,,,25.01
1544,,,,,,,,18.75
1545,,,,,,,,25.27
1546,,,,,,,,17.64
1547,,,,,,,,25.1
1548,,,,,,,,18.64
1549,,,,,,,,24.76
1550,,,,,,,,18.61
1551,,,,,,,,18.9
1552,,,,,,,,20.07
1553,,,,,,,,17.74
1554,8.0,0.0,0.5921,0.62,270.98,1069.99,1061.76,23.17
1555,8.0,0.0,0.6214,0.55,272.51,1075.48,1061.79,20.96
1556,8.0,0.0,0.6133,3.49,145.68,1725.85,1022.38,31.35
1557,8.0,0.0,0.6128,4.46,111.83,1920.0,1006.8,21.0
1558,8.0,0.0,0.5628,4.03,96.83,1920.0,989.59,21.07
1559,8.0,0.0,0.5568,3.58,85.78,1920.0,1002.91,20.95
1559,9.0,0.0,0.6729,0.51,289.89,1086.79,1059.16,20.95
1560,8.0,0.0,0.6313,3.67,94.32,1920.0,1004.98,20.8
1560,9.0,0.0,0.4674,0.32,294.31,1093.6,1055.48,20.8
1561,8.0,0.0,0.5713,3.62,96.58,1920.0,997.37,20.98
1561,9.0,0.0,0.5636,0.2,297.12,1095.46,1054.47,20.98
1562,8.0,0.0,0.607,3.07,94.55,1920.0,984.9,24.69
1562,9.0,0.0,0.599,0.3,300.57,1090.82,1054.65,24.69
1563,8.0,0.0,0.5648,2.65,112.98,1920.0,976.65,24.38
1563,9.0,0.0,0.5212,0.01,302.4,1087.99,1056.54,24.38
1564,8.0,0.0,0.5497,2.92,114.94,1920.0,979.01,21.01
1564,9.0,0.0,0.5875,0.36,303.68,1086.47,1060.13,21.01
1565,8.0,0.0,0.4462,3.75,114.95,1920.0,982.44,21.11
1565,9.0,0.0,0.6219,0.98,304.6,1085.75,1064.16,21.11
1566,8.0,0.0,0.5156,4.31,116.71,1920.0,980.19,21.06
1566,9.0,0.0,0.4401,0.9,314.3,1087.95,1069.49,21.06
1567,8.0,0.0,0.54,4.77,119.91,1920.0,978.53,31.73
1567,9.0,0.0,0.3341,0.72,316.46,1088.64,1073.06,31.73
1568,8.0,0.0,0.5625,5.23,124.04,1920.0,978.38,21.13
1568,9.0,0.0,0.4702,1.18,308.53,1075.61,1068.01,21.13
1569,8.0,0.0,0.5517,4.72,128.73,1920.0,968.41,21.16
1569,9.0,0.0,0.2634,0.58,313.14,1068.54,1068.54,21.16
1570,8.0,0.0,0.5578,3.98,127.49,1920.0,965.66,20.18
1570,9.0,0.0,0.3178,0.0,315.23,1063.7,1068.35,20.18
1571,8.0,0.0,0.6218,4.37,133.81,1920.0,975.11,21.35
1571,9.0,0.0,0.18,0.07,316.81,1066.28,1070.03,21.35
1572,8.0,0.0,0.5747,5.03,134.48,1920.0,970.86,18.9
1572,9.0,0.0,0.1196,1.34,316.1,1028.5,1076.04,18.9
1573,8.0,0.0,0.5682,4.37,142.89,1920.0,962.56,25.22
1573,9.0,0.0,0.286,1.08,312.58,1007.61,1080.0,25.22
1574,8.0,0.0,0.5964,4.22,147.33,1920.0,971.95,18.87
1574,9.0,0.0,0.1884,0.28,311.32,1023.45,1077.72,18.87
1575,8.0,0.0,0.631,5.19,151.33,1920.0,988.01,23.32
1575,9.0,0.0,0.1252,0.32,305.49,1030.07,1067.34,23.32
1576,8.0,0.0,0.6218,4.24,155.63,1920.0,981.29,19.69
1576,9.0,0.0,0.4871,0.87,311.78,1021.89,1075.84,19.69
1577,8.0,0.0,0.6095,3.55,156.81,1919.17,981.21,18.59
1577,9.0,0.0,0.4294,0.96,313.05,1019.46,1078.58,18.59
1578,8.0,0.0,0.5649,2.99,156.08,1918.41,976.93,25.01
1578,9.0,0.0,0.4969,0.93,312.47,1013.21,1079.31,25.01
1579,8.0,0.0,0.5275,2.17,153.03,1918.26,969.14,18.75
1579,9.0,0.0,0.483,0.38,309.87,1011.03,1079.65,18.75
1580,8.0,0.0,0.5353,0.72,152.5,1918.79,963.64,25.01
1580,9.0,0.0,0.4622,0.0,309.39,1007.12,1080.0,25.01
1581,8.0,0.0,0.4399,1.67,150.76,1920.0,960.56,25.16
1581,9.0,0.0,0.223,0.61,313.87,1009.83,1079.7,25.16
1582,8.0,0.0,0.3666,3.26,144.87,1914.82,955.0,18.75
1582,9.0,0.0,0.4305,0.88,312.4,1012.68,1079.02,18.75
1583,8.0,0.0,0.1597,7.68,108.19,1907.58,935.14,23.79
1583,9.0,0.0,0.3127,0.0,312.75,991.46,1078.58,23.79
1584,8.0,0.0,0.372,2.77,130.09,1906.6,940.65,29.5
1584,9.0,0.0,0.3637,0.0,319.03,1028.49,1077.26,29.5
1585,8.0,0.0,0.4161,4.84,135.94,1912.6,955.39,21.23
1585,9.0,0.0,0.5065,0.0,311.42,1085.73,1076.49,21.23
1586,8.0,0.0,0.4104,7.41,135.55,1866.9,958.33,21.05
1586,9.0,0.0,0.3976,0.19,308.83,1092.36,1072.75,21.05
1587,8.0,0.0,0.409,7.05,134.59,1874.58,963.94,21.15
1587,9.0,0.0,0.3899,0.42,310.14,1046.84,1077.74,21.15
1588,8.0,0.0,0.4682,3.8,132.3,1900.31,967.39,22.12
1588,9.0,0.0,0.4618,0.0,309.31,1023.35,1079.81,22.12
1589,8.0,0.0,0.2364,2.67,126.03,1916.18,962.17,21.23
1589,9.0,0.0,0.5391,0.0,305.87,997.13,1080.0,21.23
1590,8.0,0.0,0.115,5.73,128.32,1917.38,964.23,21.12
1590,9.0,0.0,0.6421,0.0,303.82,988.37,1078.62,21.12
1591,8.0,0.0,0.1428,5.94,131.89,1916.67,976.22,20.04
1591,9.0,0.0,0.7147,0.0,302.53,984.4,1078.17,20.04
1592,8.0,0.0,0.16,7.23,128.97,1914.74,982.46,24.64
1592,9.0,0.0,0.7356,1.03,304.06,970.72,1079.94,24.64
1593,8.0,0.0,0.1923,7.01,131.73,1915.26,985.84,18.99
1593,9.0,0.0,0.7408,1.29,302.94,961.36,1080.0,18.99
1594,8.0,0.0,0.2389,6.22,134.29,1919.16,987.21,31.41
1594,9.0,0.0,0.6853,1.29,307.8,965.49,1080.0,31.41
1595,8.0,0.0,0.2848,5.91,120.08,1920.0,987.74,21.08
1595,9.0,0.0,0.6685,1.17,306.89,967.9,1080.0,21.08
1596,8.0,0.0,0.2418,4.28,127.16,1920.0,980.28,23.79
1596,9.0,0.0,0.6608,0.63,313.51,973.4,1080.0,23.79
1597,8.0,0.0,0.2378,2.1,136.03,1920.0,968.11,20.05
1597,9.0,0.0,0.6916,0.0,319.73,969.63,1077.89,20.05
1598,8.0,0.0,0.2049,5.42,142.38,1919.32,961.69,29.56
1598,9.0,0.0,0.7152,0.0,331.19,975.16,1071.65,29.56
1599,8.0,0.0,0.2833,10.48,145.74,1909.65,962.41,21.19
1599,9.0,0.0,0.6869,3.55,337.18,967.26,1074.49,21.19
1600,8.0,0.0,0.41,14.66,136.71,1882.12,966.4,16.11
1600,9.0,0.0,0.5189,6.98,342.61,970.74,1066.07,16.11
1601,8.0,0.0,0.308,13.23,112.38,1865.56,967.63,18.44
1601,9.0,0.0,0.1765,6.46,337.98,971.8,1067.83,18.44
1602,9.0,0.0,0.4142,0.0,339.94,969.93,1038.98,19.8
1603,9.0,0.0,0.4835,0.0,333.74,956.29,1032.39,18.87
1604,9.0,0.0,0.5077,0.0,330.29,942.65,1039.49,18.75
1605,,,,,,,,10.74
1606,9.0,0.0,0.5159,9.34,346.35,1276.91,899.76,18.86
1607,9.0,0.0,0.4646,174.4,331.19,1387.3,906.21,18.93
1608,9.0,0.0,0.5253,209.04,325.16,1450.95,892.83,18.74
1609,9.0,0.0,0.5568,248.38,315.48,1541.13,910.49,18.74
1610,9.0,0.0,0.5229,286.73,305.35,1787.98,925.5,18.88
1611,9.0,0.0,0.1165,280.33,285.6,1885.85,922.97,18.66
1612,9.0,0.0,0.3507,264.82,322.49,1679.29,932.17,18.95
1613,9.0,0.0,0.1094,225.22,261.8,1593.65,941.63,26.62
1614,9.0,0.0,0.2019,173.05,281.67,1561.52,944.09,21.47
1615,9.0,0.0,0.1031,287.26,305.43,1556.68,936.07,20.9
1616,9.0,0.0,0.1552,294.23,326.13,1547.85,939.96,21.68
1617,9.0,0.0,0.3881,181.39,276.38,1545.38,960.1,21.14
1618,9.0,0.0,0.3729,152.29,308.93,1543.61,983.3,18.84
1619,9.0,0.0,0.154,86.2,278.64,1542.66,995.18,15.83
1620,9.0,0.0,0.1754,48.31,274.82,1539.97,989.1,21.15
1621,9.0,0.0,0.1745,37.33,288.6,1542.32,986.69,16.36
1622,9.0,0.0,0.1213,39.08,279.11,1538.19,979.87,18.19
1623,9.0,0.0,0.4586,10.95,95.53,1541.64,1009.84,27.24
1624,9.0,0.0,0.3997,66.8,36.76,1548.71,974.4,21.09
1625,9.0,0.0,0.3682,78.34,12.94,1558.05,990.0,19.95
1626,9.0,0.0,0.5151,34.38,3.39,1798.03,1003.62,21.2
1627,9.0,0.0,0.331,19.49,0.0,1729.54,1034.3,21.15
1628,9.0,0.0,0.6404,4.42,0.0,1859.46,1039.45,15.74
1629,9.0,0.0,0.3368,3.97,0.0,1902.55,1049.92,18.06
1630,9.0,0.0,0.6136,0.0,0.0,1717.78,1071.9,18.9
1631,9.0,0.0,0.5399,0.0,0.0,1641.85,1061.38,14.99
1632,9.0,0.0,0.385,2.32,0.0,1612.16,1065.87,18.88
1633,9.0,0.0,0.3201,5.27,0.0,1810.42,1049.52,18.63
1634,9.0,0.0,0.2675,14.72,0.0,1886.35,1053.72,18.88
1635,9.0,0.0,0.2334,4.42,0.0,1912.39,1038.41,18.98
1636,9.0,0.0,0.1974,3.24,0.0,1920.0,1030.13,18.89
1637,9.0,0.0,0.2162,0.16,0.0,1917.5,1063.2,18.73
1638,,,,,,,,37.22
1639,9.0,0.0,0.1234,0.0,0.0,1920.0,1074.47,18.63
1640,9.0,0.0,0.4445,0.61,0.0,1920.0,1043.28,18.77
1641,9.0,0.0,0.4515,0.0,0.0,1919.65,1040.02,16.82
1642,9.0,0.0,0.4166,0.0,0.0,1919.18,1049.89,23.32
1643,9.0,0.0,0.3899,0.77,0.0,1915.42,1046.44,21.09
1644,9.0,0.0,0.4859,3.14,0.0,1906.94,1022.0,21.14
1645,9.0,0.0,0.4744,0.9,0.0,1895.17,1041.47,21.19
1646,9.0,0.0,0.3267,0.0,0.0,1900.6,1003.31,27.03
1647,9.0,0.0,0.281,0.4,0.0,1898.91,1008.11,17.15
1648,9.0,0.0,0.2067,0.54,0.0,1880.09,837.1,27.86
1649,9.0,0.0,0.211,0.0,0.0,1893.06,921.39,20.88
1650,9.0,0.0,0.2558,0.0,0.0,1892.81,971.39,21.2
1651,9.0,0.0,0.4664,0.26,0.0,1889.36,959.29,19.97
1652,9.0,0.0,0.273,0.0,0.0,1881.0,955.92,18.5
1653,9.0,0.0,0.3776,0.0,0.0,1873.74,966.07,18.58
1654,9.0,0.0,0.1192,0.06,0.0,1880.08,1007.23,26.93
1655,9.0,0.0,0.1783,3.54,0.0,1842.49,1002.69,21.05
1656,9.0,0.0,0.202,8.2,0.0,1823.78,1020.76,21.43
1657,9.0,0.0,0.2301,7.43,0.0,1819.29,1054.64,20.91
1658,9.0,0.0,0.385,9.14,0.0,1795.94,1063.32,21.25
1659,9.0,0.0,0.3714,9.5,0.0,1776.57,1077.41,20.39
1660,9.0,0.0,0.4796,10.81,0.0,1777.75,1080.0,19.02
1661,9.0,0.0,0.4009,8.02,0.0,1782.42,1080.0,18.78
1662,9.0,0.0,0.5261,12.19,0.0,1768.63,1070.49,18.66
1663,9.0,0.0,0.6295,21.42,0.0,1796.17,1059.37,18.73
1664,9.0,0.0,0.5303,10.07,0.0,1700.56,1048.25,18.87
1665,9.0,0.0,0.3761,22.0,0.0,1692.07,1041.75,18.62
1666,9.0,0.0,0.4682,33.85,0.0,1600.49,1015.16,18.91
1667,9.0,0.0,0.5769,25.36,0.3,1565.06,1021.68,18.78
1668,9.0,0.0,0.5581,57.97,13.06,1530.97,1022.41,18.71
1669,9.0,0.0,0.4524,114.36,19.37,1514.58,1043.3,18.89
1670,9.0,0.0,0.5298,61.68,8.18,1601.57,1056.66,18.55
1671,9.0,0.0,0.4706,31.13,4.27,1744.55,1073.65,17.24
1672,9.0,0.0,0.3687,25.33,3.01,1715.88,1074.57,21.49
1673,9.0,0.0,0.3012,15.82,2.13,1784.26,1080.0,21.01
1674,9.0,0.0,0.3654,17.9,1.52,1806.03,1080.0,21.14
1675,9.0,0.0,0.3055,18.47,1.27,1656.74,1080.0,21.18
1676,9.0,0.0,0.1433,65.34,0.9,1820.96,1080.0,21.01
1677,9.0,0.0,0.3356,34.38,0.57,1577.41,1054.69,26.81
1678,9.0,0.0,0.2793,11.97,10.02,1492.14,1056.44,21.02
1679,9.0,0.0,0.3416,4.21,7.37,1468.21,1059.32,20.97
1680,9.0,0.0,0.4446,1.85,6.86,1447.43,1064.01,18.8
1681,9.0,0.0,0.373,1.17,8.13,1443.59,1059.35,20.54
1682,9.0,0.0,0.395,0.83,3.99,1445.27,1057.97,18.6
1683,9.0,0.0,0.3789,0.77,8.79,1437.8,1057.33,26.74
1684,9.0,0.0,0.3068,30.53,4.17,1539.74,1072.35,20.95
1685,9.0,0.0,0.3862,38.81,1.92,1611.31,1078.58,19.98
1686,9.0,0.0,0.354,42.64,0.77,1569.65,1080.0,20.98
1687,9.0,0.0,0.4024,41.02,7.23,1464.02,1078.24,20.91
1688,9.0,0.0,0.622,23.83,18.22,1429.56,1075.19,20.76
1689,9.0,0.0,0.6537,22.83,16.69,1424.53,1071.55,23.55
1690,9.0,0.0,0.5774,30.39,6.33,1423.83,1067.15,19.14
1691,9.0,0.0,0.6053,26.77,20.62,1431.84,1060.44,18.72
1692,9.0,0.0,0.6288,40.87,17.81,1424.19,1049.04,18.8
1693,9.0,0.0,0.5015,49.15,20.3,1420.72,1043.17,25.23
1694,9.0,0.0,0.5414,49.67,16.92,1421.52,1043.27,17.51
1695,9.0,0.0,0.533,40.62,11.78,1420.43,1052.54,19.09
1696,9.0,0.0,0.4793,26.6,17.55,1429.66,1060.87,18.72
1697,9.0,0.0,0.5799,28.88,14.81,1419.65,1052.71,25.02
1698,9.0,0.0,0.5784,29.09,22.92,1426.73,1050.51,23.35
1699,9.0,0.0,0.3773,39.7,15.03,1422.65,1049.04,18.76
1700,9.0,0.0,0.3923,38.49,9.15,1466.14,1065.14,18.74
1701,9.0,0.0,0.477,23.63,23.07,1471.1,1061.52,18.66
1702,9.0,0.0,0.6343,34.61,18.68,1446.75,1058.48,23.57
1703,9.0,0.0,0.5075,49.07,18.15,1436.78,1055.86,21.13
1704,9.0,0.0,0.4545,51.98,13.63,1434.22,1047.39,31.43
1705,9.0,0.0,0.4592,33.69,14.98,1439.34,1043.78,20.84
1706,9.0,0.0,0.4687,21.26,13.15,1457.56,1043.81,21.47
1707,9.0,0.0,0.4521,17.24,10.67,1455.01,1041.04,28.89
1708,9.0,0.0,0.4181,14.92,7.41,1458.06,1047.45,21.14
1709,9.0,0.0,0.4077,31.28,2.18,1518.41,1059.36,23.97
1710,9.0,0.0,0.331,21.86,3.78,1472.73,1048.7,21.16
1711,9.0,0.0,0.5617,19.1,8.19,1434.35,1051.36,20.38
1712,9.0,0.0,0.5697,17.58,8.19,1423.02,1052.65,24.95
1713,9.0,0.0,0.5757,17.02,11.09,1420.99,1055.64,18.97
1714,9.0,0.0,0.5528,12.81,20.56,1417.43,1053.92,18.84
1715,9.0,0.0,0.5585,9.44,24.67,1412.92,1052.13,20.86
1716,9.0,0.0,0.5456,13.27,21.32,1426.63,1051.49,23.51
1717,9.0,0.0,0.5174,17.02,19.3,1439.89,1051.98,21.14
1718,9.0,0.0,0.5595,20.32,20.68,1441.69,1051.93,20.97
1719,9.0,0.0,0.5533,13.14,27.58,1467.66,1051.85,21.14
1720,9.0,0.0,0.5877,15.1,24.51,1444.23,1048.32,20.55
1721,9.0,0.0,0.5909,11.36,22.1,1432.01,1048.29,25.07
1722,9.0,0.0,0.5727,11.5,21.21,1431.28,1044.84,18.56
1723,9.0,0.0,0.5949,11.69,22.2,1427.22,1044.78,25.25
1724,9.0,0.0,0.5895,11.41,22.6,1426.0,1044.05,18.74
1725,9.0,0.0,0.8922,356.69,0.0,1764.51,1041.34,15.13
1726,9.0,0.0,0.898,359.44,5.87,1877.79,992.73,18.6
1727,9.0,0.0,0.8993,358.9,33.45,1920.0,974.89,25.21
1728,9.0,0.0,0.902,359.03,40.32,1920.0,969.52,18.68
1729,9.0,0.0,0.9025,359.18,43.12,1920.0,968.5,24.83
1730,9.0,0.0,0.902,359.45,42.6,1920.0,968.66,19.95
1731,9.0,0.0,0.9012,359.75,41.34,1920.0,969.04,18.75
1732,9.0,0.0,0.8972,357.4,39.6,1920.0,969.0,24.82
1733,9.0,0.0,0.89,361.28,33.74,1920.0,953.86,19.09
1734,9.0,0.0,0.8799,352.98,29.92,1920.0,933.82,25.13
1735,9.0,0.0,0.8713,356.04,25.82,1920.0,968.34,31.75
1736,9.0,0.0,0.8656,353.24,34.66,1920.0,970.8,21.21
1737,9.0,0.0,0.8703,350.45,42.06,1920.0,971.21,24.04
1738,9.0,0.0,0.8677,347.1,45.1,1920.0,969.74,20.88
1739,9.0,0.0,0.8687,344.34,44.97,1920.0,976.9,31.53
1740,9.0,0.0,0.8687,343.68,43.83,1920.0,980.93,21.16
1741,9.0,0.0,0.8617,345.23,39.28,1920.0,979.05,19.14
1742,9.0,0.0,0.86,339.53,35.18,1920.0,998.08,18.4
1743,9.0,0.0,0.856,335.98,23.34,1920.0,1010.7,21.75
1744,9.0,0.0,0.8499,334.23,9.44,1918.51,1021.25,21.27
1745,9.0,0.0,0.8438,334.5,0.0,1916.31,1028.59,21.07
1746,9.0,0.0,0.7859,331.53,0.0,1916.7,1043.32,21.08
1747,9.0,0.0,0.8332,333.1,0.0,1915.86,1042.16,21.02
1748,9.0,0.0,0.8109,311.93,0.0,1913.64,1039.93,21.1
1749,9.0,0.0,0.8208,315.01,0.0,1912.17,1044.1,20.17
1750,9.0,0.0,0.8135,309.74,0.0,1913.31,1055.55,23.14
1751,9.0,0.0,0.8036,309.85,0.0,1914.64,1054.69,19.9
1752,9.0,0.0,0.7912,320.35,0.0,1918.01,1051.09,18.48
1753,9.0,0.0,0.7865,323.17,0.0,1919.33,1053.45,18.84
1754,9.0,0.0,0.8042,326.36,3.13,1919.62,1064.27,18.87
1755,9.0,0.0,0.7973,322.46,13.55,1920.0,1060.12,18.76
1756,9.0,0.0,0.8098,325.08,16.43,1920.0,1071.32,25.17
1757,9.0,0.0,0.8212,324.6,16.78,1920.0,1079.8,25.0
1758,9.0,0.0,0.813,325.46,15.92,1920.0,1079.93,18.74
1759,9.0,0.0,0.8006,328.8,14.49,1920.0,1079.27,24.79
1760,9.0,0.0,0.8122,331.13,13.36,1920.0,1069.13,18.8
1761,9.0,0.0,0.7961,330.17,12.18,1920.0,1054.15,24.76
1762,9.0,0.0,0.8098,329.87,10.66,1920.0,1050.72,18.53
1763,9.0,0.0,0.8211,323.23,9.0,1920.0,1064.46,21.78
1764,9.0,0.0,0.8219,316.02,7.6,1919.34,1056.53,21.34
1765,9.0,0.0,0.8177,312.06,6.48,1919.0,1049.15,21.17
1766,9.0,0.0,0.7986,309.87,5.72,1918.08,1039.85,31.74
1767,9.0,0.0,0.8258,304.24,5.01,1917.44,1029.94,21.2
1768,9.0,0.0,0.8397,300.36,4.24,1917.12,1030.24,21.13
1769,9.0,0.0,0.8557,298.84,5.36,1917.06,1032.38,31.62
1770,9.0,0.0,0.8458,296.25,8.37,1917.05,1026.07,31.83
1771,9.0,0.0,0.86,292.43,12.64,1917.1,1034.45,19.24
1772,9.0,0.0,0.8547,290.39,11.2,1916.95,1033.89,24.86
1773,9.0,0.0,0.8522,284.99,10.55,1917.13,1032.08,20.58
1774,9.0,0.0,0.4632,48.04,46.28,1830.17,1080.0,15.93
1775,9.0,0.0,0.5386,14.33,48.77,1844.51,1067.96,15.79
1776,9.0,0.0,0.4216,1.81,53.1,1889.68,1030.61,18.94
1777,9.0,0.0,0.1968,7.07,79.43,1912.27,1035.54,21.2
1778,9.0,0.0,0.1237,7.01,136.82,1919.35,1036.78,15.89
1779,9.0,0.0,0.1245,10.09,155.05,1920.0,877.24,18.33
1780,9.0,0.0,0.3139,6.42,106.36,1920.0,722.99,14.99
1781,9.0,0.0,0.118,15.44,140.02,1920.0,687.67,18.99
1782,9.0,0.0,0.2451,10.78,70.15,1920.0,877.42,18.81
1783,9.0,0.0,0.3363,8.75,51.49,1920.0,926.93,18.79
1784,9.0,0.0,0.5363,3.04,16.0,1920.0,948.13,14.99
1785,9.0,0.0,0.5502,0.0,1.91,1920.0,960.76,18.79
1786,9.0,0.0,0.4931,0.0,0.0,1918.73,982.19,18.8
1787,9.0,0.0,0.7025,0.0,0.0,1920.0,977.79,18.89
1788,9.0,0.0,0.7496,0.0,0.0,1920.0,965.59,18.75
1789,9.0,0.0,0.7842,0.0,0.0,1919.75,981.96,15.08
1790,9.0,0.0,0.7845,0.0,0.0,1918.76,992.39,16.42
1791,9.0,0.0,0.8272,0.0,0.0,1918.56,991.54,18.64
1792,9.0,0.0,0.7704,0.0,0.0,1917.73,995.94,15.83
1793,9.0,0.0,0.7595,4.74,0.0,1920.0,1006.44,21.13
1794,9.0,0.0,0.7666,5.13,0.0,1918.57,982.19,15.09
1795,9.0,0.0,0.6614,11.3,0.0,1918.8,995.92,21.29
1796,9.0,0.0,0.7115,149.11,0.0,1919.66,951.35,21.04
1797,9.0,0.0,0.7971,53.79,0.0,1917.79,943.75,21.06
1798,9.0,0.0,0.7786,19.06,0.0,1919.5,1033.67,21.18
1799,9.0,0.0,0.7898,5.38,0.0,1920.0,1066.44,21.2
1800,9.0,0.0,0.7746,1.33,0.0,1920.0,1079.03,21.22
1801,9.0,0.0,0.793,0.72,0.0,1912.68,1080.0,15.97
1802,9.0,0.0,0.7969,0.88,0.0,1909.29,1080.0,18.3
1803,9.0,0.0,0.7791,0.0,0.0,1909.26,1080.0,21.88
1804,9.0,0.0,0.7881,0.58,0.0,1905.05,1080.0,21.11
1805,9.0,0.0,0.7847,0.29,0.0,1908.85,1080.0,15.9
1806,9.0,0.0,0.8172,0.0,0.0,1911.31,1077.53,15.92
1807,9.0,0.0,0.8113,0.64,0.0,1915.77,1080.0,21.18
1808,9.0,0.0,0.8275,0.0,0.0,1915.01,1080.0,20.78
1809,9.0,0.0,0.8113,0.06,0.0,1916.4,1080.0,15.63
1810,9.0,0.0,0.7948,0.12,0.0,1918.63,1080.0,18.81
1811,9.0,0.0,0.771,0.0,0.0,1918.88,1080.0,15.13
1812,9.0,0.0,0.7119,0.4,0.0,1918.05,1080.0,18.58
1813,9.0,0.0,0.6102,0.0,0.0,1913.81,1080.0,18.73
1814,9.0,0.0,0.5755,0.6,0.0,1912.6,1080.0,17.71
1815,9.0,0.0,0.5442,0.18,0.0,1913.06,1080.0,18.68
1816,9.0,0.0,0.6395,0.0,0.0,1916.83,1080.0,17.81
1817,9.0,0.0,0.4669,0.0,0.0,1916.75,1080.0,15.09
1818,,,,,,,,38.52
1819,,,,,,,,37.5
1820,,,,,,,,37.57
1821,9.0,0.0,0.2918,7.4,91.07,1044.98,1080.0,17.18
1822,,,,,,,,21.17
1823,,,,,,,,21.22
1824,,,,,,,,15.78
1825,,,,,,,,21.2
1826,,,,,,,,21.05
1827,,,,,,,,22.52
1828,,,,,,,,21.12
1829,9.0,0.0,0.5108,0.0,0.0,1084.15,601.92,21.16
1830,9.0,0.0,0.4445,0.0,0.0,1083.92,575.02,21.18
1831,9.0,0.0,0.4601,0.0,0.0,1087.01,567.45,16.64
1832,9.0,0.0,0.2841,0.0,0.0,1095.24,566.55,18.9
1833,9.0,0.0,0.2226,0.07,0.0,1112.47,586.03,17.24
1834,9.0,0.0,0.2537,0.17,0.0,1131.07,596.48,18.73
1835,9.0,0.0,0.4654,0.02,0.0,1133.84,579.04,22.81
1836,9.0,0.0,0.5148,0.0,0.0,1116.87,594.67,21.16
1837,9.0,0.0,0.6697,0.0,0.0,1107.65,594.26,21.16
1838,9.0,0.0,0.5299,0.0,0.0,1110.59,597.03,21.19
1839,9.0,0.0,0.1229,0.0,0.0,1135.84,617.04,17.1
1840,9.0,0.0,0.2382,0.54,0.0,1139.54,624.52,18.88
1841,9.0,0.0,0.3265,0.82,0.0,1128.44,625.8,18.75
1842,9.0,0.0,0.4486,1.12,0.0,1136.48,623.87,18.9
1843,9.0,0.0,0.3523,1.28,0.0,1143.51,622.96,18.74
1844,9.0,0.0,0.4236,0.85,0.0,1146.34,631.83,24.66
1845,9.0,0.0,0.1693,0.14,0.0,1152.89,651.89,25.0
1846,,,,,,,,38.21
1847,9.0,0.0,0.4288,0.23,0.0,1148.47,641.49,19.06
1848,9.0,0.0,0.4448,0.29,0.0,1150.89,643.87,18.62
1849,9.0,0.0,0.3044,0.89,0.0,1163.91,649.14,18.76
1850,9.0,0.0,0.3376,0.26,0.0,1170.6,648.89,18.73
1851,9.0,0.0,0.4894,0.05,0.0,1161.17,657.28,16.96
1852,9.0,0.0,0.3927,0.46,0.0,1160.66,741.7,21.46
1853,9.0,0.0,0.2336,0.41,0.0,1165.43,686.76,21.13
1854,9.0,0.0,0.2547,0.47,0.0,1185.97,719.84,21.11
1855,9.0,0.0,0.3782,0.39,0.0,1187.16,713.11,21.04
1856,9.0,0.0,0.6084,0.06,0.0,1170.68,693.55,21.03
1857,9.0,0.0,0.4205,0.0,0.0,1203.64,674.07,21.09
1858,9.0,0.0,0.5011,0.0,0.0,1187.84,680.38,21.2
1859,9.0,0.0,0.3262,0.74,0.0,1203.6,737.49,21.22
1860,9.0,0.0,0.4369,0.62,0.07,1181.27,822.87,24.33
1861,9.0,0.0,0.338,0.73,0.0,1194.68,823.77,21.27
1862,9.0,0.0,0.1589,0.08,0.0,1180.09,756.64,18.51
1863,9.0,0.0,0.1911,0.0,0.0,1190.02,757.74,26.95
1864,9.0,0.0,0.1015,1.07,0.0,1196.29,761.31,15.69
1865,9.0,0.0,0.2005,2.15,0.0,1201.82,778.12,21.03
1866,9.0,0.0,0.1007,8.48,0.01,1579.39,947.06,21.01
1867,9.0,0.0,0.1277,4.59,0.12,1354.57,997.72,21.28
1868,,,,,,,,42.71
1869,9.0,0.0,0.4252,2.12,0.07,1242.38,892.22,21.14
1870,9.0,0.0,0.3814,1.54,0.0,1238.22,835.32,25.22
1871,9.0,0.0,0.2542,2.32,0.0,1216.46,815.29,18.86
1872,9.0,0.0,0.1273,1.51,0.0,1227.07,821.04,25.26
1873,9.0,0.0,0.1555,0.71,0.15,1308.08,817.87,20.02
1874,9.0,0.0,0.3855,0.5,0.2,1269.66,820.45,25.34
1875,9.0,0.0,0.5303,0.5,0.24,1221.58,815.31,25.41
1876,9.0,0.0,0.3638,0.67,0.41,1213.66,816.22,23.22
1877,9.0,0.0,0.2877,0.79,0.57,1249.27,804.74,19.14
1878,9.0,0.0,0.52,0.64,0.34,1242.45,817.2,24.87
1879,9.0,0.0,0.2639,0.3,0.0,1323.65,861.72,19.75
1880,9.0,0.0,0.3076,0.36,0.0,1330.93,941.41,25.2
1881,9.0,0.0,0.3863,0.47,0.0,1361.3,971.18,19.47
1882,9.0,0.0,0.3131,0.46,0.0,1325.33,968.42,21.3
1883,9.0,0.0,0.38,1.17,0.0,1269.33,869.36,21.08
1884,9.0,0.0,0.2477,0.82,0.0,1361.68,861.8,20.8
1885,9.0,0.0,0.2344,0.26,0.0,1359.96,849.58,25.65
1886,9.0,0.0,0.3665,0.32,0.0,1404.07,843.97,21.09
1887,9.0,0.0,0.3222,0.08,0.0,1363.02,843.69,21.2
1888,9.0,0.0,0.5361,0.1,0.0,1330.0,805.41,21.06
1889,9.0,0.0,0.4847,0.11,0.0,1348.25,827.05,21.09
1890,9.0,0.0,0.4013,0.09,0.0,1360.02,843.38,21.2
1891,9.0,0.0,0.443,0.06,0.0,1304.07,836.16,19.22
1892,9.0,0.0,0.3376,0.07,0.0,1337.2,856.55,18.84
1893,9.0,0.0,0.3904,0.06,0.0,1335.52,899.27,27.7
1894,9.0,0.0,0.461,0.01,0.0,1272.72,820.2,15.82
1895,9.0,0.0,0.5023,0.03,0.12,1221.84,797.95,21.21
1896,9.0,0.0,0.4165,0.75,0.2,1237.92,810.57,21.11
1897,9.0,0.0,0.5012,1.13,0.03,1238.83,827.97,21.14
1898,9.0,0.0,0.4904,1.06,0.0,1216.04,826.84,21.04
1899,9.0,0.0,0.4902,0.43,0.0,1235.15,861.69,20.13
1900,9.0,0.0,0.3931,0.21,0.0,1256.23,888.55,18.72
1901,9.0,0.0,0.2925,0.14,0.0,1276.29,882.26,15.71
1902,9.0,0.0,0.3378,0.95,0.0,1273.24,821.15,18.67
1903,9.0,0.0,0.2868,0.42,0.0,1317.7,813.44,18.95
1904,9.0,0.0,0.3847,0.21,0.0,1345.09,819.19,18.91
1905,9.0,0.0,0.3899,0.13,0.0,1370.24,790.86,18.76
1906,9.0,0.0,0.3552,0.0,0.0,1370.51,774.1,18.64
1907,9.0,0.0,0.3201,0.0,0.0,1363.67,823.01,18.53
1908,9.0,0.0,0.2531,0.0,0.0,1445.25,816.65,18.56
1909,,,,,,,,12.43
1910,,,,,,,,18.67
1911,,,,,,,,21.16
1912,,,,,,,,21.0
1913,,,,,,,,21.1
1914,,,,,,,,21.19
1915,,,,,,,,21.1
1916,,,,,,,,20.86
1917,,,,,,,,24.51
1918,,,,,,,,19.7
1919,,,,,,,,21.17
1920,,,,,,,,21.16
1921,,,,,,,,21.43
1922,,,,,,,,18.42
1923,,,,,,,,18.98
1924,9.0,0.0,0.5335,5.16,221.86,1896.35,1027.65,31.43
1925,9.0,0.0,0.5036,9.68,219.73,1915.08,1029.93,26.35
1926,9.0,0.0,0.4342,12.15,198.94,1920.0,1031.25,22.73
1927,9.0,0.0,0.455,14.35,215.07,1920.0,1024.33,21.19
1928,9.0,0.0,0.4388,11.95,187.84,1920.0,1027.4,21.24
1929,9.0,0.0,0.4531,12.55,195.66,1917.05,1029.26,31.79
1930,9.0,0.0,0.4958,11.84,187.5,1915.91,1027.38,18.81
1931,9.0,0.0,0.3577,11.19,180.4,1910.51,1008.96,19.06
1932,9.0,0.0,0.6169,8.27,164.64,1912.3,1043.3,18.73
1933,9.0,0.0,0.6482,6.42,158.21,1912.93,1054.16,18.75
1934,9.0,0.0,0.5666,6.63,143.48,1911.26,1034.3,18.8
1935,9.0,0.0,0.6048,6.47,115.54,1911.06,1048.44,18.77
1936,9.0,0.0,0.5244,6.26,113.1,1909.16,1045.64,25.26
1937,9.0,0.0,0.6046,8.84,111.82,1910.54,1045.75,18.72
1938,9.0,0.0,0.5157,8.55,112.68,1910.2,1044.8,18.77
1939,9.0,0.0,0.5823,12.18,108.1,1909.63,1039.53,25.02
1940,9.0,0.0,0.5268,5.69,139.4,1229.73,991.55,18.71
1941,9.0,0.0,0.5207,2.05,144.57,949.48,958.02,21.42
1942,9.0,0.0,0.5235,1.46,148.58,908.19,929.81,19.6
1943,9.0,0.0,0.6215,0.84,142.34,922.05,921.45,22.11
1944,9.0,0.0,0.684,0.45,143.06,926.12,910.27,21.19
1945,9.0,0.0,0.6231,0.4,144.44,946.51,921.34,21.13
1946,9.0,0.0,0.647,0.4,137.11,957.99,913.74,21.23
1947,9.0,0.0,0.6541,0.43,136.04,969.45,903.22,31.69
1948,9.0,0.0,0.6893,0.42,128.21,970.21,899.5,27.43
1949,9.0,0.0,0.6381,0.7,111.15,984.03,910.88,21.13
1950,9.0,0.0,0.6998,0.75,108.0,985.74,892.93,21.24
1951,9.0,0.0,0.6368,0.32,116.77,997.12,882.02,19.08
1952,9.0,0.0,0.6524,0.14,114.69,991.54,896.48,18.85
1953,9.0,0.0,0.5571,4.32,91.68,1598.79,973.75,26.37
1954,9.0,0.0,0.5653,6.04,70.83,1798.8,1021.06,27.18
1955,9.0,0.0,0.5756,2.74,76.78,1364.62,978.83,21.11
1956,9.0,0.0,0.5991,5.66,59.12,1753.26,1021.96,21.19
1957,9.0,0.0,0.6344,4.84,49.62,1874.68,1055.25,21.15
1958,9.0,0.0,0.5781,4.34,53.0,1920.0,1060.18,21.18
1959,9.0,0.0,0.6266,5.37,41.15,1920.0,1070.99,23.77
1960,9.0,0.0,0.5159,12.78,44.53,1920.0,1055.27,19.74
1961,9.0,0.0,0.4894,9.98,43.91,1920.0,1042.18,19.07
1962,9.0,0.0,0.613,6.62,46.01,1920.0,1053.25,18.62
1963,9.0,0.0,0.5913,6.28,42.52,1920.0,1061.61,21.65
1964,9.0,0.0,0.5459,4.99,49.62,1920.0,1061.28,18.91
1965,9.0,0.0,0.5948,7.0,52.13,1920.0,1060.21,24.97
1966,9.0,0.0,0.6339,6.05,51.79,1920.0,1066.23,18.88
1967,9.0,0.0,0.6331,4.83,59.48,1920.0,1052.74,23.22
1968,9.0,0.0,0.7385,5.13,65.6,1920.0,1036.79,18.93
1969,9.0,0.0,0.6967,3.61,66.11,1920.0,1038.92,18.75
1970,9.0,0.0,0.7338,3.7,67.59,1920.0,1028.94,25.04
1971,9.0,0.0,0.6961,3.73,67.43,1920.0,1014.15,18.77
1972,9.0,0.0,0.7339,3.52,70.63,1920.0,1012.75,24.04
1973,9.0,0.0,0.7218,3.21,69.41,1918.09,1015.95,28.02
1974,9.0,0.0,0.765,11.84,64.95,1915.76,985.22,21.22
1975,9.0,0.0,0.7271,8.61,61.74,1909.0,992.81,21.11
1976,9.0,0.0,0.739,4.07,59.98,1908.05,1006.63,20.95
1977,9.0,0.0,0.7562,3.04,54.69,1907.06,1017.69,24.54
1978,9.0,0.0,0.7268,2.78,49.65,1912.88,1045.25,24.83
1979,9.0,0.0,0.7287,1.79,34.32,1915.99,1062.7,31.64
1980,9.0,0.0,0.7554,1.14,30.86,1919.27,1075.54,26.72
1981,9.0,0.0,0.7564,1.46,27.41,1920.0,1080.0,21.22
1982,9.0,0.0,0.7766,2.41,26.47,1913.45,1073.16,18.56
1983,9.0,0.0,0.7422,1.56,18.11,1917.5,1079.06,20.43
1984,9.0,0.0,0.746,1.98,13.53,1909.31,1071.93,21.46
1985,9.0,0.0,0.7308,1.38,4.62,1912.17,1078.51,21.19
1986,9.0,0.0,0.7319,0.28,4.55,1913.43,1079.89,21.19
1987,9.0,0.0,0.7669,0.0,0.0,1920.0,1080.0,20.12
1988,9.0,0.0,0.8097,2.15,0.0,1920.0,1080.0,21.16
1989,9.0,0.0,0.7976,6.71,0.27,1914.8,1080.0,21.01
1990,9.0,0.0,0.7931,6.79,0.76,1910.79,1079.85,25.0
1991,9.0,0.0,0.7939,8.59,0.95,1908.87,1078.97,18.89
1992,9.0,0.0,0.8436,9.22,0.93,1910.89,1078.82,18.81
1993,9.0,0.0,0.8082,8.64,0.73,1909.71,1078.95,18.76
1994,9.0,0.0,0.8083,9.13,0.61,1908.14,1079.19,25.05
1995,9.0,0.0,0.7958,10.01,0.56,1910.39,1079.45,18.72
1996,9.0,0.0,0.8062,9.53,0.5,1911.81,1079.49,18.84
1997,9.0,0.0,0.7872,2.24,0.24,1911.16,1079.57,20.0
1998,9.0,0.0,0.7703,5.83,0.21,1912.21,1079.65,18.74
1999,9.0,0.0,0.7552,1.34,0.45,1912.04,1079.87,18.78
2000,9.0,0.0,0.7876,0.0,0.84,1911.09,1080.0,18.29
2001,9.0,0.0,0.8082,0.56,0.95,1909.91,1080.0,25.22
2002,9.0,0.0,0.7986,4.4,1.05,1913.4,1080.0,16.58
2003,9.0,0.0,0.7696,1.03,0.81,1912.13,1080.0,21.51
2004,9.0,0.0,0.786,0.0,0.17,1912.64,1080.0,21.32
2005,9.0,0.0,0.8001,5.67,0.0,1913.19,1080.0,21.02
2006,9.0,0.0,0.761,1.45,0.0,1913.32,1080.0,20.6
2007,9.0,0.0,0.8019,2.91,0.1,1911.05,1080.0,20.72
2008,9.0,0.0,0.826,0.86,0.26,1915.87,1080.0,20.99
2009,9.0,0.0,0.7795,1.81,0.35,1914.74,1080.0,24.22
2010,9.0,0.0,0.7727,0.0,0.4,1915.47,1080.0,31.19
2011,9.0,0.0,0.8216,0.0,0.22,1916.32,1080.0,20.73
2012,9.0,0.0,0.8261,0.0,0.36,1914.81,1080.0,18.52
2013,9.0,0.0,0.7824,0.0,0.49,1914.72,1080.0,19.49
2014,9.0,0.0,0.7679,0.44,0.29,1907.31,1080.0,21.12
2015,9.0,0.0,0.8309,0.73,0.14,1910.4,1080.0,20.91
2016,9.0,0.0,0.8014,0.53,0.38,1835.13,1080.0,21.19
2017,9.0,0.0,0.8064,0.33,0.42,1886.2,1080.0,21.24
2018,9.0,0.0,0.7954,0.33,0.3,1905.85,1080.0,20.86
2019,9.0,0.0,0.8057,0.54,0.24,1911.58,1080.0,17.29
2020,9.0,0.0,0.8695,0.26,0.4,1916.23,1071.88,17.85
2021,9.0,0.0,0.8434,0.0,0.56,1918.38,1034.32,24.98
2022,9.0,0.0,0.8009,0.0,0.58,1918.79,1012.48,18.63
2023,9.0,0.0,0.8284,0.0,0.49,1918.96,992.13,18.58
2024,9.0,0.0,0.7242,6.95,0.3,1919.02,992.34,18.95
2025,9.0,0.0,0.7753,5.38,0.1,1919.42,999.2,18.77
2026,9.0,0.0,0.751,3.63,0.0,1920.0,1030.52,18.85
2027,9.0,0.0,0.6996,3.78,0.0,1920.0,1057.79,14.7
2028,9.0,0.0,0.6111,7.0,0.0,1920.0,1011.29,18.94
2029,9.0,0.0,0.6019,4.96,0.0,1920.0,1048.91,14.94
2030,9.0,0.0,0.629,6.7,0.0,1920.0,1013.9,18.56
2031,9.0,0.0,0.6431,3.84,0.0,1920.0,1047.65,18.84
2032,9.0,0.0,0.5506,5.07,0.0,1920.0,924.2,21.2
2033,,,,,,,,15.88
2034,,,,,,,,21.05
2035,,,,,,,,21.1
2036,9.0,0.0,0.5652,0.0,24.85,1905.33,986.57,21.09
2037,9.0,0.0,0.5186,9.54,0.0,1914.31,980.82,25.07
2038,9.0,0.0,0.5543,23.39,0.0,1917.76,979.71,21.17
2039,9.0,0.0,0.5148,26.84,0.0,1916.9,982.0,21.05
2040,9.0,0.0,0.5288,25.71,0.0,1916.49,987.23,21.09
2041,9.0,0.0,0.4899,22.23,0.0,1916.45,987.45,16.47
2042,9.0,0.0,0.523,18.89,0.0,1916.52,989.25,24.78
2043,9.0,0.0,0.4551,17.89,0.0,1915.15,993.04,18.54
2044,9.0,0.0,0.5489,15.42,0.0,1914.41,995.19,21.18
2045,9.0,0.0,0.5198,13.77,0.0,1913.88,999.73,21.13
2046,9.0,0.0,0.4887,12.04,0.0,1913.5,1000.42,20.1
2047,9.0,0.0,0.4529,11.7,0.0,1911.85,997.18,21.23
2048,9.0,0.0,0.5058,10.11,0.0,1911.69,995.81,21.07
2049,9.0,0.0,0.5269,9.18,0.0,1911.71,994.54,23.19
2050,9.0,0.0,0.5795,7.27,0.0,1912.0,998.5,18.97
2051,9.0,0.0,0.5354,6.71,0.0,1911.5,995.36,18.76
2052,9.0,0.0,0.5159,6.45,0.0,1910.83,992.97,25.03
2053,9.0,0.0,0.4508,12.71,0.0,1908.39,988.12,18.73
2054,9.0,0.0,0.4186,10.85,0.0,1908.92,983.46,18.59
2055,9.0,0.0,0.4384,9.44,0.0,1909.01,981.0,25.09
2056,9.0,0.0,0.397,13.15,0.0,1912.05,989.45,18.73
2057,9.0,0.0,0.4163,23.35,0.0,1911.34,982.93,18.75
2058,9.0,0.0,0.3633,20.56,0.0,1910.4,984.91,25.06
2059,9.0,0.0,0.4574,20.17,0.0,1910.76,984.46,18.77
2060,9.0,0.0,0.5027,27.19,0.0,1911.05,988.36,24.77
2061,9.0,0.0,0.4331,30.74,0.0,1911.11,985.32,18.73
2062,9.0,0.0,0.4332,36.26,0.0,1912.52,991.63,17.44
2063,9.0,0.0,0.4402,29.13,0.0,1912.48,997.52,21.42
2064,9.0,0.0,0.3582,37.36,0.0,1912.99,997.78,21.19
2065,9.0,0.0,0.4501,28.51,0.0,1910.87,989.11,31.85
2066,9.0,0.0,0.4627,62.59,0.0,1911.81,992.94,21.16
2067,9.0,0.0,0.4643,78.25,0.0,1912.48,996.31,21.13
2068,9.0,0.0,0.5232,74.97,0.0,1911.07,986.7,20.98
2069,9.0,0.0,0.4669,95.43,0.0,1912.35,992.94,21.52
2070,9.0,0.0,0.4899,98.42,0.0,1912.97,1004.47,21.0
2071,9.0,0.0,0.4683,122.02,0.0,1913.93,1011.45,20.44
2072,9.0,0.0,0.4821,70.0,0.0,1917.49,1006.1,18.79
2073,9.0,0.0,0.5255,61.61,0.0,1918.59,1007.46,20.85
2074,9.0,0.0,0.5637,122.26,0.0,1912.38,994.83,26.58
2075,9.0,0.0,0.5532,67.67,0.0,1908.62,998.38,21.19
2076,9.0,0.0,0.5753,55.87,0.0,1906.84,1003.45,21.2
2077,9.0,0.0,0.5922,67.57,0.0,1906.74,1019.05,21.15
2078,9.0,0.0,0.6244,25.62,0.0,1907.99,1037.44,23.94
2079,9.0,0.0,0.6594,8.6,0.36,1908.66,1026.83,21.19
2080,9.0,0.0,0.6575,1.41,0.88,1910.28,1022.29,24.99
2081,9.0,0.0,0.544,2.15,0.11,1911.07,1023.25,18.46
2082,9.0,0.0,0.5736,4.33,0.0,1910.97,1028.02,19.01
2083,9.0,0.0,0.567,4.03,0.0,1911.31,1027.08,18.76
2084,9.0,0.0,0.5546,12.85,0.0,1911.26,1030.43,25.24
2085,9.0,0.0,0.5153,9.44,0.0,1911.33,1022.39,18.79
2086,9.0,0.0,0.5308,2.28,0.0,1910.39,1023.4,18.77
2087,9.0,0.0,0.4984,0.2,1.53,1909.89,1024.51,25.03
2088,9.0,0.0,0.5776,0.0,5.86,1910.85,1021.02,18.71
2089,9.0,0.0,0.5246,0.26,5.49,1911.22,1020.42,18.82
2090,9.0,0.0,0.5709,0.04,8.1,1910.9,1026.94,25.02
2091,9.0,0.0,0.5601,0.58,9.65,1910.16,1031.23,18.57
2092,9.0,0.0,0.456,0.49,9.47,1909.59,1017.71,24.89
2093,9.0,0.0,0.4979,1.29,8.73,1911.86,1002.38,26.46
2094,9.0,0.0,0.4541,0.44,3.34,1910.22,1002.98,21.18
2095,9.0,0.0,0.4545,0.26,4.21,1912.69,1000.9,31.92
2096,9.0,0.0,0.3291,0.24,5.24,1910.58,1003.4,21.16
2097,9.0,0.0,0.3499,0.0,1.92,1911.24,997.96,21.02
2098,9.0,0.0,0.3663,0.0,0.53,1909.56,1009.09,21.22
2099,9.0,0.0,0.3388,0.17,0.0,1908.26,1009.17,20.21
2100,9.0,0.0,0.2955,0.63,0.0,1910.16,990.78,21.15
2101,9.0,0.0,0.3397,0.82,0.0,1910.69,994.88,18.27
2102,9.0,0.0,0.3785,3.86,0.3,1909.51,989.17,18.68
2103,9.0,0.0,0.2757,1.46,0.06,1911.01,1000.71,22.95
2104,9.0,0.0,0.4145,1.01,0.0,1911.72,989.39,21.09
2105,9.0,0.0,0.4705,0.94,0.0,1910.71,978.2,21.18
2106,9.0,0.0,0.3809,2.8,0.0,1916.94,981.82,21.09
2107,9.0,0.0,0.454,3.86,0.0,1919.55,979.22,21.02
2108,9.0,0.0,0.5195,2.66,0.0,1920.0,976.31,19.87
2109,9.0,0.0,0.4528,2.36,0.0,1920.0,983.48,21.09
2110,9.0,0.0,0.5562,5.09,0.0,1920.0,986.42,18.9
2111,9.0,0.0,0.5634,6.17,0.0,1919.65,977.9,18.72
2112,9.0,0.0,0.5912,4.69,0.0,1919.71,966.82,19.78
2113,9.0,0.0,0.4669,4.66,0.1,1919.93,974.88,18.75
2114,9.0,0.0,0.4403,4.35,0.12,1919.68,977.77,18.67
2115,9.0,0.0,0.5392,6.02,0.16,1918.09,982.45,18.88
2116,9.0,0.0,0.4653,5.6,0.0,1917.07,971.78,25.05
2117,9.0,0.0,0.594,5.5,0.0,1917.06,972.5,19.1
2118,9.0,0.0,0.5132,4.83,0.0,1918.23,981.37,18.63
2119,9.0,0.0,0.5196,3.29,15.39,1913.57,979.76,25.31
2120,9.0,0.0,0.5237,3.44,25.13,1910.64,977.46,23.26
2121,9.0,0.0,0.5308,1.59,12.01,1915.75,1001.23,18.64
2122,9.0,0.0,0.6204,4.7,6.59,1916.68,1013.57,20.21
2123,9.0,0.0,0.6808,5.5,10.07,1916.71,1014.23,29.69
2124,9.0,0.0,0.6679,6.54,7.97,1917.03,1027.03,21.18
2125,9.0,0.0,0.6001,5.88,4.32,1917.2,1039.97,21.19
2126,9.0,0.0,0.6753,5.79,1.59,1916.66,1041.6,21.03
2127,9.0,0.0,0.6592,5.55,0.54,1916.43,1038.28,21.04
2128,9.0,0.0,0.7394,5.71,0.01,1915.47,1031.0,20.88
2129,9.0,0.0,0.7183,2.94,27.13,1912.43,1014.81,20.87
2130,9.0,0.0,0.6989,1.21,19.58,1909.72,1009.58,21.18
2131,9.0,0.0,0.6659,0.59,19.51,1908.29,1000.36,21.73
2132,9.0,0.0,0.5804,0.49,16.23,1908.64,1011.8,18.68
2133,9.0,0.0,0.5112,0.59,13.55,1906.81,1023.32,19.0
2134,9.0,0.0,0.5957,0.66,14.74,1904.62,1014.05,18.66
2135,9.0,0.0,0.6984,0.63,6.17,1903.84,1010.09,21.19
2136,9.0,0.0,0.5824,1.04,13.2,1903.53,1014.39,21.08
2137,9.0,0.0,0.5598,1.19,18.97,1899.92,1014.15,21.24
2138,9.0,0.0,0.606,2.26,8.04,1905.75,1027.3,24.05
2139,9.0,0.0,0.6856,4.09,2.52,1909.32,1050.14,21.26
2140,9.0,0.0,0.6603,1.84,5.7,1908.56,1037.37,21.52
2141,9.0,0.0,0.6901,0.51,9.28,1910.66,1034.33,18.49
2142,9.0,0.0,0.7103,3.13,3.61,1914.12,1045.41,25.09
2143,9.0,0.0,0.6556,4.49,1.01,1915.76,1050.54,21.57
2144,9.0,0.0,0.7027,5.65,0.11,1915.69,1053.28,18.75
2145,9.0,0.0,0.7142,2.25,0.53,1911.87,1046.27,24.84
2146,9.0,0.0,0.7129,1.12,0.0,1910.34,1048.16,23.1
2147,9.0,0.0,0.7354,0.91,0.0,1910.42,1047.44,18.64
2148,9.0,0.0,0.7115,3.95,0.0,1914.28,1046.11,18.72
2149,9.0,0.0,0.7081,5.18,0.0,1914.69,1059.19,25.09
2150,9.0,0.0,0.7207,4.69,0.0,1915.31,1047.67,18.67
2151,9.0,0.0,0.7413,4.91,6.44,1915.64,1046.72,18.75
2152,9.0,0.0,0.7349,5.29,2.03,1916.62,1062.92,23.83
2153,9.0,0.0,0.7181,4.18,0.55,1916.95,1061.55,31.55
2154,9.0,0.0,0.7146,4.41,0.04,1915.75,1050.61,27.0
2155,9.0,0.0,0.6922,4.84,0.0,1915.47,1037.62,20.99
2156,9.0,0.0,0.7376,4.21,0.03,1916.84,1039.96,26.7
2157,9.0,0.0,0.7068,4.57,0.25,1915.33,1047.86,21.13
2158,9.0,0.0,0.781,4.43,0.36,1914.91,1053.48,31.7
2159,9.0,0.0,0.7552,4.98,0.19,1915.06,1058.16,21.07
2160,9.0,0.0,0.7387,5.9,0.0,1915.93,1073.02,21.34
2161,9.0,0.0,0.7005,5.85,0.94,1914.26,1069.94,25.39
2162,9.0,0.0,0.7455,2.43,10.11,1914.3,1052.03,18.69
2163,9.0,0.0,0.7247,1.45,3.44,1913.04,1049.7,18.99
2164,9.0,0.0,0.6926,1.6,3.2,1912.3,1001.16,31.7
2165,9.0,0.0,0.6199,1.21,24.44,1911.98,988.64,21.1
2166,9.0,0.0,0.7064,0.73,26.5,1914.69,1010.7,20.6
2167,9.0,0.0,0.7263,0.43,21.43,1916.36,1032.52,23.96
2168,9.0,0.0,0.6606,4.52,8.15,1916.95,1033.45,21.18
2169,9.0,0.0,0.7197,1.32,10.4,1917.5,1049.73,20.7
2170,9.0,0.0,0.6755,0.44,18.28,1916.57,1024.63,25.51
2171,9.0,0.0,0.5569,0.0,8.63,1916.97,1007.38,18.65
2172,9.0,0.0,0.7331,2.07,3.97,1915.31,1027.38,18.74
2173,9.0,0.0,0.7138,1.21,20.36,1913.92,1025.68,18.63
2174,9.0,0.0,0.7589,0.63,20.49,1914.51,1031.77,25.24
2175,9.0,0.0,0.7121,4.0,10.44,1914.75,1026.99,18.89
2176,9.0,0.0,0.7301,4.51,3.93,1914.86,1049.49,18.76
2177,9.0,0.0,0.7375,1.56,2.41,1914.59,1040.08,25.26
2178,9.0,0.0,0.7769,0.25,0.89,1914.84,1033.12,18.62
2179,9.0,0.0,0.7842,0.0,13.44,1912.88,992.15,18.46
2180,9.0,0.0,0.7885,0.0,15.8,1913.93,1010.48,17.06
2181,,,,,,,,12.45
2182,,,,,,,,18.8
2183,,,,,,,,20.93
2184,,,,,,,,21.01
2185,9.0,0.0,0.6908,39.16,172.47,1728.73,1034.47,18.93
2186,9.0,0.0,0.8129,15.12,130.6,1780.75,1054.0,20.28
2187,9.0,0.0,0.8136,6.45,123.56,1866.45,1067.35,21.23
2188,9.0,0.0,0.7972,2.65,127.14,1867.61,1073.68,15.85
2189,9.0,0.0,0.8395,1.36,129.73,1889.93,1076.46,15.68
2190,9.0,0.0,0.8638,1.74,133.47,1907.94,1077.68,21.02
2191,9.0,0.0,0.8677,1.36,130.59,1915.36,1078.3,19.93
2192,9.0,0.0,0.8741,0.02,136.9,1920.0,1078.61,18.55
2193,9.0,0.0,0.8547,0.0,140.03,1913.9,1078.73,17.88
2194,9.0,0.0,0.8661,0.0,140.09,1916.22,1078.88,17.83
2195,9.0,0.0,0.8725,0.56,149.8,1915.03,1078.99,17.99
2196,9.0,0.0,0.8821,3.44,153.14,1914.91,1079.17,17.5
2197,9.0,0.0,0.8731,5.32,154.57,1909.04,1079.26,21.08
2198,9.0,0.0,0.8822,6.07,161.07,1908.5,1079.2,21.11
2199,9.0,0.0,0.8843,5.67,165.73,1911.16,1072.34,17.94
2200,9.0,0.0,0.8787,5.37,164.98,1914.14,1075.63,15.1
2201,9.0,0.0,0.8766,5.56,166.41,1914.22,1069.38,18.89
2202,9.0,0.0,0.8799,8.62,169.9,1914.9,1066.31,19.05
2203,9.0,0.0,0.8771,7.36,171.38,1916.01,1074.78,18.96
2204,9.0,0.0,0.8733,5.51,173.49,1915.93,1077.94,18.74
2205,9.0,0.0,0.8778,3.69,166.81,1916.21,1079.27,18.81
2206,9.0,0.0,0.8827,3.78,157.51,1915.96,1075.66,18.64
2207,9.0,0.0,0.883,4.28,162.02,1915.4,1080.0,18.64
2208,9.0,0.0,0.8817,3.08,159.77,1916.85,1080.0,18.75
2209,9.0,0.0,0.8794,2.68,166.52,1916.39,1080.0,18.75
2210,9.0,0.0,0.8875,2.37,165.46,1916.49,1080.0,18.33
2211,9.0,0.0,0.8778,2.11,164.86,1915.94,1079.98,21.37
2212,9.0,0.0,0.8779,2.93,166.38,1914.96,1079.83,21.07
2213,9.0,0.0,0.8749,3.12,173.61,1913.91,1079.79,31.82
2214,9.0,0.0,0.8691,0.92,173.5,1910.05,1079.87,21.2
2215,9.0,0.0,0.871,0.02,181.18,1909.12,1078.54,17.41
2216,9.0,0.0,0.8758,0.0,170.67,1911.6,1079.48,21.22
2217,9.0,0.0,0.8753,0.32,166.43,1912.74,1079.8,21.05
2218,9.0,0.0,0.8708,0.56,164.93,1912.63,1079.93,19.14
2219,9.0,0.0,0.8773,0.24,164.14,1913.44,1080.0,18.88
2220,9.0,0.0,0.8769,0.0,168.51,1911.57,1080.0,15.83
2221,9.0,0.0,0.8723,0.78,167.35,1912.93,1080.0,17.88
2222,9.0,0.0,0.8682,2.03,166.92,1913.49,1080.0,23.09
2223,9.0,0.0,0.8693,2.03,168.44,1913.91,1079.97,18.85
2224,9.0,0.0,0.8689,1.95,174.04,1913.77,1079.89,21.24
2225,9.0,0.0,0.8648,0.74,175.86,1911.85,1079.84,21.22
2226,9.0,0.0,0.863,0.34,183.01,1911.09,1079.83,19.05
2227,9.0,0.0,0.8648,0.19,174.52,1910.79,1079.85,21.09
2228,9.0,0.0,0.8717,1.56,170.17,1912.35,1079.89,31.84
2229,9.0,0.0,0.8843,1.71,160.5,1913.14,1079.93,13.54
2230,9.0,0.0,0.8718,0.62,162.72,1911.7,1079.94,25.0
2231,9.0,0.0,0.8749,0.85,162.3,1913.35,1079.96,18.92
2232,9.0,0.0,0.8738,1.02,164.43,1914.04,1079.95,18.73
2233,9.0,0.0,0.8719,0.33,166.21,1911.6,1079.95,18.78
2234,9.0,0.0,0.8684,0.11,175.08,1911.01,1079.92,25.04
2235,9.0,0.0,0.8691,0.05,180.12,1910.18,1079.9,18.82
2236,9.0,0.0,0.8666,0.07,193.71,1910.54,1079.88,18.76
2237,9.0,0.0,0.8685,0.11,199.83,1910.86,1079.85,18.9
2238,9.0,0.0,0.8667,0.13,203.19,1910.86,1079.84,18.62
2239,9.0,0.0,0.8693,0.1,203.47,1910.84,1079.87,18.87
2240,9.0,0.0,0.8694,0.06,205.89,1911.43,1079.9,19.96
2241,9.0,0.0,0.6339,115.2,136.61,1741.86,1080.0,11.09
2242,9.0,0.0,0.625,148.58,206.94,1854.38,934.97,16.39
2243,9.0,0.0,0.6796,157.92,232.0,1901.82,865.98,21.53
2244,9.0,0.0,0.6611,160.23,246.2,1920.0,898.52,21.03
2245,9.0,0.0,0.6708,162.44,260.38,1920.0,905.72,21.18
2246,9.0,0.0,0.645,161.77,270.08,1920.0,921.76,19.57
2247,9.0,0.0,0.6877,166.24,271.98,1920.0,912.42,21.26
2248,9.0,0.0,0.6428,169.31,282.31,1920.0,903.59,21.17
2249,9.0,0.0,0.6347,169.43,292.78,1920.0,888.44,21.02
2250,9.0,0.0,0.6317,173.4,302.61,1920.0,902.46,21.11
2251,9.0,0.0,0.6271,188.71,294.08,1920.0,882.59,20.78
2252,9.0,0.0,0.6402,202.31,286.56,1920.0,890.54,19.46
2253,9.0,0.0,0.6495,213.1,285.07,1920.0,893.95,19.16
2254,9.0,0.0,0.6562,225.85,301.14,1920.0,900.45,21.02
2255,9.0,0.0,0.675,240.64,310.92,1920.0,904.33,21.0
2256,9.0,0.0,0.6476,254.12,300.23,1920.0,912.58,20.67
2257,9.0,0.0,0.6142,270.88,295.12,1920.0,911.3,21.17
2258,9.0,0.0,0.5655,285.57,291.7,1920.0,941.15,21.16
2259,9.0,0.0,0.5792,297.79,306.36,1919.96,932.94,23.16
2260,9.0,0.0,0.6135,318.8,300.69,1920.0,916.88,18.77
2261,9.0,0.0,0.7001,333.79,286.95,1920.0,929.88,18.9
2262,9.0,0.0,0.657,344.44,282.68,1920.0,936.05,18.66
2263,9.0,0.0,0.6239,363.63,298.43,1904.71,900.79,25.28
2264,9.0,0.0,0.6308,380.11,275.66,1916.88,910.1,18.92
2265,9.0,0.0,0.6576,394.39,275.08,1920.0,903.82,25.01
2266,9.0,0.0,0.6543,403.11,267.44,1920.0,910.28,18.76
2267,9.0,0.0,0.6561,417.39,263.49,1920.0,904.98,18.59
2268,9.0,0.0,0.7187,425.31,248.06,1920.0,898.9,19.59
2269,9.0,0.0,0.7208,433.25,249.64,1919.49,891.34,18.75
2270,9.0,0.0,0.7186,437.83,244.74,1919.69,896.79,18.74
2271,9.0,0.0,0.7369,444.59,237.88,1918.36,919.08,16.92
2272,9.0,0.0,0.7584,462.83,240.0,1916.25,897.7,17.56
2273,9.0,0.0,0.7467,468.46,238.17,1916.1,901.46,20.91
2274,9.0,0.0,0.6648,473.46,238.78,1916.43,885.81,21.25
2275,9.0,0.0,0.6966,476.69,235.8,1914.52,868.74,21.07
2276,9.0,0.0,0.7595,479.3,230.35,1913.91,881.8,21.1
2277,9.0,0.0,0.6503,480.69,221.21,1914.85,897.42,22.5
2278,9.0,0.0,0.631,482.66,221.61,1915.23,896.74,20.57
2279,9.0,0.0,0.6858,483.7,217.22,1915.89,949.16,21.22
2280,9.0,0.0,0.6186,486.69,214.41,1915.26,900.43,21.09
2281,9.0,0.0,0.6493,486.63,201.58,1916.08,947.67,19.19
2282,9.0,0.0,0.5984,478.37,179.81,1915.96,1017.25,18.57
2283,9.0,0.0,0.5673,476.47,165.54,1916.25,1039.5,25.01
2284,9.0,0.0,0.5947,478.83,164.16,1915.63,1024.85,21.22
2285,9.0,0.0,0.5663,489.29,159.0,1914.29,1051.28,21.15
2286,9.0,0.0,0.4855,494.58,154.73,1915.17,1050.06,20.79
2287,9.0,0.0,0.4631,497.27,148.41,1915.56,1067.83,31.42
2288,9.0,0.0,0.4114,497.74,143.75,1916.08,1080.0,21.34
2289,9.0,0.0,0.6119,499.98,148.2,1915.31,1068.54,21.15
2290,9.0,0.0,0.5726,498.35,151.67,1915.7,1066.13,26.45
2291,9.0,0.0,0.5529,498.02,147.45,1915.96,1072.31,23.38
2292,9.0,0.0,0.4729,499.36,144.65,1915.45,1076.41,18.85
2293,9.0,0.0,0.6632,504.01,149.97,1915.76,1065.17,18.53
2294,9.0,0.0,0.7025,508.62,147.65,1916.19,1059.43,24.94
2295,9.0,0.0,0.6509,510.46,147.25,1916.71,1047.43,18.7
2296,9.0,0.0,0.6569,511.53,149.34,1916.57,1054.25,18.61
2297,9.0,0.0,0.7106,513.45,148.44,1916.57,1067.3,25.25
2298,9.0,0.0,0.7129,516.03,152.84,1916.61,1065.42,18.69
2299,9.0,0.0,0.6856,524.12,157.48,1916.99,1034.17,18.73
2300,9.0,0.0,0.7159,525.05,157.81,1916.9,1027.31,18.63
2301,9.0,0.0,0.7277,528.85,161.34,1916.43,1052.7,18.61
2302,9.0,0.0,0.669,528.73,162.44,1916.48,1069.71,18.09
2303,9.0,0.0,0.6559,530.01,163.4,1916.56,1071.01,25.62
2304,9.0,0.0,0.5734,534.23,166.59,1917.39,1061.25,27.2
2305,9.0,0.0,0.675,544.36,166.53,1916.26,1060.8,21.27
2306,9.0,0.0,0.6238,551.67,181.42,1915.35,1032.77,21.27
2307,9.0,0.0,0.6761,559.52,182.88,1914.37,1013.44,21.14
2308,9.0,0.0,0.6305,562.56,190.42,1915.09,1004.88,20.79
2309,9.0,0.0,0.672,567.64,188.33,1914.12,1021.64,23.83
2310,9.0,0.0,0.6357,562.14,188.08,1915.55,1039.21,21.27
2311,9.0,0.0,0.6581,566.45,190.62,1915.59,1038.94,20.27
2312,9.0,0.0,0.7192,563.31,200.53,1916.31,1026.48,19.65
2313,9.0,0.0,0.7487,556.88,203.55,1915.7,1018.91,18.96
2314,9.0,0.0,0.734,548.42,203.97,1916.0,1028.82,29.21
2315,9.0,0.0,0.7452,541.11,207.74,1916.32,1029.32,20.98
2316,9.0,0.0,0.7252,539.4,213.92,1915.92,1007.14,24.06
2317,9.0,0.0,0.7274,538.79,218.1,1914.96,989.88,21.14
2318,9.0,0.0,0.7448,536.37,217.7,1915.45,955.39,31.45
2319,9.0,0.0,0.7028,540.89,224.2,1915.82,969.46,20.78
2320,9.0,0.0,0.7508,535.08,219.88,1915.2,972.65,25.19
2321,9.0,0.0,0.7857,531.79,225.17,1914.99,975.84,18.5
2322,9.0,0.0,0.773,533.31,224.09,1913.67,972.84,23.63
2323,9.0,0.0,0.781,536.15,226.5,1912.31,981.12,18.78
2324,9.0,0.0,0.7464,535.78,225.69,1912.04,989.61,25.05
2325,9.0,0.0,0.723,534.65,225.27,1912.03,976.77,18.75
2326,9.0,0.0,0.7276,532.57,225.95,1912.46,975.77,25.19
2327,9.0,0.0,0.7476,529.18,220.22,1912.67,967.07,18.95
2328,9.0,0.0,0.7565,526.26,221.75,1913.36,963.89,18.75
2329,9.0,0.0,0.7635,521.97,223.05,1912.96,958.69,25.02
2330,9.0,0.0,0.7521,518.75,221.25,1913.54,969.23,18.63
2331,9.0,0.0,0.6612,509.45,197.29,1914.76,1007.52,24.85
2332,9.0,0.0,0.7384,505.55,193.03,1914.87,1024.09,19.09
2333,9.0,0.0,0.7104,506.92,182.63,1915.74,1042.05,22.41
2334,9.0,0.0,0.7087,511.34,175.01,1915.84,1051.7,25.22
2335,9.0,0.0,0.7322,513.08,169.62,1913.87,1058.68,21.11
2336,9.0,0.0,0.7315,512.34,174.67,1914.48,1066.07,21.18
2337,9.0,0.0,0.7061,509.46,176.15,1914.63,1066.85,21.15
2338,9.0,0.0,0.6918,509.95,182.42,1914.29,1061.2,21.02
2339,9.0,0.0,0.7177,513.64,184.07,1914.3,1047.5,21.19
2340,9.0,0.0,0.6986,515.13,184.23,1914.19,1037.38,21.53
2341,9.0,0.0,0.6874,515.26,184.92,1915.06,1035.97,18.49
2342,9.0,0.0,0.6869,517.21,184.39,1914.17,1036.03,20.21
2343,9.0,0.0,0.7044,517.93,180.97,1915.13,1036.15,18.82
2344,9.0,0.0,0.6942,521.19,175.01,1916.08,1036.58,20.82
2345,9.0,0.0,0.6807,519.59,169.24,1916.59,1038.84,31.36
2346,9.0,0.0,0.7209,522.86,167.73,1914.7,1037.5,21.27
2347,9.0,0.0,0.7368,524.93,169.88,1912.49,1033.08,21.0
2348,9.0,0.0,0.7251,526.18,179.96,1911.6,1031.65,31.3
2349,9.0,0.0,0.6562,526.75,184.02,1911.85,1028.22,21.07
2350,9.0,0.0,0.705,526.62,185.58,1912.67,1028.18,18.17
2351,9.0,0.0,0.6776,525.75,183.69,1914.73,1028.44,25.28
2352,9.0,0.0,0.6805,524.85,183.84,1915.24,1032.09,25.27
2353,9.0,0.0,0.6398,525.37,180.44,1915.11,1037.1,18.72
2354,9.0,0.0,0.6152,525.54,172.04,1913.72,1048.2,25.39
2355,9.0,0.0,0.6922,525.31,170.18,1912.3,1047.84,24.99
2356,9.0,0.0,0.7036,524.61,164.57,1913.12,1049.82,18.75
2357,9.0,0.0,0.7081,524.86,164.34,1912.77,1046.05,18.58
2358,9.0,0.0,0.8465,224.64,140.53,1920.0,1016.22,14.98
2359,9.0,0.0,0.8556,74.74,99.75,1915.6,1026.8,25.4
2360,9.0,0.0,0.8576,11.16,87.05,1909.52,1027.67,23.0
2361,9.0,0.0,0.8557,0.0,85.94,1905.33,1021.52,18.76
2362,9.0,0.0,0.8556,0.0,92.36,1897.92,1018.99,18.57
2363,9.0,0.0,0.8553,0.0,92.6,1895.92,1016.84,20.0
2364,9.0,0.0,0.854,0.0,95.05,1887.97,1013.08,23.34
2365,9.0,0.0,0.8557,0.0,92.4,1885.56,1013.87,21.26
2366,9.0,0.0,0.8633,0.0,83.33,1895.02,1014.55,17.34
2367,9.0,0.0,0.866,0.0,79.19,1899.19,1014.46,20.85
2368,9.0,0.0,0.8655,0.0,89.31,1901.57,1014.53,28.69
2369,9.0,0.0,0.865,0.0,101.28,1892.49,1012.97,21.11
2370,9.0,0.0,0.8668,0.0,103.99,1893.26,1008.72,21.17
2371,9.0,0.0,0.8684,0.0,109.94,1891.32,1009.44,23.23
2372,9.0,0.0,0.8667,0.0,116.54,1889.38,1011.52,18.67
2373,9.0,0.0,0.8625,0.0,115.76,1882.73,1013.0,19.25
2374,9.0,0.0,0.865,0.0,110.16,1879.0,1012.03,21.44
2375,9.0,0.0,0.8577,0.0,107.03,1884.92,1010.78,21.13
2376,9.0,0.0,0.8584,0.0,114.1,1881.13,1012.58,21.04
2377,9.0,0.0,0.8554,0.0,114.52,1879.29,1012.88,23.66
2378,9.0,0.0,0.8578,0.0,104.57,1881.29,1011.93,31.75
2379,9.0,0.0,0.862,0.0,105.91,1886.26,1011.54,21.25
2380,9.0,0.0,0.8562,0.0,108.34,1886.4,1012.84,22.89
2381,9.0,0.0,0.8575,0.0,107.09,1885.81,1011.8,25.25
2382,9.0,0.0,0.857,0.0,107.2,1889.53,1010.34,18.75
2383,9.0,0.0,0.8551,0.0,108.17,1888.3,1011.29,25.59
2384,9.0,0.0,0.8577,0.0,103.13,1890.3,1012.26,18.61
2385,9.0,0.0,0.8574,0.0,99.31,1888.02,1011.35,25.32
2386,9.0,0.0,0.8576,0.0,99.09,1887.73,1011.03,25.0
2387,9.0,0.0,0.863,0.0,98.09,1889.49,1011.34,18.63
2388,9.0,0.0,0.8577,0.0,102.34,1892.94,1011.08,25.09
2389,9.0,0.0,0.8567,0.0,101.58,1892.02,1011.8,18.75
2390,9.0,0.0,0.8582,0.0,103.95,1893.55,1012.3,24.79
2391,9.0,0.0,0.8565,0.0,104.7,1895.57,1012.27,18.74
2392,9.0,0.0,0.8575,0.0,111.42,1897.52,1011.23,25.24
2393,9.0,0.0,0.8641,0.0,105.38,1901.72,1010.72,20.25
2394,9.0,0.0,0.8549,0.0,108.35,1899.19,1011.92,29.06
2395,9.0,0.0,0.8582,0.0,104.27,1897.46,1010.59,30.03
2396,9.0,0.0,0.8639,0.0,106.47,1896.65,1008.65,21.24
2397,9.0,0.0,0.866,0.0,108.57,1905.23,1008.6,31.91
2398,9.0,0.0,0.8581,0.0,111.7,1902.52,1008.04,21.2
2399,9.0,0.0,0.8574,0.0,113.39,1902.67,1007.25,21.01
2400,9.0,0.0,0.8663,0.0,112.89,1907.97,1007.09,21.19
2401,9.0,0.0,0.865,0.0,104.05,1907.49,1007.59,20.27
2402,9.0,0.0,0.8649,0.0,106.98,1910.27,1007.91,18.66
2403,9.0,0.0,0.8582,0.0,105.46,1912.96,1005.73,25.86
2404,9.0,0.0,0.8667,0.05,80.46,1910.34,1009.01,31.91
2405,9.0,0.0,0.8634,0.0,77.52,1911.86,1008.4,24.73
2406,9.0,0.0,0.8608,0.0,78.67,1912.0,1009.05,28.92
2407,9.0,0.0,0.5891,0.0,143.18,1920.0,600.63,15.93
2408,9.0,0.0,0.5842,158.81,154.1,1891.11,604.76,30.06
2409,9.0,0.0,0.5879,222.45,157.87,1891.37,640.11,23.48
2410,9.0,0.0,0.5597,259.4,164.76,1900.83,672.33,22.19
2411,9.0,0.0,0.5845,248.88,166.07,1905.88,685.09,21.72
2412,9.0,0.0,0.4704,266.09,166.08,1903.47,689.17,18.65
2413,9.0,0.0,0.575,230.71,159.21,1901.56,937.1,25.19
2414,9.0,0.0,0.6394,191.71,150.93,1899.07,1029.61,19.05
2415,9.0,0.0,0.7183,162.4,145.47,1900.05,1075.96,18.61
2416,9.0,0.0,0.6865,106.86,136.22,1900.42,1080.0,25.24
2417,9.0,0.0,0.6553,81.18,137.23,1898.76,1080.0,17.56
2418,9.0,0.0,0.685,125.41,133.09,1902.1,1080.0,26.95
2419,9.0,0.0,0.7038,113.58,123.39,1905.83,1080.0,21.35
2420,9.0,0.0,0.6353,77.67,129.97,1904.96,1080.0,18.74
2421,9.0,0.0,0.68,47.47,132.13,1906.75,1080.0,25.42
2422,9.0,0.0,0.64,40.48,135.12,1907.5,1080.0,23.06
2423,9.0,0.0,0.5833,45.54,140.25,1908.52,1079.49,21.09
2424,9.0,0.0,0.6649,24.31,139.44,1908.23,1074.71,30.89
2425,9.0,0.0,0.6289,32.37,139.32,1907.01,1052.49,24.18
2426,9.0,0.0,0.6287,28.4,136.67,1906.67,1044.74,21.12
2427,9.0,0.0,0.6302,14.73,138.33,1905.8,1061.89,21.1
2428,9.0,0.0,0.6576,10.47,139.88,1904.37,1070.16,23.19
2429,9.0,0.0,0.664,10.43,112.56,1898.74,1078.16,26.51
2430,9.0,0.0,0.6932,22.44,126.32,1902.38,1071.08,31.93
2431,9.0,0.0,0.664,15.64,134.18,1903.42,1068.67,30.09
2432,9.0,0.0,0.6646,14.88,141.95,1902.11,1065.21,18.64
2433,9.0,0.0,0.7072,9.13,137.86,1903.5,1067.03,22.96
2434,9.0,0.0,0.7398,12.52,139.04,1901.67,1063.21,23.95
2435,9.0,0.0,0.6978,15.23,143.72,1901.46,1062.02,27.33
2436,9.0,0.0,0.6048,37.83,150.74,1902.17,1055.73,21.15
2437,9.0,0.0,0.5723,46.03,151.93,1905.45,1048.27,30.48
2438,9.0,0.0,0.6555,41.58,146.36,1905.86,1046.79,23.81
2439,9.0,0.0,0.5754,74.43,150.21,1908.01,1049.98,20.58
2440,9.0,0.0,0.5239,160.4,148.72,1910.26,995.29,20.78
2441,9.0,0.0,0.5664,199.15,152.46,1903.7,827.24,30.27
2442,9.0,0.0,0.566,213.63,151.06,1907.36,913.6,18.55
2443,9.0,0.0,0.5579,220.22,151.93,1908.74,937.47,24.83
2444,9.0,0.0,0.5486,209.08,152.3,1909.01,959.13,25.29
2445,9.0,0.0,0.5606,213.29,152.25,1909.49,961.29,26.5
2446,9.0,0.0,0.5676,173.97,153.22,1910.38,1022.38,22.27
2447,9.0,0.0,0.5391,145.83,153.97,1910.23,1044.76,25.22
2448,9.0,0.0,0.6747,140.32,154.89,1908.98,1042.53,25.55
2449,9.0,0.0,0.6388,108.35,155.06,1909.38,1048.81,18.74
2450,9.0,0.0,0.6927,76.81,154.37,1909.09,1049.57,18.75
2451,9.0,0.0,0.5567,149.31,152.5,1909.26,1019.58,22.88
2452,9.0,0.0,0.5153,195.71,153.43,1909.17,984.76,25.72
2453,9.0,0.0,0.5465,131.58,153.29,1906.7,1031.87,18.94
2454,9.0,0.0,0.5288,123.59,154.09,1905.75,1047.94,18.06
2455,9.0,0.0,0.5166,117.44,152.4,1907.44,1009.23,24.27
2456,9.0,0.0,0.5613,112.41,154.78,1908.33,989.81,21.14
2457,9.0,0.0,0.5536,152.38,154.79,1908.35,978.48,31.93
2458,9.0,0.0,0.5542,175.74,154.87,1903.97,837.92,31.71
2459,9.0,0.0,0.5492,186.2,154.74,1901.67,781.88,21.23
2460,9.0,0.0,0.5355,194.76,154.76,1900.79,763.63,27.49
2461,9.0,0.0,0.1233,200.66,133.45,1884.5,709.7,18.74
2462,9.0,0.0,0.4734,189.1,146.75,1894.13,740.12,26.38
2463,9.0,0.0,0.6054,221.43,151.68,1899.48,737.07,19.42
2464,9.0,0.0,0.579,241.19,153.85,1906.4,750.41,27.19
2465,9.0,0.0,0.5255,230.63,154.19,1903.1,755.45,32.36
2466,9.0,0.0,0.5207,220.14,154.1,1901.28,761.69,21.18
2467,9.0,0.0,0.5322,220.28,154.06,1901.77,760.15,29.56
2468,9.0,0.0,0.5142,224.52,153.65,1902.24,759.73,31.66
2469,9.0,0.0,0.5212,227.6,153.37,1902.36,761.3,35.88
2470,9.0,0.0,0.5256,230.6,153.76,1902.85,761.43,20.91
2471,9.0,0.0,0.5426,232.36,153.94,1904.5,761.41,22.6
2472,9.0,0.0,0.5201,231.85,154.69,1904.65,758.57,25.27
2473,9.0,0.0,0.547,248.53,154.74,1908.8,763.47,26.83
2474,9.0,0.0,0.5633,260.05,154.44,1911.85,764.28,24.74
2475,9.0,0.0,0.5444,245.47,154.3,1907.14,760.95,18.89
2476,9.0,0.0,0.5137,256.89,153.08,1911.2,878.74,18.75
2477,9.0,0.0,0.5031,254.53,152.83,1912.3,926.33,25.34
2478,9.0,0.0,0.5422,255.49,152.39,1912.47,961.02,24.93
2479,9.0,0.0,0.5453,257.06,152.95,1912.54,976.59,21.31
2480,9.0,0.0,0.5402,253.15,153.51,1912.32,984.55,19.72
2481,9.0,0.0,0.5532,257.19,153.93,1913.13,982.04,19.61
2482,9.0,0.0,0.536,251.38,153.91,1912.8,992.52,18.83
2483,9.0,0.0,0.552,250.14,152.78,1912.67,977.93,25.1
2484,,,,,,,,14.81
2485,,,,,,,,29.52
2486,,,,,,,,19.4
2487,,,,,,,,30.26
2488,,,,,,,,31.52
2489,,,,,,,,35.53
2490,,,,,,,,25.68
2491,,,,,,,,18.77
2492,,,,,,,,18.49
2493,,,,,,,,25.06
2494,,,,,,,,31.75
2495,,,,,,,,31.71
2496,,,,,,,,20.98
2497,,,,,,,,21.1
2498,,,,,,,,20.98
2499,,,,,,,,31.96
2500,,,,,,,,31.83
2501,,,,,,,,31.05
2502,,,,,,,,23.22
2503,,,,,,,,75.52
2504,,,,,,,,21.94
2505,,,,,,,,22.29
2506,,,,,,,,25.0
2507,,,,,,,,24.77
2508,,,,,,,,35.69
2509,,,,,,,,75.32
2510,,,,,,,,37.19
2511,,,,,,,,25.12
2512,,,,,,,,25.41
2513,,,,,,,,29.85
2514,,,,,,,,25.18
2515,,,,,,,,49.83
2516,,,,,,,,36.81
2517,,,,,,,,23.89
2518,,,,,,,,25.99
2519,,,,,,,,30.15
2520,,,,,,,,25.1
2521,,,,,,,,21.98
2522,,,,,,,,19.66
2523,,,,,,,,19.6
2524,,,,,,,,29.65
2525,,,,,,,,33.85
2526,,,,,,,,24.72
2527,,,,,,,,23.96
2528,,,,,,,,29.79
2529,,,,,,,,26.9
2530,,,,,,,,20.82
2531,,,,,,,,33.57
2532,,,,,,,,24.82
2533,,,,,,,,21.52
2534,,,,,,,,24.99
2535,,,,,,,,27.38
2536,,,,,,,,23.91
2537,,,,,,,,27.31
2538,,,,,,,,25.31
2539,,,,,,,,23.53
2540,,,,,,,,24.71
2541,,,,,,,,25.12
2542,,,,,,,,25.34
2543,,,,,,,,25.22
2544,,,,,,,,24.84
2545,,,,,,,,24.81
2546,,,,,,,,32.1
2547,,,,,,,,32.65
2548,,,,,,,,31.95
2549,,,,,,,,25.74
2550,,,,,,,,28.66
2551,,,,,,,,24.39
2552,,,,,,,,31.74
2553,,,,,,,,36.11
2554,,,,,,,,51.83
2555,,,,,,,,63.96
2556,,,,,,,,38.45
2557,,,,,,,,135.64
2558,,,,,,,,63.87
2559,,,,,,,,64.18
2560,,,,,,,,31.74
2561,,,,,,,,31.43
2562,,,,,,,,63.54
2563,,,,,,,,63.48
2564,,,,,,,,65.04
2565,,,,,,,,76.24
2566,,,,,,,,37.47
2567,,,,,,,,70.99
2568,,,,,,,,37.4
2569,,,,,,,,73.24
2570,,,,,,,,73.9
2571,,,,,,,,41.44
2572,,,,,,,,60.47
2573,,,,,,,,103.57
2574,,,,,,,,37.51
2575,,,,,,,,72.71
2576,,,,,,,,75.07
2577,,,,,,,,36.8
2578,,,,,,,,77.39
2579,,,,,,,,58.3
2580,,,,,,,,75.35
2581,,,,,,,,60.7
2582,,,,,,,,47.11
2583,,,,,,,,35.54
2584,,,,,,,,68.09
2585,,,,,,,,58.83
2586,,,,,,,,545.21
2587,,,,,,,,38.6
2588,,,,,,,,63.93
2589,,,,,,,,63.66
2590,,,,,,,,15.67
2591,,,,,,,,95.96
2592,,,,,,,,21.11
2593,,,,,,,,575.43
2594,,,,,,,,26.97
2595,,,,,,,,572.68
2596,,,,,,,,76.5
2597,,,,,,,,76.72
2598,,,,,,,,38.01
2599,,,,,,,,74.18
2600,,,,,,,,74.99
2601,,,,,,,,22.34
2602,,,,,,,,78.35
2603,,,,,,,,75.21
2604,,,,,,,,61.4
2605,,,,,,,,79.06
2606,,,,,,,,74.7
2607,,,,,,,,78.98
2608,,,,,,,,37.23
2609,,,,,,,,73.13
2610,,,,,,,,58.83
2611,,,,,,,,58.53
2612,,,,,,,,76.32
2613,,,,,,,,57.08
2614,,,,,,,,62.5
2615,,,,,,,,38.85
2616,,,,,,,,63.86
2617,,,,,,,,17.57
2618,,,,,,,,63.77
2619,,,,,,,,105.02
2620,,,,,,,,85.03
2621,,,,,,,,63.82
2622,,,,,,,,63.52
2623,,,,,,,,63.57
2624,,,,,,,,63.76
2625,,,,,,,,63.62
2626,,,,,,,,21.2
2627,,,,,,,,76.91
2628,,,,,,,,75.48
2629,,,,,,,,25.04
2630,,,,,,,,71.52
2631,,,,,,,,75.35
2632,,,,,,,,77.47
2633,,,,,,,,25.46
2634,,,,,,,,76.56
2635,,,,,,,,37.46
2636,,,,,,,,77.43
2637,,,,,,,,76.89
2638,,,,,,,,37.56
2639,,,,,,,,64.06
2640,,,,,,,,73.27
2641,,,,,,,,28.66
2642,,,,,,,,37.08
2643,,,,,,,,62.5
2644,,,,,,,,66.65
2645,,,,,,,,63.77
2646,,,,,,,,63.83
2647,,,,,,,,62.5
2648,,,,,,,,68.0
2649,,,,,,,,72.63
2650,,,,,,,,0.0
2651,,,,,,,,64.62
2652,,,,,,,,63.85
2653,,,,,,,,63.9
2654,,,,,,,,63.33
2655,,,,,,,,188.71
2656,,,,,,,,101.75
2657,,,,,,,,64.79
2658,,,,,,,,17.53
2659,11.0,0.0,0.8656,0.0,174.99,1914.3,1079.59,24.15
2660,11.0,0.0,0.8615,0.01,173.31,1914.9,1079.9,24.77
2661,11.0,0.0,0.8655,0.08,176.81,1915.36,1079.93,25.21
2662,11.0,0.0,0.8706,0.25,176.93,1914.32,1078.95,25.01
2663,11.0,0.0,0.876,0.71,172.86,1913.13,1076.11,28.67
2664,11.0,0.0,0.8702,0.55,169.54,1912.76,1076.15,31.74
2665,11.0,0.0,0.8732,0.53,169.61,1916.18,1073.19,24.99
2666,11.0,0.0,0.8748,0.0,176.87,1913.65,1074.83,24.84
2667,11.0,0.0,0.8769,0.0,179.43,1916.56,1073.1,24.62
2668,11.0,0.0,0.8687,0.0,181.96,1914.85,1069.93,24.98
2669,11.0,0.0,0.8809,0.0,184.36,1913.16,1072.48,31.55
2670,11.0,0.0,0.8726,0.0,178.37,1913.11,1075.31,25.02
2671,11.0,0.0,0.867,0.0,181.71,1914.7,1075.81,24.47
2672,11.0,0.0,0.867,0.0,183.69,1917.11,1075.4,24.68
2673,11.0,0.0,0.8619,0.0,179.83,1916.91,1077.75,25.67
2674,11.0,0.0,0.8832,0.91,173.95,1913.48,1074.05,31.97
2675,11.0,0.0,0.8609,0.04,170.75,1916.88,1076.08,27.13
2676,11.0,0.0,0.8617,0.0,169.66,1917.72,1074.01,32.25
2677,11.0,0.0,0.8714,0.5,172.03,1914.73,1077.46,21.14
2678,11.0,0.0,0.8473,0.0,178.96,1914.76,1066.83,31.33
2679,11.0,0.0,0.8417,0.0,182.34,1915.05,1059.68,25.49
2680,11.0,0.0,0.8519,0.91,168.51,1915.17,1059.25,25.24
2681,11.0,0.0,0.8707,1.04,158.37,1916.57,1063.38,21.27
2682,11.0,0.0,0.8712,1.54,134.23,1917.62,1051.8,25.07
2683,11.0,0.0,0.8672,0.39,128.37,1915.54,1051.48,25.04
2684,11.0,0.0,0.8651,0.09,115.9,1914.0,1035.55,23.29
2685,11.0,0.0,0.8535,0.0,99.47,1913.67,1053.16,21.05
2686,11.0,0.0,0.8468,0.0,85.55,1913.2,1038.57,24.84
2687,11.0,0.0,0.8532,0.0,75.79,1911.62,1032.69,24.78
2688,11.0,0.0,0.8505,0.0,68.68,1912.59,1043.97,18.64
2689,11.0,0.0,0.8373,0.0,64.15,1908.71,1046.85,25.19
2690,11.0,0.0,0.8161,0.0,61.46,1906.18,1050.21,20.05
2691,11.0,0.0,0.8191,0.0,51.82,1894.48,1069.04,18.16
2692,11.0,0.0,0.7783,0.0,51.76,1887.17,1067.66,20.68
2693,11.0,0.0,0.6733,0.0,45.57,1815.54,1065.25,22.36
2694,11.0,0.0,0.6987,0.0,45.16,1762.35,1059.7,25.05
2695,11.0,0.0,0.5853,0.21,36.96,1722.48,1056.34,32.57
2696,11.0,0.0,0.5502,4.02,16.67,1781.23,1072.01,27.46
2697,11.0,0.0,0.5597,1.38,39.18,1546.06,1048.57,31.88
2698,11.0,0.0,0.5911,0.39,35.8,1453.01,1047.68,20.85
2699,11.0,0.0,0.6903,0.03,34.61,1407.39,1050.16,30.27
2700,11.0,0.0,0.7474,0.0,29.48,1375.73,1055.19,30.4
2701,11.0,0.0,0.7089,0.0,23.1,1365.92,1057.34,22.77
2702,11.0,0.0,0.5563,20.83,6.41,1726.04,1072.43,24.75
2703,11.0,0.0,0.7036,9.06,22.8,1469.86,1054.09,26.25
2704,11.0,0.0,0.6728,3.24,25.88,1339.71,1046.5,18.67
2705,11.0,0.0,0.5911,1.17,28.35,1283.28,1045.82,21.03
2706,11.0,0.0,0.6795,3.5,8.89,1706.08,1068.19,27.21
2707,11.0,0.0,0.549,7.36,1.72,1846.13,1076.5,21.09
2708,11.0,0.0,0.5123,77.77,0.0,1905.11,1079.66,21.08
2709,11.0,0.0,0.702,30.29,14.18,1445.82,1050.4,21.76
2710,11.0,0.0,0.6638,9.41,17.28,1248.95,1037.49,18.65
2711,11.0,0.0,0.666,2.73,19.39,1190.62,1030.35,24.78
2712,11.0,0.0,0.5827,0.57,21.09,1163.55,1030.67,23.22
2713,11.0,0.0,0.7001,0.0,22.54,1152.07,1029.45,24.77
2714,11.0,0.0,0.6802,0.0,23.43,1140.77,1028.02,18.63
2715,11.0,0.0,0.6794,0.0,25.68,1145.63,1029.6,25.27
2716,11.0,0.0,0.66,0.0,27.47,1137.08,1030.83,24.79
2717,11.0,0.0,0.5256,0.0,26.96,1128.87,1033.12,18.8
2718,11.0,0.0,0.5402,6.18,9.22,1656.25,1063.83,24.75
2719,11.0,0.0,0.6138,2.76,21.93,1376.16,1047.96,22.28
2720,11.0,0.0,0.5717,0.93,29.24,1220.3,1041.36,18.76
2721,11.0,0.0,0.7151,0.8,31.83,1142.65,1038.37,24.75
2722,,,,,,,,12.98
2723,,,,,,,,21.92
2724,,,,,,,,24.35
2725,,,,,,,,21.23
2726,,,,,,,,31.88
2727,,,,,,,,23.74
2728,,,,,,,,21.02
2729,,,,,,,,27.44
2730,,,,,,,,21.54
2731,,,,,,,,23.36
2732,,,,,,,,18.41
2733,,,,,,,,22.11
2734,,,,,,,,25.74
2735,,,,,,,,31.96
2736,,,,,,,,31.94
2737,,,,,,,,21.35
2738,,,,,,,,31.56
2739,,,,,,,,26.21
2740,,,,,,,,23.94
2741,,,,,,,,18.94
2742,,,,,,,,23.53
2743,,,,,,,,21.48
2744,,,,,,,,29.14
2745,,,,,,,,18.62
2746,,,,,,,,24.61
2747,,,,,,,,23.0
2748,,,,,,,,25.1
2749,,,,,,,,18.66
2750,11.0,0.0,0.5105,109.24,51.36,1541.42,1007.38,20.09
2751,11.0,0.0,0.1919,127.89,55.72,1435.05,965.51,18.74
2752,11.0,0.0,0.577,109.17,36.91,1744.45,988.07,28.33
2753,11.0,0.0,0.5151,102.06,41.6,1812.79,983.6,23.5
2754,11.0,0.0,0.5346,91.61,50.72,1846.02,1002.42,24.07
2755,11.0,0.0,0.6357,63.65,65.0,1881.41,1030.38,33.3
2756,11.0,0.0,0.7071,32.14,78.32,1893.69,1042.33,21.0
2757,11.0,0.0,0.6156,17.22,96.95,1894.09,1025.17,31.7
2758,11.0,0.0,0.4603,10.01,106.48,1820.14,1013.84,20.94
2759,11.0,0.0,0.3509,6.38,126.05,1753.27,1033.99,21.02
2760,11.0,0.0,0.4992,2.81,139.21,1740.93,1032.86,21.14
2761,11.0,0.0,0.38,1.1,123.54,1624.99,1032.6,22.71
2762,11.0,0.0,0.4994,2.11,135.35,1767.77,1049.96,19.7
2763,11.0,0.0,0.4186,1.27,138.9,1585.48,1048.13,17.13
2764,11.0,0.0,0.4487,2.78,144.14,1727.17,1062.87,21.61
2765,11.0,0.0,0.3762,0.94,127.19,1593.48,1072.72,21.35
2766,11.0,0.0,0.3868,0.27,134.96,1503.97,1058.03,31.6
2767,11.0,0.0,0.3288,2.34,142.24,1624.29,1059.07,21.21
2768,11.0,0.0,0.4511,0.83,153.56,1550.96,1040.38,23.79
2769,11.0,0.0,0.5158,0.52,159.84,1432.65,978.76,21.05
2770,11.0,0.0,0.5845,1.42,168.45,1365.53,948.1,21.31
2771,11.0,0.0,0.5202,0.97,178.03,1343.53,959.36,21.29
2772,11.0,0.0,0.5755,0.85,192.42,1330.91,969.72,25.29
2773,11.0,0.0,0.2101,6.29,171.87,1345.02,981.93,18.47
2774,11.0,0.0,0.4054,5.33,160.41,1402.71,1014.74,18.86
2775,11.0,0.0,0.7113,2.83,84.75,1359.5,1017.37,25.2
2776,11.0,0.0,0.6538,1.03,39.76,1352.44,1010.8,24.83
2777,11.0,0.0,0.5467,3.2,49.44,1679.96,1006.16,18.77
2778,11.0,0.0,0.7162,2.58,43.01,1518.84,971.08,24.97
2779,11.0,0.0,0.5664,1.14,50.08,1442.17,982.53,18.64
2780,11.0,0.0,0.5817,3.44,31.95,1559.53,948.27,18.74
2781,11.0,0.0,0.3699,14.92,62.69,1465.55,936.05,25.24
2782,11.0,0.0,0.5757,9.04,29.5,1440.52,932.02,18.04
2783,11.0,0.0,0.3155,11.4,44.17,1612.09,929.63,26.16
2784,11.0,0.0,0.4152,10.01,43.86,1671.03,915.14,20.85
2785,11.0,0.0,0.4933,454.64,83.69,1686.62,887.47,26.64
2786,11.0,0.0,0.2597,646.83,65.95,1735.38,896.26,20.83
2787,,,,,,,,21.15
2788,,,,,,,,20.92
2789,,,,,,,,31.64
2790,,,,,,,,21.03
2791,,,,,,,,27.47
2792,,,,,,,,22.94
2793,,,,,,,,19.02
2794,,,,,,,,21.67
2795,,,,,,,,21.06
2796,,,,,,,,21.28
2797,,,,,,,,17.81
2798,,,,,,,,26.46
2799,,,,,,,,24.11
2800,,,,,,,,19.59
2801,,,,,,,,25.23
2802,,,,,,,,18.88
2803,,,,,,,,18.69
2804,,,,,,,,25.26
2805,,,,,,,,18.85
2806,,,,,,,,18.78
2807,,,,,,,,19.95
2808,,,,,,,,18.66
2809,,,,,,,,18.58
2810,,,,,,,,25.39
2811,,,,,,,,23.6
2812,,,,,,,,18.13
2813,,,,,,,,20.08
2814,,,,,,,,20.95
2815,,,,,,,,20.79
2816,,,,,,,,20.99
2817,,,,,,,,19.34
2818,,,,,,,,21.04
2819,,,,,,,,31.49
2820,,,,,,,,22.06
2821,,,,,,,,19.08
2822,,,,,,,,24.64
2823,13.0,0.0,0.6718,198.2,0.0,1889.54,968.19,18.93
2824,13.0,0.0,0.6971,252.41,0.0,1894.97,925.63,20.8
2825,13.0,0.0,0.595,263.49,0.0,1916.67,926.94,23.73
2826,13.0,0.0,0.5841,268.73,0.0,1920.0,914.88,16.9
2827,13.0,0.0,0.441,336.85,0.0,1920.0,902.86,21.44
2828,13.0,0.0,0.1961,127.29,0.0,1920.0,855.19,21.15
2829,13.0,0.0,0.8781,6.4,98.19,1908.84,1023.09,15.94
2830,13.0,0.0,0.8773,0.0,151.78,1906.7,1065.64,18.73
2831,13.0,0.0,0.8693,0.0,164.56,1906.27,1079.93,18.92
2832,13.0,0.0,0.8729,0.0,166.85,1907.11,1080.0,18.7
2833,13.0,0.0,0.8646,0.0,168.29,1908.65,1080.0,25.03
2834,13.0,0.0,0.8604,0.0,164.89,1909.52,1080.0,18.43
2835,13.0,0.0,0.8616,0.0,167.22,1910.47,1080.0,18.78
2836,13.0,0.0,0.8657,0.0,161.94,1911.09,1080.0,25.05
2837,13.0,0.0,0.8594,0.0,154.59,1911.68,1080.0,18.86
2838,13.0,0.0,0.8572,0.0,152.41,1912.27,1080.0,18.65
2839,13.0,0.0,0.8523,0.0,153.01,1912.68,1080.0,25.3
2840,13.0,0.0,0.8553,0.0,156.5,1913.08,1080.0,18.72
2841,13.0,0.0,0.8546,0.0,158.03,1913.48,1080.0,18.6
2842,13.0,0.0,0.8551,0.0,161.63,1913.3,1080.0,20.95
2843,13.0,0.0,0.8517,0.0,162.79,1913.64,1080.0,22.3
2844,13.0,0.0,0.8529,0.0,163.81,1914.02,1080.0,21.16
2845,13.0,0.0,0.8478,0.0,164.06,1915.16,1080.0,21.67
2846,13.0,0.0,0.8561,0.0,168.19,1915.5,1080.0,21.02
2847,13.0,0.0,0.8442,0.0,176.24,1916.36,1080.0,31.5
2848,13.0,0.0,0.8565,0.0,189.71,1918.32,1080.0,20.93
2849,13.0,0.0,0.8463,0.28,187.75,1917.9,1080.0,20.97
2850,13.0,0.0,0.837,0.0,202.6,1919.19,1080.0,31.72
2851,13.0,0.0,0.8443,0.0,190.22,1920.0,1080.0,22.79
2852,13.0,0.0,0.8365,0.0,205.53,1920.0,1080.0,18.7
2853,13.0,0.0,0.8255,0.0,218.01,1920.0,1080.0,18.93
2854,13.0,0.0,0.8236,0.0,211.03,1920.0,1080.0,31.91
2855,13.0,0.0,0.8125,0.0,218.53,1920.0,1080.0,20.88
2856,13.0,0.0,0.7941,0.0,227.77,1920.0,1080.0,20.98
2857,13.0,0.0,0.7817,0.31,216.49,1920.0,1080.0,20.97
2858,13.0,0.0,0.7612,0.0,215.1,1920.0,1080.0,21.01
2859,13.0,0.0,0.76,0.0,220.45,1920.0,1080.0,20.08
2860,13.0,0.0,0.5372,0.0,241.8,1915.75,1031.17,18.84
2861,,,,,,,,38.5
2862,13.0,0.0,0.469,0.0,325.97,1918.28,1071.15,18.66
2863,13.0,0.0,0.1635,0.0,82.04,1920.0,1063.5,15.17
2864,,,,,,,,36.91
2865,,,,,,,,37.27
2866,,,,,,,,61.39
2867,,,,,,,,77.6
2868,,,,,,,,37.25
2869,,,,,,,,74.79
2870,,,,,,,,75.32
2871,,,,,,,,78.95
2872,,,,,,,,37.6
2873,,,,,,,,37.21
2874,13.0,0.0,0.1526,10.96,1.56,1869.66,897.18,15.01
2875,,,,,,,,73.92
2876,13.0,0.0,0.2381,5.96,0.0,1870.94,979.81,19.4
2877,13.0,0.0,0.1737,2.8,0.0,1885.17,874.14,21.08
2878,13.0,0.0,0.2362,0.77,0.0,1881.39,838.64,31.75
2879,13.0,0.0,0.1711,6.32,0.0,1873.99,815.78,31.3
2880,13.0,0.0,0.2242,5.61,0.0,1885.24,802.66,21.16
2881,13.0,0.0,0.2522,8.74,0.0,1887.3,956.5,20.82
2882,13.0,0.0,0.212,7.57,0.0,1896.2,1031.6,18.76
2883,13.0,0.0,0.3023,0.0,0.0,1900.97,1065.38,23.66
2884,13.0,0.0,0.3063,0.0,0.0,1890.53,1054.61,37.04
2885,13.0,0.0,0.1379,0.0,0.0,1897.63,1077.97,21.03
2886,13.0,0.0,0.1064,0.0,14.07,1893.9,1080.0,26.59
2887,13.0,0.0,0.1376,0.0,3.62,1889.73,1080.0,26.7
2888,,,,,,,,63.59
2889,,,,,,,,63.25
2890,,,,,,,,63.08
2891,,,,,,,,15.96
2892,,,,,,,,25.39
2893,,,,,,,,24.98
2894,,,,,,,,18.6
2895,,,,,,,,19.81
2896,,,,,,,,25.27
2897,,,,,,,,24.78
2898,,,,,,,,25.24
2899,14.0,0.0,0.5472,1.48,0.04,1368.19,830.61,25.07
2900,14.0,0.0,0.6741,1.42,0.0,1295.43,825.69,22.91
2901,14.0,0.0,0.6745,0.27,0.0,1306.71,818.32,24.82
2902,14.0,0.0,0.543,1.31,0.0,1370.96,831.99,25.07
2903,14.0,0.0,0.4695,1.17,0.21,1392.74,846.26,27.12
2904,14.0,0.0,0.5768,0.24,0.3,1358.6,842.68,25.19
2905,14.0,0.0,0.6003,0.0,0.07,1333.84,831.92,20.29
2906,14.0,0.0,0.6578,0.0,0.0,1291.28,823.28,20.97
2907,14.0,0.0,0.6813,0.0,0.0,1264.17,811.27,23.72
2908,14.0,0.0,0.7052,0.0,0.0,1242.74,806.58,20.97
2909,14.0,0.0,0.6225,0.0,0.0,1295.14,807.72,31.18
2910,14.0,0.0,0.6375,0.0,0.0,1291.57,809.3,21.1
2911,14.0,0.0,0.6029,0.0,0.02,1317.75,818.72,20.64
2912,14.0,0.0,0.6682,0.0,0.11,1340.24,824.52,18.63
2913,14.0,0.0,0.5884,0.0,0.01,1297.76,826.3,23.7
2914,14.0,0.0,0.6747,0.0,0.13,1261.42,810.52,21.14
2915,14.0,0.0,0.5557,0.0,0.26,1279.96,819.04,21.06
2916,14.0,0.0,0.5637,0.0,0.3,1260.11,809.82,21.22
2917,14.0,0.0,0.4865,0.0,0.13,1271.76,819.32,24.53
2918,14.0,0.0,0.5653,0.0,0.0,1245.83,806.26,21.16
2919,14.0,0.0,0.6237,0.01,0.0,1251.49,815.38,19.35
2920,14.0,0.0,0.5726,0.04,0.0,1273.71,814.5,25.94
2921,14.0,0.0,0.4783,1.32,0.0,1357.9,836.46,23.61
2922,14.0,0.0,0.6153,0.85,0.0,1280.14,818.58,18.84
2923,14.0,0.0,0.6243,0.36,0.0,1300.61,818.93,18.82
2924,14.0,0.0,0.5426,0.87,0.03,1363.51,847.67,18.91
2925,14.0,0.0,0.6522,0.75,0.01,1376.36,860.34,18.87
2926,14.0,0.0,0.6482,5.09,0.0,1357.6,847.11,18.78
2927,14.0,0.0,0.6329,3.73,0.0,1354.11,841.02,24.98
2928,14.0,0.0,0.612,1.39,0.0,1331.86,824.91,25.35
2929,14.0,0.0,0.5961,1.0,0.0,1318.22,822.14,25.09
2930,14.0,0.0,0.5357,3.36,0.06,1422.29,846.77,25.21
2931,14.0,0.0,0.5778,1.92,0.09,1433.54,852.62,18.09
2932,14.0,0.0,0.4195,1.36,0.07,1442.81,862.19,31.55
2933,14.0,0.0,0.3188,0.65,0.19,1461.06,853.93,21.02
2934,14.0,0.0,0.5198,0.37,0.32,1441.93,863.04,17.33
2935,14.0,0.0,0.5414,0.54,0.33,1398.67,855.31,21.01
2936,14.0,0.0,0.4725,0.29,0.33,1315.66,849.75,20.73
2937,14.0,0.0,0.5841,0.19,0.31,1313.67,849.25,20.88
2938,14.0,0.0,0.6474,0.15,0.25,1342.32,847.31,20.98
2939,14.0,0.0,0.6205,0.19,0.19,1343.41,843.34,20.96
2940,14.0,0.0,0.1423,0.17,0.18,1281.78,811.55,20.93
2941,14.0,0.0,0.4942,1.07,0.15,1508.76,867.88,19.83
2942,14.0,0.0,0.5655,0.93,0.12,1537.71,922.32,23.08
2943,14.0,0.0,0.5573,0.44,0.06,1434.64,900.39,18.87
2944,14.0,0.0,0.6169,0.18,0.14,1350.19,882.75,18.55
2945,14.0,0.0,0.6741,0.03,0.2,1292.68,876.49,23.99
2946,14.0,0.0,0.6721,0.0,0.26,1368.37,874.9,19.33
2947,14.0,0.0,0.672,0.0,0.24,1365.15,879.63,21.04
2948,14.0,0.0,0.6526,0.0,0.12,1321.59,888.53,20.99
2949,14.0,0.0,0.6101,0.0,0.0,1310.15,877.3,18.99
2950,14.0,0.0,0.6328,0.0,0.0,1276.58,860.2,24.98
2951,14.0,0.0,0.625,0.0,0.0,1260.91,844.18,18.96
2952,14.0,0.0,0.6694,0.0,0.0,1263.42,862.24,18.83
2953,14.0,0.0,0.6229,0.0,0.14,1290.55,868.83,18.63
2954,14.0,0.0,0.6127,0.0,0.16,1295.6,893.04,18.53
2955,14.0,0.0,0.6365,0.0,0.16,1290.31,865.11,18.48
2956,14.0,0.0,0.6605,0.29,0.0,1251.48,862.69,18.92
2957,14.0,0.0,0.6066,0.03,0.0,1261.36,892.59,18.8
2958,14.0,0.0,0.5091,0.08,0.0,1255.57,884.63,18.59
2959,14.0,0.0,0.5962,0.0,0.0,1269.66,879.82,18.88
2960,14.0,0.0,0.6757,0.0,0.0,1293.86,916.57,18.12
2961,14.0,0.0,0.1702,0.0,0.08,1317.26,955.62,23.03
2962,,,,,,,,62.11
2963,14.0,0.0,0.1414,0.0,0.0,1350.81,970.51,21.0
2964,,,,,,,,63.84
2965,14.0,0.0,0.4918,0.0,0.0,1312.26,969.38,20.87
2966,14.0,0.0,0.4168,0.0,0.0,1272.75,984.9,21.05
2967,14.0,0.0,0.5107,0.0,0.04,1254.98,982.44,21.27
2968,,,,,,,,31.11
2969,14.0,0.0,0.1337,0.0,0.0,1226.33,994.85,20.12
2970,14.0,0.0,0.215,0.14,0.17,1204.93,987.53,20.96
2971,14.0,0.0,0.404,0.24,0.36,1192.69,990.07,21.73
2972,14.0,0.0,0.2889,0.3,0.3,1150.48,1001.44,18.66
2973,14.0,0.0,0.493,0.13,0.14,1130.41,1007.08,18.68
2974,14.0,0.0,0.6697,0.1,0.0,1146.49,991.22,18.05
2975,14.0,0.0,0.7754,0.08,0.0,1179.09,992.84,20.91
2976,14.0,0.0,0.3485,0.14,0.0,1202.22,1008.68,20.77
2977,14.0,0.0,0.5002,0.12,0.0,1180.38,1000.56,20.7
2978,14.0,0.0,0.4336,0.19,0.0,1181.03,993.72,21.34
2979,14.0,0.0,0.1335,0.2,0.0,1180.56,978.05,23.3
2980,14.0,0.0,0.1747,0.18,0.0,1135.3,986.83,19.81
2981,,,,,,,,74.55
2982,,,,,,,,38.03
2983,,,,,,,,38.15
2984,,,,,,,,38.97
2985,14.0,0.0,0.1677,0.23,0.0,1161.25,994.11,15.06
2986,14.0,0.0,0.4321,0.31,0.0,1154.03,985.47,19.68
2987,14.0,0.0,0.3072,0.43,0.0,1139.15,996.5,25.05
2988,14.0,0.0,0.4059,0.23,0.06,1129.54,1013.59,18.94
2989,14.0,0.0,0.3928,0.12,0.14,1139.83,991.7,23.22
2990,14.0,0.0,0.5245,0.15,0.12,1143.86,976.25,18.97
2991,14.0,0.0,0.4544,0.15,0.15,1115.77,926.29,18.76
2992,14.0,0.0,0.2924,0.2,0.05,1092.61,964.85,18.6
2993,14.0,0.0,0.4619,0.16,0.01,1091.41,965.14,21.22
2994,14.0,0.0,0.5887,0.19,0.0,1087.54,965.18,21.13
2995,14.0,0.0,0.5726,0.22,0.0,1080.35,967.81,20.07
2996,14.0,0.0,0.6069,0.19,0.05,1082.66,964.38,21.09
2997,14.0,0.0,0.6619,0.19,0.09,1111.95,932.54,31.72
2998,14.0,0.0,0.5918,0.22,0.04,1106.59,951.97,21.23
2999,14.0,0.0,0.6159,0.21,0.04,1124.5,914.44,21.12
3000,14.0,0.0,0.572,0.33,0.03,1122.68,891.02,20.9
3001,14.0,0.0,0.6124,0.31,0.05,1136.27,891.73,21.2
3002,,,,,,,,12.66
3003,,,,,,,,33.4
3004,,,,,,,,36.1
3005,,,,,,,,21.27
3006,,,,,,,,31.63
3007,,,,,,,,20.89
3008,,,,,,,,31.9
3009,,,,,,,,20.41
3010,,,,,,,,18.75
3011,,,,,,,,37.55
3012,,,,,,,,25.21
3013,,,,,,,,18.55
3014,,,,,,,,38.05
3015,,,,,,,,18.9
3016,,,,,,,,18.77
3017,,,,,,,,18.89
3018,,,,,,,,14.95
3019,,,,,,,,18.77
3020,,,,,,,,24.76
3021,14.0,0.0,0.5131,75.69,169.18,1904.38,984.87,24.95
3022,14.0,0.0,0.5532,33.6,216.05,1532.89,1021.4,20.66
3023,14.0,0.0,0.6652,13.05,227.84,1388.48,1026.49,21.6
3024,14.0,0.0,0.6241,4.38,201.19,1699.75,1034.64,20.96
3025,14.0,0.0,0.4934,2.56,170.22,1825.57,1021.05,17.13
3026,14.0,0.0,0.3582,5.61,168.92,1869.59,985.23,26.65
3027,14.0,0.0,0.5209,69.02,196.79,1575.9,957.26,15.9
3028,14.0,0.0,0.3455,22.22,206.76,1461.22,966.89,21.2
3029,14.0,0.0,0.5853,10.69,110.25,1773.14,1024.82,23.08
3030,14.0,0.0,0.3609,74.2,72.17,1879.83,1034.85,17.98
3031,14.0,0.0,0.5538,56.32,60.1,1920.0,1064.39,16.91
3032,14.0,0.0,0.507,61.04,45.74,1920.0,1075.63,18.16
3033,14.0,0.0,0.6677,84.59,108.57,1920.0,1080.0,20.83
3034,14.0,0.0,0.6432,129.34,173.2,1920.0,1080.0,18.05
3035,14.0,0.0,0.5276,196.26,176.65,1920.0,1072.01,24.2
3036,14.0,0.0,0.4381,215.0,105.65,1920.0,1060.29,18.86
3037,14.0,0.0,0.3081,229.12,34.04,1920.0,1069.97,14.39
3038,14.0,0.0,0.2986,224.73,13.83,1919.76,1072.72,14.88
3039,14.0,0.0,0.3137,194.93,16.03,1920.0,1077.28,19.95
3040,14.0,0.0,0.138,173.22,11.93,1920.0,1080.0,24.75
3041,14.0,0.0,0.2242,188.61,5.01,1920.0,1080.0,14.92
3042,14.0,0.0,0.5086,223.37,33.78,1917.1,1080.0,18.77
3043,14.0,0.0,0.2089,252.76,9.77,1920.0,1080.0,14.53
3044,14.0,0.0,0.1479,269.64,91.5,1920.0,1075.69,15.01
3045,14.0,0.0,0.223,272.16,119.39,1920.0,1071.25,18.75
3046,,,,,,,,62.24
3047,,,,,,,,38.23
3048,,,,,,,,37.95
3049,,,,,,,,37.7
3050,,,,,,,,75.1
3051,,,,,,,,62.52
3052,,,,,,,,36.65
3053,,,,,,,,57.29
3054,,,,,,,,15.7
3055,,,,,,,,63.77
3056,,,,,,,,21.37
3057,,,,,,,,17.16
3058,,,,,,,,63.1
3059,,,,,,,,183.83
3060,,,,,,,,37.9
3061,,,,,,,,55.81
3062,,,,,,,,48.45
3063,,,,,,,,41.22
3064,,,,,,,,77.41
3065,,,,,,,,36.59
3066,,,,,,,,43.24
3067,,,,,,,,102.4
3068,,,,,,,,63.59
3069,,,,,,,,62.62
3070,,,,,,,,45.21
3071,,,,,,,,120.05
3072,,,,,,,,45.64
3073,,,,,,,,22.94
3074,,,,,,,,61.53
3075,,,,,,,,31.81
3076,,,,,,,,27.5
3077,,,,,,,,37.46
3078,,,,,,,,25.22
3079,,,,,,,,31.95
3080,,,,,,,,23.48
3081,,,,,,,,25.28
3082,,,,,,,,25.33
3083,,,,,,,,24.98
3084,,,,,,,,25.0
3085,,,,,,,,24.96
3086,,,,,,,,25.29
3087,,,,,,,,24.99
3088,,,,,,,,25.2
3089,,,,,,,,20.11
3090,,,,,,,,33.27
3091,,,,,,,,23.26
3092,,,,,,,,24.76
3093,,,,,,,,22.37
3094,,,,,,,,31.19
3095,,,,,,,,62.76
3096,,,,,,,,31.4
3097,,,,,,,,21.25
3098,,,,,,,,26.45
3099,,,,,,,,31.77
3100,,,,,,,,31.58
3101,,,,,,,,24.34
3102,,,,,,,,77.35
3103,,,,,,,,24.98
3104,,,,,,,,25.44
3105,,,,,,,,25.24
3106,,,,,,,,24.95
3107,,,,,,,,23.24
3108,,,,,,,,25.3
3109,,,,,,,,25.26
3110,,,,,,,,25.03
3111,,,,,,,,24.91
3112,,,,,,,,18.74
3113,,,,,,,,18.84
3114,,,,,,,,24.77
3115,,,,,,,,37.73
3116,,,,,,,,79.32
3117,,,,,,,,33.38
3118,,,,,,,,20.98
3119,,,,,,,,31.82
3120,,,,,,,,26.68
3121,,,,,,,,22.56
3122,,,,,,,,24.99
3123,,,,,,,,20.45
3124,,,,,,,,27.29
3125,,,,,,,,32.58
3126,,,,,,,,31.77
3127,,,,,,,,21.17
3128,,,,,,,,31.37
3129,,,,,,,,31.66
3130,,,,,,,,20.2
3131,,,,,,,,25.24
3132,,,,,,,,25.24
3133,,,,,,,,24.78
3134,,,,,,,,28.38
3135,,,,,,,,18.51
3136,,,,,,,,25.04
3137,,,,,,,,25.17
3138,,,,,,,,25.01
3139,,,,,,,,23.34
3140,,,,,,,,14.94
3141,,,,,,,,18.83
3142,,,,,,,,19.84
3143,15.0,0.0,0.6192,697.94,0.0,1909.34,961.31,24.76
3144,15.0,0.0,0.4756,677.77,0.0,1900.76,928.87,24.77
3145,15.0,0.0,0.3092,668.29,0.0,1902.3,922.13,21.17
3146,,,,,,,,63.63
3147,15.0,0.0,0.187,646.91,0.0,1882.46,838.83,20.98
3148,15.0,0.0,0.1021,254.42,0.0,1883.02,1004.43,23.82
3149,15.0,0.0,0.1635,91.38,3.24,1875.71,1058.8,20.87
3150,15.0,0.0,0.2839,10.83,5.89,1890.58,1080.0,20.87
3151,15.0,0.0,0.198,0.0,6.59,1886.02,1080.0,19.48
3152,15.0,0.0,0.258,0.0,6.07,1908.26,1080.0,18.53
3153,15.0,0.0,0.3122,0.0,7.62,1912.3,1080.0,25.72
3154,15.0,0.0,0.2026,0.0,10.74,1914.05,1080.0,20.77
3155,15.0,0.0,0.4006,0.0,11.44,1902.89,1080.0,23.97
3156,15.0,0.0,0.5375,348.48,15.13,1920.0,1080.0,21.04
3157,15.0,0.0,0.3155,513.69,17.15,1920.0,1080.0,20.94
3158,15.0,0.0,0.5243,177.12,12.77,1723.45,1080.0,21.01
3159,15.0,0.0,0.398,59.72,6.87,1656.67,1080.0,31.7
3160,15.0,0.0,0.3346,4.28,4.47,1615.32,1080.0,19.32
3161,15.0,0.0,0.5909,0.0,0.0,1555.87,1080.0,18.98
3162,15.0,0.0,0.6172,0.0,0.0,1532.79,1080.0,18.58
3163,15.0,0.0,0.611,0.0,0.0,1501.43,1080.0,24.99
3164,15.0,0.0,0.567,0.0,0.0,1493.62,1080.0,18.75
3165,15.0,0.0,0.536,0.0,0.0,1458.3,1080.0,18.73
3166,15.0,0.0,0.4267,0.0,0.0,1435.44,1080.0,25.23
3167,15.0,0.0,0.4085,0.0,0.0,1424.6,1080.0,18.75
3168,15.0,0.0,0.482,5.97,2.79,1413.72,1080.0,18.91
3169,15.0,0.0,0.4675,10.32,5.69,1378.85,1080.0,18.81
3170,15.0,0.0,0.4206,9.23,8.85,1365.12,1080.0,18.73
3171,15.0,0.0,0.3021,9.2,8.84,1331.33,1077.34,18.96
3172,15.0,0.0,0.4352,29.55,8.83,1311.36,1073.08,24.83
3173,15.0,0.0,0.329,20.95,8.93,1268.25,1070.87,18.98
3174,15.0,0.0,0.3928,19.52,0.0,1209.27,1061.32,20.97
3175,15.0,0.0,0.2157,0.0,0.0,1144.56,1060.84,21.0
3176,15.0,0.0,0.3785,0.0,0.0,1099.63,1065.72,21.25
3177,15.0,0.0,0.2615,0.0,0.0,1056.25,1075.27,20.52
3178,15.0,0.0,0.4895,0.0,0.0,1032.22,1080.0,20.92
3179,15.0,0.0,0.4569,0.0,0.0,988.93,1080.0,17.36
3180,15.0,0.0,0.4754,0.0,0.0,961.36,1076.93,21.0
3181,15.0,0.0,0.4222,0.0,0.0,935.53,1077.28,19.87
3182,15.0,0.0,0.4709,0.0,6.99,909.74,1080.0,18.73
3183,15.0,0.0,0.4283,0.37,9.8,876.27,1080.0,26.4
3184,15.0,0.0,0.2251,3.31,8.66,834.57,1077.97,21.04
3185,,,,,,,,21.0
3186,,,,,,,,32.85
3187,,,,,,,,26.91
3188,,,,,,,,21.02
3189,,,,,,,,22.38
3190,,,,,,,,25.21
3191,,,,,,,,25.3
3192,,,,,,,,25.04
3193,,,,,,,,37.47
3194,,,,,,,,18.75
3195,,,,,,,,24.97
3196,,,,,,,,20.03
3197,,,,,,,,37.59
3198,,,,,,,,18.97
3199,,,,,,,,18.88
3200,,,,,,,,14.94
3201,16.0,0.0,0.7196,103.78,60.59,1896.89,1048.9,18.6
3202,16.0,0.0,0.7108,43.17,61.19,1891.89,1041.03,25.68
3203,16.0,0.0,0.7625,25.5,50.86,1892.81,1037.76,20.73
3204,16.0,0.0,0.7388,35.24,44.82,1882.33,1039.33,21.07
3205,16.0,0.0,0.7199,61.12,39.97,1893.21,1044.55,21.07
3206,16.0,0.0,0.7945,62.9,35.66,1898.16,1048.17,31.59
3207,16.0,0.0,0.7823,54.08,30.38,1892.95,1044.52,20.96
3208,16.0,0.0,0.8115,30.27,29.23,1889.53,1057.04,18.48
3209,16.0,0.0,0.802,29.1,14.91,1888.5,1044.19,21.0
3210,16.0,0.0,0.7841,26.06,0.0,1884.1,1052.33,23.76
3211,16.0,0.0,0.766,19.38,0.0,1889.71,1062.08,18.84
3212,16.0,0.0,0.7237,20.98,0.0,1890.26,1062.7,18.69
3213,16.0,0.0,0.6824,8.72,0.0,1904.77,1047.83,18.73
3214,16.0,0.0,0.5754,23.19,26.72,1912.1,1065.98,21.07
3215,16.0,0.0,0.5872,14.31,35.31,1911.02,1076.03,20.92
3216,16.0,0.0,0.7237,8.4,33.2,1909.93,1058.6,20.98
3217,16.0,0.0,0.7636,2.69,20.14,1909.14,1057.3,21.25
3218,16.0,0.0,0.6992,13.57,8.27,1905.8,1062.5,21.04
3219,16.0,0.0,0.6594,6.46,8.62,1902.78,1077.0,23.92
3220,16.0,0.0,0.6706,3.42,9.43,1900.32,1080.0,18.62
3221,16.0,0.0,0.6946,1.42,8.52,1902.57,1080.0,18.5
3222,16.0,0.0,0.6145,0.0,8.53,1903.76,1080.0,25.12
3223,16.0,0.0,0.6065,5.77,7.86,1906.92,1080.0,18.75
3224,16.0,0.0,0.4702,8.02,9.45,1913.49,1080.0,18.78
3225,16.0,0.0,0.5352,0.58,9.84,1914.03,1080.0,18.75
3226,16.0,0.0,0.362,0.21,14.87,1913.97,1080.0,18.93
3227,16.0,0.0,0.6112,0.0,21.12,1913.7,1080.0,18.63
3228,16.0,0.0,0.7244,0.0,26.82,1915.36,1079.11,20.1
3229,16.0,0.0,0.7075,0.0,45.96,1914.02,1078.41,19.0
3230,16.0,0.0,0.7044,1.63,49.09,1911.88,1078.56,18.77
3231,16.0,0.0,0.6889,1.14,54.78,1909.03,1078.14,18.07
3232,16.0,0.0,0.5456,4.02,75.33,1909.79,1077.83,22.23
3233,16.0,0.0,0.5527,5.06,47.71,1873.64,1049.47,21.21
3234,16.0,0.0,0.608,10.39,67.24,1890.7,1066.43,21.17
3235,16.0,0.0,0.5694,10.87,46.08,1900.24,1072.78,20.97
3236,16.0,0.0,0.5824,6.73,32.43,1855.93,1075.22,20.9
3237,16.0,0.0,0.5401,5.66,17.63,1845.68,1069.49,21.26
3238,16.0,0.0,0.6239,5.28,12.09,1848.5,1074.04,25.09
3239,16.0,0.0,0.6404,5.96,40.52,1879.9,1075.85,20.91
3240,16.0,0.0,0.7423,5.49,49.12,1892.44,1076.26,21.11
3241,16.0,0.0,0.6856,6.33,50.04,1904.43,1076.78,18.86
3242,16.0,0.0,0.7349,4.89,53.65,1901.12,1076.91,17.95
3243,16.0,0.0,0.7519,4.65,65.04,1902.26,1076.99,19.0
3244,16.0,0.0,0.7809,4.03,82.24,1904.09,1077.65,21.01
3245,16.0,0.0,0.7421,3.13,78.59,1903.79,1078.1,31.39
3246,16.0,0.0,0.7439,3.3,115.62,1902.75,1078.42,21.31
3247,16.0,0.0,0.6826,2.17,104.37,1905.54,1078.75,21.7
3248,16.0,0.0,0.706,1.19,68.47,1909.92,1078.6,18.19
3249,16.0,0.0,0.6968,1.03,61.75,1912.05,1078.79,20.6
3250,16.0,0.0,0.717,0.35,58.23,1910.58,1078.91,18.81
3251,16.0,0.0,0.713,0.63,61.31,1901.44,1078.87,19.04
3252,16.0,0.0,0.725,0.0,53.69,1908.15,1079.22,25.4
3253,16.0,0.0,0.7222,0.0,47.04,1911.77,1079.53,18.61
3254,16.0,0.0,0.7273,0.0,29.4,1910.91,1079.72,18.82
3255,16.0,0.0,0.6816,0.0,14.24,1912.88,1079.67,18.86
3256,16.0,0.0,0.6937,0.0,17.01,1887.47,1079.89,18.86
3257,16.0,0.0,0.7503,0.0,5.72,1905.51,1080.0,25.01
3258,16.0,0.0,0.8005,0.0,2.18,1915.27,1080.0,17.69
3259,16.0,0.0,0.7328,0.0,4.34,1916.41,1080.0,19.06
3260,16.0,0.0,0.7584,0.81,0.0,1919.05,1080.0,18.41
3261,16.0,0.0,0.6846,1.63,0.5,1917.27,1080.0,24.77
3262,16.0,0.0,0.6712,2.9,0.0,1909.05,1080.0,18.76
3263,16.0,0.0,0.7149,4.33,9.07,1918.0,1080.0,21.28
3264,16.0,0.0,0.5561,4.94,25.42,1920.0,1079.34,19.46
3265,16.0,0.0,0.6832,0.0,1.08,1920.0,1079.98,21.13
3266,16.0,0.0,0.6272,0.0,5.31,1919.76,1079.41,22.36
3267,16.0,0.0,0.7227,451.28,24.53,1916.65,1077.23,27.6
3268,16.0,0.0,0.6534,648.41,67.13,1917.85,1074.95,21.87
3269,16.0,0.0,0.6083,186.51,58.57,1913.37,1080.0,22.84
3270,16.0,0.0,0.7568,61.51,77.05,1911.31,1080.0,31.78
3271,16.0,0.0,0.7689,10.56,57.71,1909.14,1076.73,18.29
3272,16.0,0.0,0.7201,0.0,41.47,1910.45,1080.0,22.14
3273,16.0,0.0,0.6226,0.0,72.49,1907.44,1080.0,24.01
3274,16.0,0.0,0.5701,0.0,124.03,1909.0,1073.88,27.78
3275,16.0,0.0,0.6434,0.0,125.49,1908.98,1059.86,24.31
3276,16.0,0.0,0.7047,0.0,127.77,1905.24,1062.06,24.4
3277,16.0,0.0,0.6427,0.0,144.29,1904.58,1068.58,22.35
3278,16.0,0.0,0.6009,0.0,181.62,1904.14,1073.95,23.95
3279,16.0,0.0,0.5676,0.0,255.58,1901.07,1071.5,21.3
3280,16.0,0.0,0.4939,2.78,286.01,1892.05,1061.72,18.85
3281,16.0,0.0,0.5482,2.39,297.6,1899.08,1071.98,18.94
3282,16.0,0.0,0.5791,3.14,303.43,1900.09,1075.56,17.86
3283,16.0,0.0,0.6074,2.25,302.01,1906.29,1076.75,26.5
3284,16.0,0.0,0.6093,1.36,311.59,1900.62,1076.96,20.52
3285,16.0,0.0,0.6033,4.21,301.17,1898.61,1077.1,26.18
3286,16.0,0.0,0.5952,5.49,307.13,1898.59,1077.04,18.72
3287,16.0,0.0,0.6177,6.64,314.23,1896.87,1077.34,24.67
3288,16.0,0.0,0.645,8.33,330.13,1893.09,1077.74,18.73
3289,16.0,0.0,0.583,11.19,322.27,1891.55,1078.11,26.93
3290,16.0,0.0,0.6311,12.89,296.97,1865.22,1078.35,17.26
3291,16.0,0.0,0.6207,14.07,264.9,1845.62,1078.63,20.6
3292,16.0,0.0,0.6116,13.32,250.43,1842.87,1078.75,24.72
3293,16.0,0.0,0.5549,13.88,246.17,1827.53,1078.92,31.48
3294,16.0,0.0,0.5655,13.92,227.22,1822.53,1079.17,21.15
3295,16.0,0.0,0.5847,13.3,217.43,1815.68,1079.52,31.46
3296,16.0,0.0,0.5953,12.38,215.19,1821.33,1079.47,23.64
3297,16.0,0.0,0.4828,9.39,176.12,1877.12,1079.63,25.47
3298,16.0,0.0,0.492,10.89,193.31,1823.75,1079.68,21.1
3299,16.0,0.0,0.5615,14.17,223.33,1822.43,1079.69,27.73
3300,16.0,0.0,0.5151,14.19,246.18,1879.97,1079.62,23.23
3301,16.0,0.0,0.4483,13.01,182.96,1830.35,1079.58,20.93
3302,16.0,0.0,0.4513,16.31,198.76,1827.14,1079.26,18.57
3303,16.0,0.0,0.515,15.28,217.42,1836.4,1079.47,19.8
3304,16.0,0.0,0.4775,17.1,223.09,1834.55,1079.51,25.83
3305,16.0,0.0,0.4349,17.47,212.62,1829.59,1079.42,30.26
3306,16.0,0.0,0.2016,15.59,296.44,1881.63,1077.27,21.06
3307,16.0,0.0,0.1629,14.17,330.43,1901.91,1076.61,21.06
3308,16.0,0.0,0.1404,30.75,350.91,1912.16,1076.35,31.34
3309,16.0,0.0,0.4275,18.12,234.95,1859.3,1078.75,21.09
3310,16.0,0.0,0.4519,13.23,232.18,1881.73,1079.36,18.22
3311,16.0,0.0,0.451,11.9,245.23,1888.3,1079.78,25.15
3312,16.0,0.0,0.4482,13.6,256.23,1890.42,1079.91,24.92
3313,16.0,0.0,0.468,13.76,267.64,1894.48,1080.0,23.51
3314,16.0,0.0,0.4295,12.27,242.63,1894.18,1080.0,25.01
3315,16.0,0.0,0.4189,11.09,236.42,1894.9,1080.0,18.61
3316,16.0,0.0,0.4836,9.96,240.63,1900.7,1080.0,18.88
3317,16.0,0.0,0.4478,9.14,241.32,1895.67,1080.0,26.65
3318,16.0,0.0,0.2,8.75,303.21,1903.13,1074.2,25.01
3319,16.0,0.0,0.219,9.34,329.77,1909.59,1077.98,23.16
3320,16.0,0.0,0.4115,10.73,301.4,1904.55,1079.48,27.94
3321,16.0,0.0,0.3918,14.48,296.19,1900.94,1079.94,21.22
3322,16.0,0.0,0.197,207.72,60.4,1873.98,997.32,12.5
3323,16.0,0.0,0.3147,192.26,19.29,1905.98,998.62,24.11
3324,16.0,0.0,0.4578,154.2,2.09,1919.4,970.8,22.0
3325,16.0,0.0,0.6371,122.8,0.0,1920.0,973.4,28.58
3326,16.0,0.0,0.5859,149.1,0.0,1920.0,1008.34,27.18
3327,16.0,0.0,0.6963,137.03,0.0,1920.0,1001.95,24.61
3328,16.0,0.0,0.6763,151.42,0.0,1920.0,995.51,32.31
3329,16.0,0.0,0.7082,150.71,0.0,1920.0,1026.01,27.4
3330,16.0,0.0,0.496,154.08,0.0,1920.0,1011.73,23.46
3331,16.0,0.0,0.3731,192.29,0.0,1920.0,1016.43,18.27
3332,16.0,0.0,0.4734,191.47,0.0,1920.0,1014.33,18.69
3333,16.0,0.0,0.5843,217.58,0.0,1920.0,1001.9,25.79
3334,16.0,0.0,0.5327,178.63,0.0,1920.0,1006.85,19.15
3335,16.0,0.0,0.2951,205.79,0.0,1918.68,1018.01,23.53
3336,16.0,0.0,0.5665,215.86,0.0,1916.13,1026.93,31.97
3337,16.0,0.0,0.1971,237.67,16.84,1919.98,976.97,20.92
3338,16.0,0.0,0.1039,249.81,25.02,1920.0,984.72,31.91
3339,,,,,,,,58.17
3340,16.0,0.0,0.1537,239.39,11.04,1919.01,1022.3,21.79
3341,16.0,0.0,0.2184,229.9,3.05,1919.19,1040.45,22.65
3342,,,,,,,,37.78
3343,,,,,,,,42.49
3344,,,,,,,,37.51
3345,,,,,,,,38.5
3346,,,,,,,,37.0
3347,,,,,,,,46.98
3348,,,,,,,,37.95
3349,,,,,,,,74.77
3350,,,,,,,,36.95
3351,,,,,,,,78.16
3352,,,,,,,,42.04
3353,,,,,,,,59.47
3354,16.0,0.0,0.118,150.12,0.0,1920.0,1030.53,18.87
3355,16.0,0.0,0.2724,120.7,9.84,1917.35,1068.97,24.98
3356,16.0,0.0,0.1559,93.38,45.06,1913.5,1080.0,32.3
3357,16.0,0.0,0.2333,87.6,44.51,1912.2,1080.0,24.99
3358,16.0,0.0,0.219,68.69,40.85,1913.0,1080.0,18.55
3359,16.0,0.0,0.3406,69.45,21.67,1912.57,1080.0,35.84
3360,16.0,0.0,0.3017,88.63,22.81,1913.06,1080.0,21.31
3361,16.0,0.0,0.5609,95.32,20.74,1911.51,1080.0,32.62
3362,16.0,0.0,0.5202,68.66,16.6,1913.22,1080.0,25.18
3363,16.0,0.0,0.5578,104.92,15.7,1912.94,1080.0,24.67
3364,16.0,0.0,0.4879,73.31,28.51,1912.48,1080.0,26.42
3365,16.0,0.0,0.552,79.49,27.42,1913.34,1080.0,27.23
3366,16.0,0.0,0.6107,55.94,26.29,1913.68,1080.0,26.35
3367,16.0,0.0,0.4998,47.69,25.53,1913.37,1080.0,24.59
3368,16.0,0.0,0.5829,86.02,26.44,1914.26,1080.0,33.88
3369,16.0,0.0,0.3399,55.6,15.55,1913.88,1080.0,41.4
3370,16.0,0.0,0.1655,69.17,19.05,1914.13,1080.0,47.09
3371,16.0,0.0,0.1951,49.8,12.13,1912.12,1080.0,31.07
3372,16.0,0.0,0.2166,69.88,20.71,1904.35,1073.02,24.31
3373,16.0,0.0,0.3347,78.85,20.91,1908.9,1077.95,29.46
3374,16.0,0.0,0.6048,91.0,24.13,1912.52,1079.38,28.39
3375,16.0,0.0,0.5712,73.95,16.08,1912.4,1079.56,24.8
3376,16.0,0.0,0.4807,89.82,17.84,1913.01,1079.25,25.07
3377,16.0,0.0,0.513,69.22,13.93,1911.39,1079.84,31.79
3378,16.0,0.0,0.494,48.62,10.32,1910.04,1079.27,24.69
3379,16.0,0.0,0.5505,46.93,16.66,1907.93,1079.07,33.93
3380,16.0,0.0,0.4876,50.27,26.0,1898.82,1078.98,24.66
3381,16.0,0.0,0.6462,41.27,22.36,1894.57,1078.74,25.2
3382,16.0,0.0,0.6492,39.65,22.87,1900.67,1079.4,24.75
3383,16.0,0.0,0.6814,25.58,17.45,1905.33,1079.82,31.95
3384,16.0,0.0,0.6644,24.5,19.12,1898.43,1079.56,23.14
3385,16.0,0.0,0.7044,31.33,13.09,1907.07,1080.0,24.5
3386,16.0,0.0,0.7099,27.63,3.64,1902.13,1080.0,24.1
3387,16.0,0.0,0.7161,31.93,0.0,1903.54,1080.0,31.88
3388,16.0,0.0,0.7624,42.28,0.0,1906.27,1080.0,21.23
3389,16.0,0.0,0.7285,21.03,15.63,1901.43,1080.0,18.92
3390,,,,,,,,63.49
3391,,,,,,,,45.19
3392,,,,,,,,42.4
3393,16.0,0.0,0.1056,49.34,62.66,1907.51,1080.0,18.61
3394,16.0,0.0,0.1414,59.35,56.8,1905.16,1066.95,19.24
3395,16.0,0.0,0.2791,105.55,105.32,1885.79,1036.71,19.04
3396,16.0,0.0,0.3335,116.88,125.55,1892.57,1050.94,25.03
3397,16.0,0.0,0.1412,127.59,97.79,1895.14,1033.84,21.07
3398,,,,,,,,53.33
3399,,,,,,,,182.85
3400,,,,,,,,31.56
3401,,,,,,,,57.08
3402,,,,,,,,52.05
3403,,,,,,,,77.75
3404,,,,,,,,61.25
3405,,,,,,,,48.94
3406,,,,,,,,75.69
3407,16.0,0.0,0.1176,226.26,51.55,1910.15,1063.73,16.76
3408,,,,,,,,41.31
3409,,,,,,,,37.5
3410,,,,,,,,75.08
3411,16.0,0.0,0.1347,313.26,11.67,1918.28,1016.22,24.97
3412,16.0,0.0,0.1941,345.16,0.43,1918.37,986.83,25.25
3413,16.0,0.0,0.1794,355.64,0.0,1918.79,983.79,22.94
3414,16.0,0.0,0.122,355.67,3.41,1917.95,961.77,25.35
3415,16.0,0.0,0.2508,360.87,5.13,1916.67,995.55,25.17
3416,16.0,0.0,0.3571,364.87,10.57,1914.45,1014.47,25.26
3417,16.0,0.0,0.2709,370.34,14.08,1916.18,1022.28,20.89
3418,16.0,0.0,0.2493,366.09,18.19,1917.65,1022.15,32.04
3419,16.0,0.0,0.2359,371.79,13.42,1917.36,1025.63,23.76
3420,16.0,0.0,0.1845,368.46,16.9,1918.11,1012.42,33.21
3421,16.0,0.0,0.1651,374.31,20.73,1919.16,999.96,23.37
3422,16.0,0.0,0.2606,367.81,19.32,1919.26,991.27,24.5
3423,16.0,0.0,0.1733,355.4,21.62,1919.1,966.07,26.35
3424,16.0,0.0,0.2173,361.35,21.68,1919.29,974.44,31.04
3425,16.0,0.0,0.4246,358.01,14.63,1919.07,1006.81,26.73
3426,16.0,0.0,0.291,344.92,13.83,1918.78,969.63,23.93
3427,16.0,0.0,0.4721,335.93,21.24,1918.39,985.98,25.37
3428,16.0,0.0,0.444,339.68,15.74,1918.38,1008.43,28.57
3429,16.0,0.0,0.3021,326.89,22.83,1919.2,982.19,23.95
3430,16.0,0.0,0.6003,253.48,6.57,1914.73,1013.17,24.89
3431,16.0,0.0,0.4256,211.91,0.0,1916.22,1025.62,22.11
3432,16.0,0.0,0.4642,188.76,0.0,1912.78,1023.68,24.97
3433,16.0,0.0,0.4473,185.33,0.0,1910.66,1023.93,30.51
3434,16.0,0.0,0.5319,193.66,0.0,1911.54,1026.92,18.76
3435,16.0,0.0,0.5388,211.06,0.0,1911.18,1030.53,25.16
3436,16.0,0.0,0.5442,202.85,0.0,1909.81,1029.29,26.63
3437,16.0,0.0,0.5387,186.07,0.0,1910.04,1031.5,29.82
3438,16.0,0.0,0.5679,206.53,0.0,1910.86,1025.49,25.07
3439,16.0,0.0,0.6625,217.18,11.49,1915.87,1024.15,31.17
3440,16.0,0.0,0.5333,210.48,3.07,1911.96,1027.66,24.96
3441,16.0,0.0,0.4151,203.49,14.41,1916.47,1025.31,18.74
3442,16.0,0.0,0.2533,198.1,3.76,1912.74,1027.22,24.37
3443,16.0,0.0,0.3391,193.26,0.0,1913.29,1025.9,21.85
3444,16.0,0.0,0.449,199.9,0.0,1911.17,1027.34,22.38
3445,16.0,0.0,0.3462,163.47,14.0,1916.34,1015.1,21.28
3446,16.0,0.0,0.3127,146.1,10.05,1919.24,994.55,24.14
3447,16.0,0.0,0.6426,170.91,1.8,1917.26,1019.68,31.9
3448,16.0,0.0,0.6525,197.0,0.0,1919.1,1033.16,21.13
3449,16.0,0.0,0.6199,209.19,0.0,1917.03,1034.92,29.77
3450,16.0,0.0,0.3301,150.41,9.77,1918.96,1019.82,21.12
3451,16.0,0.0,0.1996,131.72,18.25,1919.96,998.12,23.21
3452,16.0,0.0,0.5355,113.42,9.32,1920.0,1007.03,25.12
3453,16.0,0.0,0.6067,164.96,3.6,1916.45,1026.96,23.59
3454,16.0,0.0,0.457,177.45,1.46,1915.14,1029.89,25.51
3455,16.0,0.0,0.513,161.75,1.24,1918.09,1009.07,21.05
3456,16.0,0.0,0.4813,159.51,1.23,1918.62,1024.41,21.21
3457,16.0,0.0,0.3615,159.38,1.08,1919.96,1043.81,20.93
3458,16.0,0.0,0.3748,159.25,1.68,1915.15,1027.2,21.21
3459,16.0,0.0,0.5855,134.12,0.9,1916.86,989.1,28.63
3460,16.0,0.0,0.6465,149.51,9.68,1918.81,996.33,23.74
3461,16.0,0.0,0.5241,165.62,4.04,1914.24,1008.26,18.87
3462,16.0,0.0,0.6392,164.28,1.08,1913.14,1021.23,25.25
3463,16.0,0.0,0.6827,157.96,0.19,1915.05,1022.64,21.22
3464,16.0,0.0,0.7249,151.91,9.99,1918.08,1019.16,24.99
3465,16.0,0.0,0.7459,119.53,16.7,1918.89,1011.05,18.77
3466,16.0,0.0,0.7007,124.04,22.95,1920.0,998.41,26.99
3467,16.0,0.0,0.7558,156.13,21.0,1920.0,1008.27,18.8
3468,16.0,0.0,0.7397,162.58,7.87,1916.51,1024.99,25.32
3469,16.0,0.0,0.7107,145.15,3.11,1914.6,1031.23,22.13
3470,16.0,0.0,0.6813,148.02,0.7,1914.15,1035.2,28.2
3471,16.0,0.0,0.2671,24.35,45.32,1920.0,907.9,12.57
3472,16.0,0.0,0.2558,15.22,4.78,1920.0,903.78,25.16
3473,16.0,0.0,0.1912,11.62,0.0,1919.99,939.79,21.26
3474,16.0,0.0,0.2568,8.92,0.0,1919.71,921.3,21.1
3475,16.0,0.0,0.2301,7.72,0.0,1919.08,930.78,25.59
3476,16.0,0.0,0.2723,6.77,0.0,1918.98,933.02,31.85
3477,16.0,0.0,0.3149,7.04,0.0,1919.15,933.0,27.25
3478,16.0,0.0,0.3549,8.37,0.0,1919.23,937.05,20.09
3479,16.0,0.0,0.3,6.07,0.0,1919.81,889.24,24.87
3480,16.0,0.0,0.2948,4.93,0.0,1919.91,871.12,21.15
3481,16.0,0.0,0.2411,6.86,0.0,1919.46,916.28,19.55
3482,16.0,0.0,0.2258,8.16,0.0,1919.49,936.28,18.64
3483,16.0,0.0,0.1516,10.35,0.0,1919.87,953.6,19.55
3484,16.0,0.0,0.1272,8.74,0.0,1919.85,925.02,23.45
3485,16.0,0.0,0.1186,8.98,0.0,1919.63,912.15,21.11
3486,16.0,0.0,0.1549,8.81,0.0,1919.46,910.63,21.21
3487,16.0,0.0,0.1924,13.35,0.0,1919.43,938.8,21.23
3488,16.0,0.0,0.1881,9.87,0.0,1918.71,941.09,21.26
3489,16.0,0.0,0.2067,6.93,0.0,1918.46,920.34,23.3
3490,16.0,0.0,0.3829,6.33,0.0,1918.71,950.5,27.06
3491,16.0,0.0,0.3013,5.47,0.0,1918.52,970.47,22.95
3492,16.0,0.0,0.5215,4.64,0.0,1919.11,976.84,21.46
3493,16.0,0.0,0.4782,5.47,0.0,1919.0,943.09,19.22
3494,16.0,0.0,0.4541,5.97,0.0,1919.09,949.96,25.05
3495,16.0,0.0,0.4297,5.32,0.0,1919.59,957.4,18.57
3496,16.0,0.0,0.3849,6.46,0.0,1917.59,930.18,18.87
3497,16.0,0.0,0.3482,6.93,0.0,1918.8,915.43,18.85
3498,16.0,0.0,0.3975,6.93,0.0,1918.41,927.62,21.0
3499,16.0,0.0,0.2598,7.53,0.0,1917.84,907.63,22.64
3500,16.0,0.0,0.355,8.53,0.0,1917.33,887.38,20.87
3501,16.0,0.0,0.5292,3.6,0.0,1915.81,883.06,18.74
3502,16.0,0.0,0.5157,2.4,0.0,1918.24,887.75,17.77
3503,16.0,0.0,0.5318,6.6,0.0,1919.51,893.83,21.25
3504,16.0,0.0,0.7784,17.27,0.0,1916.6,887.71,21.95
3505,16.0,0.0,0.7891,14.9,0.0,1915.27,885.54,22.43
3506,16.0,0.0,0.8246,28.58,0.0,1916.48,887.27,17.21
3507,16.0,0.0,0.7588,45.19,0.0,1918.08,877.45,25.95
3508,16.0,0.0,0.7559,51.29,0.0,1917.52,879.22,22.88
3509,16.0,0.0,0.703,113.78,0.0,1920.0,865.76,31.97
3510,16.0,0.0,0.7435,147.66,0.0,1920.0,868.74,21.9
3511,16.0,0.0,0.7583,196.96,0.0,1920.0,872.88,22.71
3512,16.0,0.0,0.8072,265.47,0.0,1920.0,875.79,18.57
3513,16.0,0.0,0.7611,294.7,0.0,1920.0,876.15,22.7
3514,16.0,0.0,0.572,156.93,0.0,1920.0,876.9,21.16
3515,16.0,0.0,0.7252,101.53,0.0,1919.44,882.15,24.31
3516,16.0,0.0,0.2593,50.68,0.0,1908.18,954.43,20.93
3517,16.0,0.0,0.2117,30.65,0.0,1902.88,971.57,23.13
3518,16.0,0.0,0.625,6.84,0.0,1218.89,936.02,20.89
3519,16.0,0.0,0.2542,0.0,0.0,937.37,904.73,20.31
3520,16.0,0.0,0.6101,0.0,5.21,947.75,880.47,18.7
3521,16.0,0.0,0.6056,0.0,0.0,949.59,885.1,18.73
3521,17.0,0.0,0.7067,975.17,0.0,1919.65,886.92,18.73
3522,16.0,0.0,0.6822,0.0,0.0,980.38,856.93,25.02
3522,17.0,0.0,0.6306,997.31,0.0,1919.68,878.43,25.02
3523,16.0,0.0,0.1735,0.0,0.0,1047.91,883.03,18.9
3523,17.0,0.0,0.6305,223.59,0.0,1918.74,912.96,18.9
3524,16.0,0.0,0.4016,0.08,0.0,1125.96,898.94,17.62
3524,17.0,0.0,0.5363,21.52,0.0,1916.87,916.3,17.62
3525,16.0,0.0,0.2639,0.0,0.0,1105.48,918.27,18.77
3525,17.0,0.0,0.6025,0.0,0.0,1918.41,938.41,18.77
3526,16.0,0.0,0.4479,0.27,0.0,1139.37,918.49,18.75
3526,17.0,0.0,0.6397,552.81,0.0,1918.24,884.01,18.75
3527,16.0,0.0,0.3312,0.0,0.29,1145.99,934.01,18.82
3527,17.0,0.0,0.5225,179.95,0.0,1917.84,927.52,18.82
3528,16.0,0.0,0.2817,0.9,0.0,1179.96,934.99,18.73
3528,17.0,0.0,0.4964,150.1,0.0,1916.53,941.88,18.73
3529,17.0,0.0,0.5313,142.08,0.0,1918.8,938.89,16.84
3530,17.0,0.0,0.5249,191.05,0.0,1918.97,935.3,18.06
3531,17.0,0.0,0.4423,103.12,0.0,1917.56,931.95,28.45
3532,17.0,0.0,0.4279,328.31,0.0,1917.73,923.09,21.71
3533,17.0,0.0,0.581,806.74,0.0,1919.63,895.26,27.38
3534,17.0,0.0,0.4625,560.95,0.22,1919.91,915.56,21.2
3535,17.0,0.0,0.586,909.29,0.62,1920.0,909.97,21.18
3536,17.0,0.0,0.6688,1080.22,1.11,1919.66,905.03,20.85
3537,17.0,0.0,0.6313,1087.91,1.58,1918.71,908.01,21.37
3538,17.0,0.0,0.6886,1083.88,1.97,1918.26,911.86,20.15
3539,17.0,0.0,0.6464,1063.22,2.24,1918.02,918.26,21.24
3540,17.0,0.0,0.7343,983.98,1.74,1918.32,918.39,28.68
3541,17.0,0.0,0.781,969.47,1.51,1918.48,920.47,18.54
3542,17.0,0.0,0.7376,955.29,2.6,1918.64,923.17,18.66
3543,17.0,0.0,0.6899,951.85,2.5,1918.7,931.08,20.51
3543,16.0,0.0,0.6175,0.0,1.57,978.85,933.91,20.51
3544,17.0,0.0,0.7202,987.77,3.84,1919.09,923.19,21.1
3544,16.0,0.0,0.3455,0.0,7.87,977.47,942.09,21.1
3545,17.0,0.0,0.7746,1031.11,3.51,1919.62,927.3,21.1
3545,16.0,0.0,0.2919,0.0,9.55,994.35,947.98,21.1
3546,17.0,0.0,0.6925,1058.96,1.99,1920.0,947.38,22.74
3546,16.0,0.0,0.4464,0.0,6.89,1007.83,932.54,22.74
3547,17.0,0.0,0.6069,1062.19,0.0,1920.0,965.19,21.08
3547,16.0,0.0,0.5389,98.27,1.04,1615.17,964.11,21.08
3548,16.0,0.0,0.6887,131.66,0.0,1821.23,970.11,20.99
3549,16.0,0.0,0.6046,202.23,0.0,1916.09,974.22,19.75
3550,16.0,0.0,0.5874,195.4,0.0,1920.0,989.24,16.84
3551,16.0,0.0,0.3624,221.31,0.0,1920.0,996.07,18.08
3551,17.0,0.0,0.5199,1140.6,0.0,1920.0,970.45,18.08
3552,16.0,0.0,0.428,232.85,0.0,1920.0,976.0,18.9
3552,17.0,0.0,0.3818,1127.17,0.0,1920.0,960.92,18.9
3553,16.0,0.0,0.5083,258.96,0.0,1920.0,974.54,15.76
3553,17.0,0.0,0.2946,1099.64,0.49,1920.0,965.79,15.76
3554,16.0,0.0,0.4862,255.02,0.0,1920.0,986.0,23.02
3554,17.0,0.0,0.5473,1063.52,1.38,1920.0,966.8,23.02
3555,16.0,0.0,0.335,242.53,2.21,1920.0,990.59,22.6
3555,17.0,0.0,0.5083,1053.15,3.1,1920.0,969.93,22.6
3556,16.0,0.0,0.1522,204.92,7.08,1920.0,964.9,18.89
3556,17.0,0.0,0.7413,993.23,5.27,1920.0,968.95,18.89
3557,16.0,0.0,0.6459,76.83,2.52,1334.35,942.07,18.42
3557,17.0,0.0,0.7668,958.5,3.08,1919.02,963.64,18.42
3558,16.0,0.0,0.6075,19.46,4.42,1049.76,935.72,18.91
3558,17.0,0.0,0.802,932.14,3.89,1918.54,960.72,18.91
3559,,,,,,,,37.79
3560,,,,,,,,14.99
3561,,,,,,,,21.64
3562,,,,,,,,22.3
3563,,,,,,,,22.7
3564,,,,,,,,63.32
3565,,,,,,,,20.98
3566,,,,,,,,31.73
3567,,,,,,,,63.83
3568,,,,,,,,15.91
3569,,,,,,,,20.88
3570,,,,,,,,20.99
3571,,,,,,,,31.55
3572,,,,,,,,44.67
3573,,,,,,,,47.86
3574,,,,,,,,31.13
3575,,,,,,,,70.59
3576,,,,,,,,63.73
3577,,,,,,,,48.34
3578,,,,,,,,63.64
3579,,,,,,,,63.61
3580,,,,,,,,129.33
3581,,,,,,,,37.97
3582,,,,,,,,63.88
3583,,,,,,,,61.97
3584,,,,,,,,63.7
3585,,,,,,,,53.7
3586,,,,,,,,76.12
3587,,,,,,,,49.19
3588,,,,,,,,78.58
3589,,,,,,,,45.08
3590,,,,,,,,62.45
3591,,,,,,,,77.38
3592,,,,,,,,36.83
3593,,,,,,,,76.95
3594,,,,,,,,42.46
3595,,,,,,,,37.02
3596,,,,,,,,116.99
3597,,,,,,,,41.8
3598,,,,,,,,37.27
3599,,,,,,,,76.38
3600,,,,,,,,74.61
3601,,,,,,,,90.32
3602,,,,,,,,62.76
3603,,,,,,,,109.06
3604,,,,,,,,41.95
3605,,,,,,,,63.52
3606,,,,,,,,63.66
3607,,,,,,,,38.16
3608,,,,,,,,63.4
3609,,,,,,,,63.73
3610,,,,,,,,77.5
3611,,,,,,,,63.72
3612,,,,,,,,63.91
3613,,,,,,,,21.22
3614,,,,,,,,62.23
3615,,,,,,,,66.24
3616,,,,,,,,105.11
3617,,,,,,,,61.6
3618,,,,,,,,14.93
3619,,,,,,,,58.8
3620,,,,,,,,44.74
3621,,,,,,,,75.65
3622,,,,,,,,143.53
3623,,,,,,,,73.23
3624,,,,,,,,72.76
3625,,,,,,,,71.96
3626,,,,,,,,76.32
3627,,,,,,,,74.44
3628,,,,,,,,76.64
3629,,,,,,,,16.03
3630,,,,,,,,15.06
3631,,,,,,,,60.2
3632,,,,,,,,42.35
3633,,,,,,,,15.93
3634,,,,,,,,63.66
3635,,,,,,,,129.81
3636,,,,,,,,21.12
3637,,,,,,,,128.95
3638,,,,,,,,19.88
3639,,,,,,,,43.38
3640,,,,,,,,38.36
3641,,,,,,,,63.68
3642,,,,,,,,62.41
3643,,,,,,,,63.06
3644,,,,,,,,67.62
3645,,,,,,,,25.31
3646,,,,,,,,18.75
3647,,,,,,,,24.77
3648,,,,,,,,26.63
3649,,,,,,,,28.01
3650,,,,,,,,18.64
3651,,,,,,,,78.51
3652,,,,,,,,38.05
3653,,,,,,,,18.67
3654,,,,,,,,19.53
3655,,,,,,,,25.05
3656,,,,,,,,18.6
3657,,,,,,,,25.49
3658,,,,,,,,37.28
3659,,,,,,,,19.0
3660,,,,,,,,31.9
3661,,,,,,,,22.52
3662,,,,,,,,37.49
3663,,,,,,,,72.57
3664,,,,,,,,15.12
3665,,,,,,,,27.53
3666,,,,,,,,23.88
3667,,,,,,,,26.75
3668,,,,,,,,31.79
3669,18.0,0.0,0.6329,13.93,154.52,1907.56,1016.79,21.17
3670,18.0,0.0,0.6185,24.63,195.03,1908.47,998.03,21.1
3671,18.0,0.0,0.6335,18.51,194.65,1899.41,952.75,24.83
3672,18.0,0.0,0.5811,7.07,185.15,1904.77,954.99,25.22
3673,18.0,0.0,0.5903,4.6,191.11,1902.9,948.38,29.21
3674,18.0,0.0,0.6598,2.97,168.52,1904.35,937.16,25.19
3675,18.0,0.0,0.5399,17.26,198.93,1902.86,957.37,22.98
3676,18.0,0.0,0.5754,13.13,160.8,1886.71,961.11,25.08
3677,18.0,0.0,0.6261,3.64,191.66,1848.53,905.81,23.15
3678,18.0,0.0,0.5993,1.31,172.92,1849.2,909.38,18.63
3679,18.0,0.0,0.6893,0.0,182.02,1822.56,881.3,25.31
3680,18.0,0.0,0.6827,0.03,171.51,1837.24,865.21,25.14
3681,18.0,0.0,0.6847,0.76,129.57,1879.61,877.75,18.63
3682,18.0,0.0,0.6572,1.12,89.91,1872.86,899.1,25.14
3683,18.0,0.0,0.5772,1.82,131.94,1826.05,864.91,22.04
3684,18.0,0.0,0.5395,2.16,120.9,1841.23,959.78,18.65
3685,18.0,0.0,0.6023,2.4,121.53,1794.86,955.58,26.43
3686,18.0,0.0,0.5112,3.46,101.4,1868.76,979.32,31.65
3687,18.0,0.0,0.4581,8.99,129.17,1852.17,1021.21,25.42
3688,18.0,0.0,0.4767,9.42,110.78,1868.98,1046.44,31.92
3689,18.0,0.0,0.3849,11.16,123.05,1855.57,1047.42,21.2
3690,18.0,0.0,0.5157,6.75,111.86,1726.79,942.56,21.05
3691,18.0,0.0,0.4831,10.33,111.94,1760.69,1007.34,21.41
3692,18.0,0.0,0.537,5.16,110.71,1783.65,1018.3,15.45
3693,18.0,0.0,0.4811,8.22,76.68,1831.47,1018.97,21.86
3694,18.0,0.0,0.4674,8.83,65.94,1859.67,1034.86,21.18
3695,18.0,0.0,0.5057,4.6,68.68,1882.7,1042.54,21.13
3696,18.0,0.0,0.4909,2.97,63.29,1893.01,1040.67,21.08
3697,18.0,0.0,0.4385,2.73,66.14,1881.16,1038.27,21.09
3698,18.0,0.0,0.5548,2.19,63.41,1888.11,1038.77,24.05
3699,18.0,0.0,0.6097,1.29,57.9,1900.97,1043.6,24.37
3700,18.0,0.0,0.6042,6.61,54.78,1903.51,1041.51,18.9
3701,18.0,0.0,0.6554,3.71,53.53,1893.34,1033.28,20.75
3702,18.0,0.0,0.6147,2.98,60.42,1843.75,1031.1,24.89
3703,18.0,0.0,0.646,8.14,63.66,1856.23,1033.84,28.37
3704,18.0,0.0,0.588,10.37,67.34,1845.66,1032.18,20.52
3705,18.0,0.0,0.5837,5.85,70.58,1800.73,1019.7,21.02
3706,18.0,0.0,0.6092,4.01,66.17,1768.45,1017.39,25.28
3707,18.0,0.0,0.6376,3.41,62.13,1744.57,1007.45,18.64
3708,18.0,0.0,0.6739,7.07,55.96,1831.29,999.97,25.11
3709,18.0,0.0,0.7038,9.14,55.04,1865.79,1000.39,18.74
3710,18.0,0.0,0.7053,9.4,56.16,1885.1,1009.86,24.88
3711,18.0,0.0,0.7069,8.26,56.24,1895.07,1015.22,18.75
3712,18.0,0.0,0.6755,8.52,55.61,1888.57,1013.96,18.52
3713,18.0,0.0,0.6163,5.03,53.51,1835.4,1019.03,20.99
3714,18.0,0.0,0.5905,4.09,52.06,1832.93,1020.52,23.81
3715,18.0,0.0,0.5592,2.87,50.81,1746.15,995.67,22.22
3716,18.0,0.0,0.5608,1.74,46.65,1720.51,994.67,18.62
3717,18.0,0.0,0.567,1.53,51.33,1704.45,987.32,22.85
3718,,,,,,,,31.46
3719,18.0,0.0,0.174,44.18,34.34,1791.75,1009.32,13.67
3720,18.0,0.0,0.2248,18.9,5.51,1852.63,1051.82,23.22
3721,18.0,0.0,0.2538,3.37,0.0,1590.01,1072.86,19.31
3722,18.0,0.0,0.2289,0.0,0.0,1708.39,1079.81,18.19
3723,18.0,0.0,0.3215,0.0,0.0,1525.88,1080.0,24.85
3724,18.0,0.0,0.4711,0.0,0.0,1769.08,1080.0,34.89
3725,18.0,0.0,0.6386,0.0,0.0,1843.29,1080.0,27.15
3726,18.0,0.0,0.6933,0.0,0.0,1869.15,1078.59,20.98
3727,18.0,0.0,0.557,0.0,18.51,1564.29,1080.0,31.61
3728,18.0,0.0,0.113,28.63,12.64,1802.55,1080.0,21.29
3729,,,,,,,,75.09
3730,,,,,,,,38.79
3731,,,,,,,,63.32
3732,,,,,,,,38.04
3733,,,,,,,,48.72
3734,,,,,,,,37.52
3735,,,,,,,,37.0
3736,,,,,,,,75.41
3737,,,,,,,,61.08
3738,,,,,,,,50.79
3739,,,,,,,,75.41
3740,,,,,,,,77.7
3741,,,,,,,,60.08
3742,,,,,,,,151.95
3743,,,,,,,,67.35
3744,,,,,,,,78.61
3745,,,,,,,,77.43
3746,,,,,,,,15.01
3747,19.0,0.0,0.7086,1.52,21.0,1870.67,997.1,28.1
3748,19.0,0.0,0.6444,4.23,8.06,1881.66,1040.54,22.76
3749,19.0,0.0,0.7296,2.65,1.79,1870.02,1060.07,22.72
3750,19.0,0.0,0.6926,1.15,0.0,1865.82,1078.99,26.35
3751,19.0,0.0,0.6848,0.14,3.95,1863.55,1078.57,26.16
3752,19.0,0.0,0.7024,0.0,5.06,1854.11,1063.11,25.0
3753,19.0,0.0,0.7656,0.0,2.61,1853.58,1060.47,20.62
3754,19.0,0.0,0.7757,0.59,5.87,1854.05,1041.9,28.67
3755,19.0,0.0,0.7453,0.18,8.56,1855.69,1024.13,31.44
3756,19.0,0.0,0.6993,1.72,5.36,1857.34,1022.43,31.62
3757,19.0,0.0,0.7422,2.9,0.87,1858.24,1024.18,24.55
3758,19.0,0.0,0.7205,1.68,0.0,1863.8,1021.28,24.0
3759,19.0,0.0,0.7304,1.76,4.9,1862.73,1013.08,21.14
3760,19.0,0.0,0.7843,1.48,1.53,1873.29,998.04,29.91
3761,19.0,0.0,0.6639,1.32,8.57,1875.15,995.73,31.02
3762,19.0,0.0,0.7134,1.62,13.38,1872.8,988.86,18.87
3763,19.0,0.0,0.6647,0.5,12.77,1867.02,976.13,25.02
3764,19.0,0.0,0.3929,1.34,13.76,1862.0,973.1,25.45
3765,19.0,0.0,0.6009,1.25,13.31,1862.59,973.58,25.71
3766,19.0,0.0,0.4567,1.74,13.66,1871.76,978.89,28.68
3767,19.0,0.0,0.4926,0.92,19.02,1873.17,977.59,29.59
3768,19.0,0.0,0.5148,0.11,18.51,1873.01,978.34,23.58
3769,19.0,0.0,0.3478,0.51,16.98,1872.13,977.83,18.61
3770,19.0,0.0,0.5568,0.02,23.72,1876.05,982.72,18.71
3771,19.0,0.0,0.4611,1.21,18.29,1871.3,977.53,24.7
3772,19.0,0.0,0.5592,0.76,12.71,1868.82,1011.95,25.32
3773,19.0,0.0,0.3831,0.85,17.21,1870.86,1020.41,28.03
3774,19.0,0.0,0.3546,0.66,17.79,1867.17,1013.29,29.35
3775,19.0,0.0,0.4964,1.26,19.3,1870.18,998.65,20.91
3776,19.0,0.0,0.3497,1.07,20.87,1873.03,992.87,29.26
3777,19.0,0.0,0.5847,0.0,14.85,1866.25,972.37,21.14
3778,19.0,0.0,0.3379,1.07,16.68,1867.6,987.67,29.84
3779,19.0,0.0,0.4122,1.52,14.77,1869.72,997.82,26.89
3780,19.0,0.0,0.4349,1.52,14.34,1874.85,964.63,23.92
3781,19.0,0.0,0.6007,1.61,25.66,1868.77,956.6,22.42
3782,19.0,0.0,0.6816,1.22,23.74,1865.32,963.67,24.94
3783,19.0,0.0,0.7169,0.1,23.0,1864.73,964.18,18.76
3784,19.0,0.0,0.7371,0.0,27.38,1870.05,968.88,28.35
3785,19.0,0.0,0.6211,0.0,24.3,1868.72,966.59,31.8
3786,19.0,0.0,0.668,0.0,21.46,1863.33,977.56,25.01
3787,19.0,0.0,0.6688,0.0,26.66,1859.78,973.14,23.86
3788,19.0,0.0,0.6379,1.38,28.07,1855.78,980.54,20.76
3789,19.0,0.0,0.6246,0.82,30.13,1857.25,978.7,21.23
3790,19.0,0.0,0.6992,0.21,30.54,1862.12,965.37,21.77
3791,19.0,0.0,0.621,0.0,30.17,1857.19,947.94,25.19
3792,19.0,0.0,0.6632,2.15,33.57,1863.96,950.93,16.69
3793,19.0,0.0,0.6089,3.17,32.86,1859.99,945.79,18.75
3794,19.0,0.0,0.5017,4.43,33.29,1862.97,953.72,18.62
3795,19.0,0.0,0.507,1.32,35.01,1863.62,951.09,27.88
3796,19.0,0.0,0.5499,0.0,34.44,1862.45,949.91,18.88
3797,19.0,0.0,0.6354,0.0,36.32,1860.64,956.58,25.22
3798,19.0,0.0,0.6404,0.0,41.81,1857.2,969.26,18.84
3799,19.0,0.0,0.6658,0.13,45.51,1854.54,969.49,24.72
3800,19.0,0.0,0.763,0.0,49.09,1855.55,949.7,18.7
3801,19.0,0.0,0.7246,0.0,49.56,1856.8,942.76,18.96
3802,19.0,0.0,0.7563,0.0,49.4,1857.55,939.75,25.06
3803,19.0,0.0,0.7846,0.0,48.04,1858.6,941.07,18.17
3804,19.0,0.0,0.7322,0.48,48.18,1858.86,950.36,21.13
3805,19.0,0.0,0.7185,0.14,43.56,1857.51,942.7,21.29
3806,19.0,0.0,0.6549,0.0,42.22,1854.27,950.71,21.22
3807,19.0,0.0,0.6926,0.0,42.44,1854.91,943.67,21.24
3808,19.0,0.0,0.5892,0.0,38.57,1854.75,963.17,21.12
3809,19.0,0.0,0.6788,0.0,36.68,1852.86,958.53,18.14
3810,19.0,0.0,0.4907,1.41,34.11,1862.21,968.13,18.77
3811,19.0,0.0,0.7068,0.0,30.66,1856.11,970.51,17.69
3812,19.0,0.0,0.6653,0.0,24.47,1860.98,1000.62,26.52
3813,19.0,0.0,0.4818,0.0,20.24,1861.95,982.04,18.6
3814,19.0,0.0,0.5544,0.0,13.48,1867.12,963.1,21.0
3815,19.0,0.0,0.6986,0.0,7.96,1866.99,969.98,25.19
3816,19.0,0.0,0.5501,0.0,6.5,1879.79,1003.74,23.9
3817,19.0,0.0,0.2917,0.0,18.79,1877.83,961.52,26.93
3818,19.0,0.0,0.3641,0.0,27.46,1877.85,949.98,19.22
3819,,,,,,,,63.91
3820,,,,,,,,36.15
3821,,,,,,,,49.09
3822,,,,,,,,37.95
3823,,,,,,,,42.69
3824,,,,,,,,37.48
3825,,,,,,,,38.36
3826,,,,,,,,69.23
3827,,,,,,,,50.86
3828,,,,,,,,12.5
3829,,,,,,,,27.28
3830,,,,,,,,19.61
3831,,,,,,,,24.3
3832,,,,,,,,24.83
3833,,,,,,,,25.19
3834,,,,,,,,18.63
3835,,,,,,,,25.19
3836,,,,,,,,22.49
3837,,,,,,,,23.55
3838,,,,,,,,20.98
3839,,,,,,,,31.45
3840,,,,,,,,18.96
3841,,,,,,,,18.73
3842,,,,,,,,19.69
3843,,,,,,,,18.94
3844,,,,,,,,31.47
3845,,,,,,,,23.67
3846,,,,,,,,21.24
3847,,,,,,,,31.74
3848,,,,,,,,20.86
3849,,,,,,,,21.06
3850,,,,,,,,23.78
3851,,,,,,,,25.28
3852,,,,,,,,24.94
3853,,,,,,,,25.14
3854,,,,,,,,18.64
3855,,,,,,,,24.79
3856,,,,,,,,24.84
3857,,,,,,,,18.61
3858,,,,,,,,19.96
3859,,,,,,,,25.26
3860,,,,,,,,18.91
3861,,,,,,,,18.56
3862,,,,,,,,19.63
3863,,,,,,,,24.02
3864,,,,,,,,21.77
3865,,,,,,,,31.69
3866,,,,,,,,26.54
3867,,,,,,,,20.81
3868,,,,,,,,31.31
3869,,,,,,,,20.84
3870,,,,,,,,20.87
3871,,,,,,,,25.87
3872,,,,,,,,18.55
3873,,,,,,,,25.23
3874,,,,,,,,20.91
3875,,,,,,,,20.73
3876,,,,,,,,16.59
3877,,,,,,,,20.91
3878,,,,,,,,20.95
3879,,,,,,,,21.03
3880,,,,,,,,24.76
3881,,,,,,,,24.99
3882,,,,,,,,18.75
3883,,,,,,,,18.75
3884,,,,,,,,18.48
3885,,,,,,,,18.91
3886,,,,,,,,18.75
3887,,,,,,,,18.62
3888,,,,,,,,24.8
3889,,,,,,,,24.95
3890,,,,,,,,25.03
3891,,,,,,,,18.18
3892,,,,,,,,30.78
3893,,,,,,,,25.07
3894,,,,,,,,20.97
3895,,,,,,,,21.07
3896,,,,,,,,20.93
3897,,,,,,,,21.02
3898,,,,,,,,20.83
3899,,,,,,,,21.02
3900,,,,,,,,21.11
3901,,,,,,,,22.75
3902,,,,,,,,18.76
3903,,,,,,,,16.3
3904,,,,,,,,21.22
3905,,,,,,,,20.95
3906,,,,,,,,21.05
3907,,,,,,,,20.98
3908,,,,,,,,21.0
3909,,,,,,,,17.63
3910,,,,,,,,19.03
3911,,,,,,,,18.73
3912,,,,,,,,18.73
3913,,,,,,,,18.89
3914,,,,,,,,23.26
3915,,,,,,,,18.85
3916,,,,,,,,18.73
3917,,,,,,,,18.9
3918,,,,,,,,18.63
3919,,,,,,,,18.74
3920,,,,,,,,18.58
3921,,,,,,,,19.07
3922,,,,,,,,21.03
3923,,,,,,,,21.01
3924,,,,,,,,21.21
3925,,,,,,,,21.87
3926,,,,,,,,25.32
3927,,,,,,,,21.08
3928,,,,,,,,31.77
3929,,,,,,,,63.89
3930,,,,,,,,31.77
3931,,,,,,,,44.21
3932,,,,,,,,27.55
3933,,,,,,,,36.76
3934,,,,,,,,38.94
3935,,,,,,,,15.35
3936,,,,,,,,30.86
3937,,,,,,,,24.64
3938,,,,,,,,62.7
3939,,,,,,,,20.92
3940,,,,,,,,20.89
3941,,,,,,,,29.48
3942,,,,,,,,26.01
3943,,,,,,,,60.82
3944,,,,,,,,37.4
3945,,,,,,,,37.56
3946,,,,,,,,37.52
3947,,,,,,,,37.55
3948,,,,,,,,37.99
3949,,,,,,,,37.55
3950,,,,,,,,77.1
3951,,,,,,,,62.46
3952,,,,,,,,37.92
3953,,,,,,,,73.05
3954,,,,,,,,36.81
3955,,,,,,,,73.96
3956,,,,,,,,73.26
3957,,,,,,,,74.85
3958,,,,,,,,64.03
3959,,,,,,,,42.52
3960,,,,,,,,37.05
3961,,,,,,,,52.36
3962,,,,,,,,40.52
3963,,,,,,,,14.83
3964,,,,,,,,63.39
3965,,,,,,,,83.86
3966,,,,,,,,63.74
3967,,,,,,,,20.96
3968,,,,,,,,32.28
3969,,,,,,,,31.45
3970,,,,,,,,26.57
3971,,,,,,,,23.92
3972,,,,,,,,20.19
3973,,,,,,,,18.76
3974,,,,,,,,77.61
3975,,,,,,,,36.96
3976,,,,,,,,78.53
3977,,,,,,,,18.87
3978,,,,,,,,76.66
3979,,,,,,,,76.88
3980,,,,,,,,74.59
3981,,,,,,,,62.09
3982,,,,,,,,72.67
3983,,,,,,,,37.0
3984,,,,,,,,18.73
3985,,,,,,,,37.92
3986,,,,,,,,19.85
3987,,,,,,,,74.29
3988,,,,,,,,77.59
3989,,,,,,,,74.22
3990,,,,,,,,18.24
3991,,,,,,,,58.83
3992,,,,,,,,43.15
3993,,,,,,,,24.86
3994,,,,,,,,58.06
3995,,,,,,,,27.01
3996,,,,,,,,62.54
3997,,,,,,,,31.46
3998,,,,,,,,20.83
3999,,,,,,,,63.52
4000,,,,,,,,63.71
4001,,,,,,,,23.92
4002,,,,,,,,63.43
4003,,,,,,,,18.78
4004,,,,,,,,47.2
4005,,,,,,,,37.94
4006,,,,,,,,74.85
4007,,,,,,,,18.81
4008,,,,,,,,72.32
4009,,,,,,,,60.91
4010,,,,,,,,75.92
4011,,,,,,,,36.5
4012,,,,,,,,76.9
4013,,,,,,,,72.69
4014,,,,,,,,77.82
4015,,,,,,,,76.9
4016,,,,,,,,37.55
4017,,,,,,,,74.97
4018,,,,,,,,35.77
4019,,,,,,,,73.24
4020,,,,,,,,74.61
4021,,,,,,,,32.62
4022,,,,,,,,96.44
4023,,,,,,,,60.29
4024,,,,,,,,75.17
4025,,,,,,,,37.97
4026,,,,,,,,85.15
4027,,,,,,,,62.3
4028,,,,,,,,63.39
4029,,,,,,,,63.49
4030,,,,,,,,15.81
4031,,,,,,,,23.83
4032,,,,,,,,20.92
4033,,,,,,,,23.56
4034,,,,,,,,25.32
4035,,,,,,,,36.99
4036,,,,,,,,18.74
4037,,,,,,,,25.24
4038,,,,,,,,24.97
4039,,,,,,,,25.28
4040,,,,,,,,18.75
4041,,,,,,,,24.74
4042,,,,,,,,18.86
4043,,,,,,,,25.0
4044,,,,,,,,18.9
4045,,,,,,,,25.03
4046,,,,,,,,25.01
4047,,,,,,,,22.8
4048,,,,,,,,27.31
4049,,,,,,,,31.8
4050,,,,,,,,26.77
4051,,,,,,,,23.14
4052,,,,,,,,24.98
4053,,,,,,,,23.95
4054,21.0,0.0,0.6893,159.67,23.23,1825.41,944.41,21.13
4055,21.0,0.0,0.672,55.84,38.89,1606.49,927.33,32.03
4056,21.0,0.0,0.5191,174.23,37.99,1531.58,900.15,37.41
4057,21.0,0.0,0.309,259.52,36.2,1542.65,897.28,26.78
4058,21.0,0.0,0.4027,330.5,30.23,1795.69,908.4,31.63
4059,21.0,0.0,0.1092,315.37,19.92,1773.48,887.76,20.93
4060,21.0,0.0,0.1015,271.37,33.89,1714.35,906.47,20.78
4061,21.0,0.0,0.1888,312.55,33.99,1665.1,891.09,18.61
4062,21.0,0.0,0.1935,336.47,25.01,1811.96,912.79,18.74
4063,21.0,0.0,0.2792,304.71,35.04,1673.63,913.85,18.76
4064,21.0,0.0,0.6041,316.09,33.34,1642.54,929.27,15.77
4065,21.0,0.0,0.3078,325.69,34.28,1667.03,887.15,25.3
4066,21.0,0.0,0.3782,338.29,78.99,1663.11,872.37,25.16
4067,21.0,0.0,0.3526,344.53,116.39,1629.15,894.05,18.82
4068,21.0,0.0,0.2896,277.99,95.75,1645.95,942.59,18.6
4069,21.0,0.0,0.2654,280.23,73.21,1711.79,970.87,25.08
4070,21.0,0.0,0.4344,246.8,66.98,1690.67,977.8,18.87
4071,21.0,0.0,0.516,236.39,67.88,1682.33,910.01,18.53
4072,21.0,0.0,0.4347,228.09,48.06,1799.14,909.76,19.96
4073,21.0,0.0,0.309,179.35,32.25,1778.77,957.88,20.94
4074,,,,,,,,62.47
4075,21.0,0.0,0.4567,202.46,11.15,1785.33,986.17,20.95
4076,21.0,0.0,0.3567,158.83,3.14,1820.73,1018.43,20.79
4077,21.0,0.0,0.2448,142.98,5.79,1828.06,1017.24,15.74
4078,21.0,0.0,0.5317,123.0,1.38,1806.27,1019.49,21.0
4079,21.0,0.0,0.2517,152.37,0.0,1841.04,992.29,20.87
4080,21.0,0.0,0.1311,111.11,0.0,1783.53,977.88,21.06
4081,21.0,0.0,0.2116,196.09,0.0,1808.2,959.76,24.36
4082,21.0,0.0,0.1616,351.94,0.0,1883.64,962.3,18.72
4083,21.0,0.0,0.147,325.19,0.0,1794.79,965.32,21.74
4084,,,,,,,,31.8
4085,21.0,0.0,0.8273,132.93,19.28,1530.66,928.63,15.68
4086,21.0,0.0,0.8298,29.01,77.17,1448.73,911.31,21.13
4087,21.0,0.0,0.8155,0.0,86.73,1473.42,910.37,20.84
4088,21.0,0.0,0.8203,0.0,97.56,1429.67,886.19,20.93
4089,21.0,0.0,0.8179,0.0,98.68,1405.17,884.25,19.95
4090,21.0,0.0,0.8146,0.0,118.94,1405.76,867.09,18.79
4091,21.0,0.0,0.8073,0.0,95.85,1393.96,874.72,18.62
4092,21.0,0.0,0.7939,0.0,97.81,1404.23,867.89,18.89
4093,21.0,0.0,0.7877,0.0,93.64,1386.2,871.56,18.74
4094,21.0,0.0,0.7738,0.0,93.64,1368.87,877.24,18.82
4095,21.0,0.0,0.7889,0.0,100.12,1356.46,879.58,23.5
4096,21.0,0.0,0.8001,0.0,100.8,1335.12,870.56,18.74
4097,21.0,0.0,0.809,0.0,104.79,1317.38,864.81,18.92
4098,21.0,0.0,0.7501,0.0,87.89,1312.46,895.22,25.06
4099,21.0,0.0,0.7867,0.0,103.06,1310.63,883.54,18.75
4100,21.0,0.0,0.7644,0.0,107.03,1330.58,877.51,18.23
4101,21.0,0.0,0.7339,0.0,95.72,1332.29,881.8,27.93
4102,21.0,0.0,0.7359,0.0,110.95,1340.74,891.6,21.11
4103,21.0,0.0,0.7794,0.0,124.27,1327.47,870.7,21.11
4104,21.0,0.0,0.7777,0.0,122.19,1342.45,864.88,20.69
4105,21.0,0.0,0.7993,0.0,129.69,1325.78,868.73,19.46
4106,21.0,0.0,0.8174,0.0,132.82,1321.75,875.07,21.44
4107,21.0,0.0,0.8116,0.0,131.71,1325.43,866.49,25.17
4108,21.0,0.0,0.8104,0.0,121.89,1331.81,878.05,24.44
4109,21.0,0.0,0.8206,0.0,123.85,1331.88,880.09,18.76
4110,21.0,0.0,0.8061,0.0,124.28,1363.49,890.47,18.75
4111,21.0,0.0,0.8113,0.0,122.59,1379.93,888.54,15.25
4112,21.0,0.0,0.8028,1.06,137.82,1385.08,876.09,18.94
4113,21.0,0.0,0.8027,0.1,137.29,1404.99,880.3,16.91
4114,21.0,0.0,0.8148,0.0,138.06,1441.26,879.64,16.84
4115,21.0,0.0,0.8214,0.0,134.28,1439.6,897.84,15.97
4116,21.0,0.0,0.8159,0.0,139.54,1434.52,891.43,18.32
4117,21.0,0.0,0.825,0.0,142.68,1442.74,887.05,18.64
4118,21.0,0.0,0.8015,0.0,150.45,1448.31,879.29,19.11
4119,21.0,0.0,0.819,0.0,146.11,1477.88,888.36,18.85
4120,21.0,0.0,0.8143,0.5,153.02,1497.83,877.1,18.76
4121,21.0,0.0,0.814,0.34,148.3,1509.26,886.73,15.84
4122,21.0,0.0,0.8232,0.35,148.94,1525.28,881.47,24.98
4123,21.0,0.0,0.8181,0.07,152.81,1539.52,879.71,25.27
4124,21.0,0.0,0.8174,0.0,155.24,1543.3,893.77,18.81
4125,21.0,0.0,0.8118,0.0,151.5,1553.0,909.09,18.63
4126,21.0,0.0,0.8268,0.0,149.36,1566.14,910.62,19.1
4127,21.0,0.0,0.8063,0.0,152.13,1576.37,918.31,20.95
4128,21.0,0.0,0.8179,0.0,154.09,1587.87,919.54,27.11
4129,21.0,0.0,0.8263,0.0,157.87,1609.35,910.71,21.06
4130,21.0,0.0,0.8322,0.0,163.65,1622.53,895.95,21.08
4131,21.0,0.0,0.8303,0.0,156.9,1628.18,894.95,15.8
4132,21.0,0.0,0.8082,0.0,158.36,1632.44,901.68,15.84
4133,21.0,0.0,0.79,0.0,161.17,1653.55,890.25,15.69
4134,21.0,0.0,0.7919,0.0,163.92,1705.76,879.01,18.84
4135,21.0,0.0,0.8406,0.0,183.94,1674.62,866.29,21.02
4136,21.0,0.0,0.8061,0.0,180.19,1653.92,857.61,25.38
4137,21.0,0.0,0.811,0.0,173.33,1672.53,864.38,20.95
4138,21.0,0.0,0.8108,0.0,173.24,1653.65,868.84,17.09
4139,21.0,0.0,0.8125,0.0,174.03,1658.68,880.96,15.84
4140,21.0,0.0,0.812,0.0,181.23,1643.59,866.11,15.79
4141,21.0,0.0,0.8054,0.0,177.51,1641.26,864.52,20.57
4142,21.0,0.0,0.8087,0.0,186.23,1645.67,867.83,15.0
4143,21.0,0.0,0.7989,0.91,182.8,1646.47,871.53,20.32
4144,21.0,0.0,0.7825,1.43,191.79,1675.71,872.97,15.12
4145,21.0,0.0,0.8218,1.06,207.9,1707.62,871.44,21.23
4146,21.0,0.0,0.8419,0.0,214.77,1698.76,901.7,21.21
4147,21.0,0.0,0.8173,0.78,227.84,1768.0,891.26,21.0
4148,21.0,0.0,0.8235,0.25,233.5,1772.73,871.37,17.25
4149,21.0,0.0,0.8464,0.0,244.94,1736.85,874.37,18.77
4150,21.0,0.0,0.8419,0.0,249.99,1686.41,872.43,18.73
4151,21.0,0.0,0.807,1.14,253.73,1734.44,876.33,19.04
4152,21.0,0.0,0.8182,2.16,260.76,1689.46,862.16,15.16
4153,21.0,0.0,0.8108,1.47,264.29,1670.95,868.96,18.88
4154,21.0,0.0,0.7915,1.51,264.84,1717.28,874.87,18.75
4155,21.0,0.0,0.7847,0.55,281.74,1654.37,869.09,18.32
4156,21.0,0.0,0.7904,0.3,288.27,1685.28,861.24,18.77
4157,21.0,0.0,0.733,0.0,294.54,1675.66,858.08,15.0
4158,21.0,0.0,0.7617,0.0,299.24,1687.78,874.73,18.86
4159,21.0,0.0,0.7153,0.9,310.66,1669.91,874.95,15.01
4160,21.0,0.0,0.6646,1.04,321.55,1706.44,884.2,22.09
4161,21.0,0.0,0.6801,1.19,325.46,1700.55,900.72,21.04
4162,21.0,0.0,0.5839,1.66,323.37,1591.4,904.38,21.03
4163,21.0,0.0,0.6449,0.56,334.99,1624.28,903.91,21.09
4164,21.0,0.0,0.7009,0.0,350.28,1583.87,892.96,20.89
4165,21.0,0.0,0.6763,0.0,358.97,1553.42,877.51,21.14
4166,21.0,0.0,0.6541,0.0,377.19,1659.26,873.92,24.32
4167,21.0,0.0,0.6387,0.0,386.83,1691.21,869.31,18.41
4168,21.0,0.0,0.6468,0.0,394.0,1662.49,869.79,21.16
4169,21.0,0.0,0.6478,0.0,406.24,1677.56,871.12,20.81
4170,21.0,0.0,0.5913,0.0,408.6,1739.11,863.2,21.16
4171,21.0,0.0,0.608,0.0,411.31,1654.72,868.25,17.06
4172,21.0,0.0,0.6035,0.0,422.87,1615.84,868.12,18.24
4173,21.0,0.0,0.5458,0.0,415.69,1614.82,879.56,26.03
4174,21.0,0.0,0.5553,0.0,423.99,1504.56,880.32,21.04
4175,21.0,0.0,0.5468,0.0,428.54,1468.24,874.54,19.26
4176,21.0,0.0,0.5387,0.0,433.52,1667.02,886.06,20.81
4177,21.0,0.0,0.5378,0.0,443.4,1643.42,880.04,21.28
4178,21.0,0.0,0.5061,0.0,449.81,1612.26,879.83,21.18
4179,21.0,0.0,0.5406,0.0,461.4,1503.3,873.48,18.91
4180,21.0,0.0,0.4918,0.0,450.65,1533.24,900.3,18.61
4181,21.0,0.0,0.5788,0.0,444.54,1474.4,897.06,18.75
4182,21.0,0.0,0.5275,0.0,463.94,1439.42,889.03,18.79
4183,21.0,0.0,0.361,0.13,462.98,1512.14,902.45,18.86
4184,21.0,0.0,0.46,0.37,470.48,1464.59,888.88,18.64
4185,21.0,0.0,0.5292,0.62,477.17,1488.31,901.13,18.74
4186,21.0,0.0,0.5131,1.3,464.25,1549.66,913.93,18.75
4187,21.0,0.0,0.5968,2.51,462.82,1543.9,928.79,14.92
4188,21.0,0.0,0.6232,2.83,463.71,1483.64,929.03,18.93
4189,21.0,0.0,0.5475,2.98,453.47,1472.99,928.2,18.75
4190,21.0,0.0,0.3212,2.45,450.07,1511.58,930.38,16.83
4191,21.0,0.0,0.379,2.38,465.0,1513.84,933.22,21.7
4192,21.0,0.0,0.3505,2.09,486.55,1536.15,933.59,21.14
4193,21.0,0.0,0.413,1.7,487.89,1584.5,930.59,15.75
4194,21.0,0.0,0.4802,1.29,497.94,1554.8,931.26,18.81
4195,21.0,0.0,0.4819,1.0,504.33,1552.64,933.28,15.71
4196,21.0,0.0,0.4056,1.18,490.08,1561.41,936.24,15.72
4197,21.0,0.0,0.5789,0.79,471.43,1557.36,940.3,15.81
4198,21.0,0.0,0.5224,0.31,465.85,1592.78,941.67,21.17
4199,21.0,0.0,0.5674,0.24,487.7,1627.1,942.97,17.89
4200,21.0,0.0,0.5861,0.0,500.7,1584.26,940.1,20.91
4201,21.0,0.0,0.528,0.0,483.26,1609.87,944.58,18.46
4202,21.0,0.0,0.6216,0.0,498.17,1622.99,938.7,24.8
4203,21.0,0.0,0.6659,0.08,514.09,1585.43,933.26,27.12
4204,21.0,0.0,0.6616,0.0,484.45,1617.08,934.47,15.81
4205,21.0,0.0,0.6513,0.12,464.28,1626.43,936.13,20.87
4206,21.0,0.0,0.6392,0.48,462.27,1654.36,937.77,20.98
4207,21.0,0.0,0.642,0.65,497.04,1655.91,936.95,21.08
4208,21.0,0.0,0.5857,0.53,511.46,1682.2,930.68,18.86
4209,21.0,0.0,0.5355,0.4,520.42,1701.02,927.36,18.27
4210,21.0,0.0,0.5563,0.57,520.32,1696.06,929.87,18.73
4211,21.0,0.0,0.4778,0.02,515.42,1699.06,927.54,18.97
4212,21.0,0.0,0.5733,0.0,531.99,1667.91,927.47,18.95
4213,21.0,0.0,0.1696,12.77,568.38,1653.07,925.06,18.75
4214,21.0,0.0,0.4607,4.47,527.2,1706.84,928.52,18.75
4215,21.0,0.0,0.4314,1.44,527.1,1710.34,929.82,18.74
4216,21.0,0.0,0.436,0.25,545.59,1711.95,929.92,18.77
4217,21.0,0.0,0.3629,0.0,523.88,1706.89,925.96,18.92
4218,21.0,0.0,0.2572,0.0,510.57,1693.26,932.45,18.6
4219,21.0,0.0,0.4162,0.0,536.91,1680.64,935.82,18.76
4220,21.0,0.0,0.3111,8.46,514.75,1669.53,941.15,23.76
4221,21.0,0.0,0.3693,3.02,522.56,1641.93,941.66,22.93
4222,21.0,0.0,0.487,0.95,500.14,1703.08,943.61,21.02
4223,21.0,0.0,0.474,0.3,498.03,1684.32,936.16,22.59
4224,21.0,0.0,0.4429,0.3,539.07,1697.4,933.8,20.71
4225,21.0,0.0,0.4939,0.12,518.63,1693.87,934.42,20.96
4226,21.0,0.0,0.4294,0.18,481.09,1663.52,946.04,20.97
4227,21.0,0.0,0.3461,0.5,510.93,1671.85,934.96,19.09
4228,21.0,0.0,0.3894,0.67,544.32,1661.01,938.84,21.17
4229,21.0,0.0,0.4222,0.78,569.76,1699.53,931.9,21.18
4230,21.0,0.0,0.4386,1.35,578.1,1679.68,931.95,21.15
4231,21.0,0.0,0.5004,1.58,520.22,1678.05,932.72,17.21
4232,21.0,0.0,0.4564,1.61,493.28,1693.57,938.05,18.07
4233,21.0,0.0,0.4509,1.55,497.05,1762.25,956.95,19.95
4234,21.0,0.0,0.2688,1.71,454.74,1781.74,956.68,15.7
4235,21.0,0.0,0.1962,1.89,488.62,1818.01,953.41,21.08
4236,21.0,0.0,0.2763,2.11,522.08,1823.56,965.45,21.07
4237,21.0,0.0,0.2609,2.37,550.04,1821.76,979.29,20.96
4238,21.0,0.0,0.2763,2.23,564.1,1838.57,976.24,20.8
4239,21.0,0.0,0.2672,1.93,531.02,1824.56,977.93,19.45
4240,21.0,0.0,0.3348,1.73,569.29,1813.95,963.8,18.75
4241,21.0,0.0,0.3826,1.75,545.66,1824.16,955.41,18.72
4242,21.0,0.0,0.4038,1.58,561.32,1833.64,951.73,18.86
4243,21.0,0.0,0.2772,1.44,576.2,1846.01,955.42,18.73
4244,21.0,0.0,0.4266,1.52,523.62,1835.75,970.75,18.84
4245,21.0,0.0,0.2476,1.43,547.55,1857.04,965.43,18.86
4246,21.0,0.0,0.2565,1.37,558.56,1863.94,978.41,19.04
4247,21.0,0.0,0.2266,1.13,579.24,1851.84,963.6,18.74
4248,21.0,0.0,0.1302,0.87,567.56,1853.17,963.59,16.55
4249,21.0,0.0,0.2485,0.65,552.93,1856.76,975.25,18.57
4250,21.0,0.0,0.1254,0.61,576.46,1862.56,967.15,18.91
4251,21.0,0.0,0.1784,1.39,581.42,1863.02,952.72,21.01
4252,21.0,0.0,0.1515,1.14,592.94,1843.76,940.52,20.91
4253,21.0,0.0,0.7019,0.0,248.31,1706.37,1043.89,12.6
4254,21.0,0.0,0.6941,0.0,95.79,1824.62,957.95,18.55
4255,21.0,0.0,0.7564,0.0,28.54,1884.69,938.09,20.98
4256,21.0,0.0,0.7622,0.0,1.81,1908.61,933.13,21.05
4257,21.0,0.0,0.7715,2.31,0.0,1911.92,917.75,20.92
4258,21.0,0.0,0.7179,7.75,0.0,1916.13,920.61,20.95
4259,21.0,0.0,0.6982,10.08,0.0,1919.72,894.72,21.16
4260,21.0,0.0,0.7149,6.56,0.0,1920.0,869.92,20.95
4261,21.0,0.0,0.641,5.36,0.0,1919.01,843.82,21.59
4262,21.0,0.0,0.6051,4.93,0.0,1904.25,827.75,18.43
4263,21.0,0.0,0.6467,5.9,0.0,1907.21,840.29,18.64
4264,21.0,0.0,0.6437,4.74,0.0,1914.34,863.07,26.86
4265,21.0,0.0,0.5041,3.56,0.0,1880.06,875.0,21.15
4266,21.0,0.0,0.505,7.69,0.0,1886.98,943.34,21.03
4267,21.0,0.0,0.5248,6.63,0.0,1884.89,973.88,21.09
4268,21.0,0.0,0.4851,5.5,0.0,1867.48,1015.65,20.87
4269,21.0,0.0,0.4226,10.15,0.0,1881.88,1028.46,18.35
4270,21.0,0.0,0.4941,5.94,0.0,1777.11,954.76,18.74
4271,21.0,0.0,0.6642,7.7,0.0,1849.42,933.32,18.76
4272,21.0,0.0,0.5325,9.8,0.0,1881.4,966.78,18.73
4273,21.0,0.0,0.5184,12.56,0.0,1904.86,987.0,24.9
4274,21.0,0.0,0.5577,5.89,0.0,1710.97,960.7,18.85
4275,21.0,0.0,0.5458,2.22,0.0,1610.06,968.74,23.26
4276,21.0,0.0,0.5852,1.62,0.0,1567.17,931.49,18.83
4277,21.0,0.0,0.527,0.85,0.0,1538.66,869.08,14.93
4278,21.0,0.0,0.5209,16.53,0.0,1781.53,936.1,18.91
4279,21.0,0.0,0.6313,8.17,0.0,1750.44,898.04,18.77
4280,21.0,0.0,0.403,5.03,0.0,1680.05,865.6,18.86
4281,21.0,0.0,0.4313,1.15,0.0,1554.74,949.23,16.74
4282,21.0,0.0,0.1409,0.0,0.0,1519.91,1005.78,21.08
4283,21.0,0.0,0.4891,0.0,0.0,1461.87,926.6,20.86
4284,21.0,0.0,0.5631,0.12,0.0,1760.03,918.72,20.99
4285,21.0,0.0,0.5515,0.2,0.0,1864.0,914.17,26.7
4286,21.0,0.0,0.5525,1.04,0.0,1885.0,874.05,21.19
4287,21.0,0.0,0.6006,0.98,0.1,1912.28,931.93,20.68
4288,21.0,0.0,0.7158,0.82,0.6,1920.0,939.92,24.67
4289,21.0,0.0,0.5563,5.85,0.93,1920.0,980.18,20.99
4290,21.0,0.0,0.5436,2.43,1.06,1917.33,901.91,21.0
4291,21.0,0.0,0.6547,5.77,1.04,1920.0,939.17,18.27
4292,21.0,0.0,0.621,5.84,1.17,1920.0,976.91,18.08
4293,21.0,0.0,0.6944,4.43,1.51,1920.0,1002.76,25.28
4294,21.0,0.0,0.3975,1.51,1.7,1905.59,922.9,20.9
4295,21.0,0.0,0.6752,3.99,1.44,1914.05,915.22,23.56
4296,21.0,0.0,0.7258,4.19,0.86,1917.99,943.72,17.56
4297,21.0,0.0,0.6742,5.5,0.0,1919.54,905.96,20.89
4298,21.0,0.0,0.5745,0.65,0.0,1912.48,880.92,27.66
4299,21.0,0.0,0.69,1.9,0.0,1915.87,915.44,21.13
4300,21.0,0.0,0.7173,2.93,0.0,1917.18,935.15,24.81
4301,21.0,0.0,0.6551,6.57,0.0,1916.71,928.13,18.8
4302,21.0,0.0,0.6772,5.69,0.0,1917.21,958.08,18.75
4303,21.0,0.0,0.6906,4.64,0.0,1918.12,940.42,18.76
4304,21.0,0.0,0.7359,1.99,0.0,1917.2,889.35,25.15
4305,21.0,0.0,0.7179,1.89,0.0,1919.13,878.69,18.89
4306,21.0,0.0,0.7261,3.01,0.0,1919.94,892.56,18.62
4307,21.0,0.0,0.6952,3.5,0.0,1920.0,880.23,25.26
4308,21.0,0.0,0.7347,3.12,0.0,1919.25,875.72,23.13
4309,21.0,0.0,0.6946,4.36,0.0,1920.0,890.45,20.33
4310,,,,,,,,12.51
4311,22.0,0.0,0.6403,0.52,61.98,933.12,667.99,18.5
4312,22.0,0.0,0.5793,0.76,81.47,948.76,760.05,18.97
4313,22.0,0.0,0.5764,0.65,67.59,953.89,704.64,24.48
4314,22.0,0.0,0.569,0.65,70.84,956.67,794.4,21.08
4315,22.0,0.0,0.6381,0.73,55.59,960.59,735.06,21.02
4316,22.0,0.0,0.5838,1.0,53.79,973.08,717.88,21.06
4317,22.0,0.0,0.5945,1.42,90.64,989.84,734.54,21.05
4318,22.0,0.0,0.6192,1.19,108.5,996.21,723.7,17.19
4319,22.0,0.0,0.655,1.07,109.13,999.25,719.85,21.0
4320,22.0,0.0,0.662,0.6,122.01,984.58,735.38,20.84
4321,22.0,0.0,0.6418,0.23,116.52,978.55,733.16,21.65
4322,22.0,0.0,0.6744,0.0,119.66,981.53,732.44,18.51
4323,22.0,0.0,0.6124,0.0,125.76,988.17,776.94,19.15
4324,22.0,0.0,0.6237,0.0,120.11,982.63,737.22,21.12
4324,21.0,0.0,0.5963,979.7,57.16,1920.0,992.35,21.12
4325,22.0,0.0,0.637,0.0,127.29,981.9,811.9,27.1
4325,21.0,0.0,0.5187,1008.72,47.21,1890.57,884.73,27.1
4326,22.0,0.0,0.6655,0.0,130.74,967.36,750.86,26.99
4326,21.0,0.0,0.3837,1006.97,43.26,1907.23,936.36,26.99
4327,22.0,0.0,0.646,0.0,127.68,957.03,719.25,21.0
4327,21.0,0.0,0.5962,1019.95,39.53,1896.94,836.69,21.0
4328,22.0,0.0,0.6064,0.0,119.21,956.22,763.41,20.96
4328,21.0,0.0,0.6509,1017.57,40.75,1901.22,845.98,20.96
4329,22.0,0.0,0.6679,0.0,103.55,953.93,900.76,22.57
4329,21.0,0.0,0.6582,1019.85,39.81,1902.17,789.5,22.57
4330,22.0,0.0,0.6467,0.0,101.82,956.58,782.78,18.91
4330,21.0,0.0,0.5739,1017.13,31.72,1879.37,800.27,18.91
4331,22.0,0.0,0.649,0.0,98.27,971.63,854.15,18.76
4331,21.0,0.0,0.6196,1011.32,24.03,1896.28,808.98,18.76
4332,22.0,0.0,0.6284,0.0,80.9,967.91,781.48,20.64
4332,21.0,0.0,0.6612,1016.8,20.08,1856.06,836.01,20.64
4333,22.0,0.0,0.6261,0.0,71.86,965.1,834.0,18.87
4333,21.0,0.0,0.5791,1019.04,15.44,1892.32,877.82,18.87
4334,22.0,0.0,0.6608,0.0,74.26,961.96,742.32,18.79
4334,21.0,0.0,0.2756,1016.15,21.43,1908.17,922.13,18.79
4335,22.0,0.0,0.6503,0.03,84.94,961.83,694.57,18.66
4335,21.0,0.0,0.2764,1016.77,20.81,1912.59,951.8,18.66
4336,22.0,0.0,0.6192,0.04,68.92,963.06,674.36,18.86
4336,21.0,0.0,0.3625,1016.24,19.17,1913.41,983.05,18.86
4337,22.0,0.0,0.6402,0.42,96.02,966.51,680.3,18.86
4337,21.0,0.0,0.2978,1020.21,19.79,1916.17,992.28,18.86
4338,22.0,0.0,0.6416,0.78,98.59,977.15,684.22,19.04
4339,22.0,0.0,0.5968,0.92,82.81,990.63,809.63,18.85
4340,22.0,0.0,0.5998,1.44,73.21,1004.55,746.98,18.68
4341,22.0,0.0,0.6018,1.67,80.7,1010.01,718.88,19.07
4342,22.0,0.0,0.6518,1.57,57.76,1015.05,841.25,15.66
4343,22.0,0.0,0.5861,1.85,59.46,1024.58,837.37,15.81
4344,22.0,0.0,0.5611,2.12,51.67,1030.41,754.02,21.03
4345,22.0,0.0,0.5317,2.32,74.24,1037.3,827.63,20.88
4346,22.0,0.0,0.5849,1.36,86.06,1046.18,752.18,18.19
4347,22.0,0.0,0.6496,2.66,62.59,1052.33,740.62,21.02
4348,22.0,0.0,0.6673,1.56,48.03,1056.1,701.51,21.2
4349,22.0,0.0,0.6104,1.65,54.8,1060.34,855.29,20.93
4350,22.0,0.0,0.637,1.43,72.08,1060.68,893.59,21.04
4351,22.0,0.0,0.7112,0.72,82.52,1061.57,891.05,17.11
4352,22.0,0.0,0.7407,0.32,60.57,1062.02,904.67,18.43
4353,22.0,0.0,0.7017,0.0,37.56,1061.66,927.47,25.39
4354,22.0,0.0,0.6202,0.0,30.3,1062.14,934.62,19.97
4355,22.0,0.0,0.652,0.0,18.95,1060.77,922.22,20.89
4356,22.0,0.0,0.7291,0.0,23.34,1062.41,881.06,20.93
4356,21.0,0.0,0.5673,1084.04,0.43,1920.0,901.08,20.93
4357,22.0,0.0,0.7711,0.0,21.02,1065.68,841.49,21.07
4357,21.0,0.0,0.3768,1089.22,0.0,1917.81,917.82,21.07
4358,22.0,0.0,0.7372,0.0,14.93,1064.67,805.14,21.01
4358,21.0,0.0,0.2797,1087.83,0.0,1918.52,939.12,21.01
4359,22.0,0.0,0.7491,0.0,18.51,1065.46,790.85,21.79
4359,21.0,0.0,0.1542,1108.45,0.0,1919.55,752.22,21.79
4360,22.0,0.0,0.6668,0.0,12.3,1066.43,806.13,23.73
4360,21.0,0.0,0.114,1098.55,0.0,1919.13,870.23,23.73
4361,22.0,0.0,0.6811,0.0,1.71,1070.75,855.86,18.76
4361,21.0,0.0,0.133,1088.69,0.0,1920.0,877.74,18.76
4362,22.0,0.0,0.7774,0.13,0.0,1080.44,880.13,18.77
4362,21.0,0.0,0.2226,1101.66,0.0,1920.0,697.42,18.77
4363,22.0,0.0,0.7902,0.47,0.0,1084.32,904.36,18.76
4363,21.0,0.0,0.1545,1113.1,0.0,1920.0,628.41,18.76
4364,22.0,0.0,0.6894,1.23,0.0,1090.83,912.56,18.6
4364,21.0,0.0,0.1268,1112.27,0.19,1920.0,657.74,18.6
4365,22.0,0.0,0.6061,1.17,0.0,1096.77,964.11,18.75
4365,21.0,0.0,0.1505,1125.12,1.15,1920.0,615.38,18.75
4366,22.0,0.0,0.4355,1.49,0.0,1098.61,996.23,15.6
4367,22.0,0.0,0.505,2.28,0.2,1101.97,1022.7,18.62
4368,22.0,0.0,0.4898,2.2,0.84,1098.96,1035.13,18.74
4369,22.0,0.0,0.5408,2.48,1.35,1117.6,1012.82,18.6
4370,22.0,0.0,0.4667,2.65,1.84,1135.12,999.73,18.08
4371,22.0,0.0,0.543,2.36,2.01,1147.22,714.55,21.07
4372,22.0,0.0,0.4342,2.48,1.47,1150.54,592.71,31.52
4373,22.0,0.0,0.5154,2.17,1.25,1147.78,566.72,26.7
4374,22.0,0.0,0.501,1.84,1.29,1150.05,570.46,21.24
4375,22.0,0.0,0.4369,1.8,1.34,1147.99,563.7,23.79
4376,22.0,0.0,0.5608,2.06,1.31,1146.41,560.67,21.01
4377,22.0,0.0,0.5001,2.62,4.19,1132.34,870.67,20.67
4377,23.0,0.0,0.5517,8.68,630.21,1092.58,1032.14,20.67
4378,22.0,0.0,0.4335,2.52,3.08,1115.77,967.79,20.63
4378,23.0,0.0,0.5984,15.62,633.05,1081.41,1034.86,20.63
4379,22.0,0.0,0.4588,2.48,2.1,1114.58,1022.16,20.89
4379,23.0,0.0,0.5903,6.38,632.19,1073.05,1054.34,20.89
4380,22.0,0.0,0.5256,2.5,3.35,1116.96,1041.37,21.19
4380,23.0,0.0,0.3699,3.82,629.53,1076.76,1047.71,21.19
4380,24.0,0.0,0.5276,1234.27,713.27,1920.0,1080.0,21.19
4381,22.0,0.0,0.5984,1.67,12.78,1118.24,1050.59,21.22
4381,23.0,0.0,0.1963,117.18,636.93,1069.12,1040.83,21.22
4381,24.0,0.0,0.5256,1238.56,693.79,1920.0,1080.0,21.22
4382,22.0,0.0,0.5782,2.11,7.22,1120.42,1060.37,18.74
4382,23.0,0.0,0.2778,46.92,627.52,1078.34,1054.18,18.74
4382,24.0,0.0,0.4032,1243.3,682.77,1920.0,1080.0,18.74
4383,22.0,0.0,0.5401,5.07,2.77,1647.18,1080.0,18.83
4383,23.0,0.0,0.1117,19.69,640.21,1100.83,1049.1,18.83
4383,24.0,0.0,0.2731,1310.64,665.5,1920.0,1080.0,18.83
4384,22.0,0.0,0.6245,3.59,16.96,1372.68,1055.54,20.92
4384,24.0,0.0,0.3051,1337.56,659.68,1920.0,1079.78,20.92
4385,22.0,0.0,0.3861,2.45,18.98,1236.62,1053.65,20.71
4385,24.0,0.0,0.2783,1348.73,676.87,1920.0,1079.69,20.71
4386,22.0,0.0,0.6485,2.19,16.69,1181.11,1050.04,19.92
4386,24.0,0.0,0.232,1390.13,669.31,1919.92,1079.85,19.92
4387,22.0,0.0,0.6317,2.11,14.11,1162.54,1044.97,20.09
4387,24.0,0.0,0.3857,1422.85,660.49,1920.0,1080.0,20.09
4388,22.0,0.0,0.8047,1.71,15.22,1167.54,1037.97,15.9
4388,24.0,0.0,0.3512,1454.26,638.42,1920.0,1080.0,15.9
4389,22.0,0.0,0.7969,0.79,18.18,1170.88,1051.01,21.18
4389,24.0,0.0,0.254,1466.88,634.42,1920.0,1080.0,21.18
4390,22.0,0.0,0.8056,0.29,14.48,1172.64,1048.55,18.99
4390,24.0,0.0,0.5044,1477.2,704.64,1920.0,1080.0,18.99
4391,22.0,0.0,0.7733,0.0,12.54,1179.83,1041.39,15.66
4391,24.0,0.0,0.2527,1478.16,704.9,1920.0,1080.0,15.66
4392,22.0,0.0,0.748,0.0,7.06,1185.86,1033.51,18.59
4392,24.0,0.0,0.2638,1478.42,662.72,1920.0,1079.78,18.59
4393,22.0,0.0,0.7585,0.0,1.66,1187.45,1028.99,18.77
4394,22.0,0.0,0.7165,0.0,0.0,1189.63,1033.49,19.98
4395,22.0,0.0,0.727,0.0,0.0,1201.16,1017.75,25.02
4396,22.0,0.0,0.7056,0.0,0.0,1193.79,1042.73,24.07
4397,22.0,0.0,0.697,0.1,0.0,1196.91,1020.8,15.8
4398,22.0,0.0,0.4712,1.12,0.52,1190.73,1009.68,18.4
4399,22.0,0.0,0.6408,0.51,0.35,1203.5,1008.23,25.2
4400,22.0,0.0,0.7661,0.0,0.0,1195.83,1018.0,15.58
4401,22.0,0.0,0.6491,0.0,0.0,1191.75,1021.53,16.51
4402,22.0,0.0,0.6216,0.15,0.0,1179.92,1024.47,20.39
4403,22.0,0.0,0.4489,0.61,0.0,1176.29,1012.31,20.12
4404,22.0,0.0,0.5524,0.35,0.0,1165.44,1041.77,17.88
4405,22.0,0.0,0.4061,0.54,0.0,1182.69,1017.71,19.18
4406,22.0,0.0,0.444,0.63,0.0,1189.2,1046.27,19.86
4407,22.0,0.0,0.2834,1.91,0.0,1194.6,1028.7,19.02
4408,22.0,0.0,0.3194,2.22,0.0,1201.06,1008.69,18.84
4409,22.0,0.0,0.2649,1.56,0.0,1219.58,1024.91,18.59
4410,22.0,0.0,0.3768,1.04,0.0,1225.85,1040.48,18.7
4411,22.0,0.0,0.5677,0.63,0.09,1219.3,1051.97,17.2
4412,22.0,0.0,0.5111,0.46,0.45,1223.27,1029.77,21.19
4413,22.0,0.0,0.4243,0.81,0.67,1228.71,1036.49,18.61
4414,22.0,0.0,0.3611,2.08,0.79,1234.55,1032.53,23.52
4415,22.0,0.0,0.3484,1.91,0.85,1257.55,1022.29,18.86
4416,22.0,0.0,0.3085,1.85,0.81,1261.34,1020.02,19.14
4417,22.0,0.0,0.2102,1.72,0.71,1272.99,1000.72,18.68
4418,22.0,0.0,0.312,1.38,0.67,1274.9,1005.31,15.44
4419,22.0,0.0,0.3593,0.6,0.62,1303.22,1024.82,18.48
4420,22.0,0.0,0.342,0.21,0.49,1322.07,1033.89,18.88
4421,22.0,0.0,0.4063,0.25,0.38,1307.63,1021.52,18.74
4422,22.0,0.0,0.3986,0.2,0.26,1307.55,1032.92,17.07
4423,22.0,0.0,0.3347,1.66,0.24,1302.21,1037.6,18.51
4424,22.0,0.0,0.1774,2.26,0.32,1315.98,1066.38,18.62
4425,22.0,0.0,0.27,4.36,0.52,1294.71,1031.86,19.79
4426,22.0,0.0,0.334,3.34,0.46,1274.96,1033.73,18.58
4427,22.0,0.0,0.5673,2.79,0.35,1273.6,1056.34,23.37
4428,,,,,,,,25.01
4429,,,,,,,,37.55
4430,,,,,,,,38.58
4431,,,,,,,,37.59
4432,,,,,,,,37.39
4433,,,,,,,,29.16
4434,,,,,,,,35.98
4435,,,,,,,,52.58
4436,,,,,,,,58.39
4437,,,,,,,,65.76
4438,,,,,,,,91.92
4439,,,,,,,,63.12
4440,,,,,,,,46.6
4441,,,,,,,,34.31
4442,,,,,,,,47.23
4443,,,,,,,,73.67
4444,,,,,,,,72.7
4445,,,,,,,,67.77
4446,,,,,,,,62.67
4447,,,,,,,,66.96
4448,,,,,,,,62.68
4449,,,,,,,,63.27
4450,,,,,,,,63.71
4451,,,,,,,,63.2
4452,,,,,,,,41.98
4453,,,,,,,,66.19
4454,,,,,,,,0.0
4455,,,,,,,,68.15
4456,,,,,,,,55.06
4457,,,,,,,,61.46
4458,,,,,,,,47.51
4459,,,,,,,,109.52
4460,,,,,,,,66.82
4461,,,,,,,,52.61
4462,,,,,,,,54.74
4463,,,,,,,,63.78
4464,,,,,,,,57.42
4465,,,,,,,,50.1
4466,,,,,,,,60.13
4467,,,,,,,,57.93
4468,,,,,,,,62.81
4469,,,,,,,,64.08
4470,,,,,,,,59.8
4471,,,,,,,,51.98
4472,,,,,,,,98.23
4473,,,,,,,,89.13
4474,,,,,,,,65.28
4475,,,,,,,,59.8
4476,,,,,,,,74.39
4477,,,,,,,,63.96
4478,,,,,,,,62.61
4479,,,,,,,,186.14
4480,,,,,,,,45.37
4481,,,,,,,,85.82
4482,,,,,,,,81.51
4483,,,,,,,,63.43
4484,,,,,,,,62.15
4485,,,,,,,,62.37
4486,,,,,,,,76.46
4487,,,,,,,,79.94
4488,,,,,,,,63.38
4489,,,,,,,,62.59
4490,,,,,,,,62.69
4491,,,,,,,,60.88
4492,,,,,,,,44.97
4493,,,,,,,,86.22
4494,,,,,,,,72.9
4495,,,,,,,,63.63
4496,,,,,,,,38.38
4497,,,,,,,,63.48
4498,,,,,,,,38.61
4499,,,,,,,,63.03
4500,,,,,,,,34.46
4501,,,,,,,,36.55
4502,,,,,,,,38.92
4503,,,,,,,,41.05
4504,,,,,,,,63.73
4505,,,,,,,,63.83
4506,,,,,,,,77.0
4507,,,,,,,,77.81
4508,,,,,,,,80.01
4509,,,,,,,,80.65
4510,,,,,,,,41.18
4511,,,,,,,,43.28
4512,,,,,,,,37.51
4513,,,,,,,,62.83
4514,,,,,,,,334.31
4515,,,,,,,,63.17
4516,,,,,,,,38.29
4517,,,,,,,,63.46
4518,,,,,,,,38.24
4519,,,,,,,,62.08
4520,,,,,,,,38.26
4521,,,,,,,,67.12
4522,,,,,,,,87.37
4523,,,,,,,,71.02
4524,,,,,,,,83.33
4525,,,,,,,,75.15
4526,,,,,,,,89.37
4527,,,,,,,,76.71
4528,,,,,,,,37.83
4529,,,,,,,,62.83
4530,,,,,,,,81.37
4531,,,,,,,,51.02
4532,,,,,,,,88.56
4533,,,,,,,,67.02
4534,,,,,,,,60.61
4535,,,,,,,,62.66
4536,,,,,,,,37.64
4537,,,,,,,,63.58
4538,,,,,,,,38.32
4539,,,,,,,,63.57
4540,,,,,,,,32.76
4541,,,,,,,,83.33
4542,,,,,,,,38.56
4543,,,,,,,,63.44
4544,,,,,,,,37.85
4545,,,,,,,,68.35
4546,,,,,,,,62.71
4547,,,,,,,,197.81
4548,,,,,,,,62.41
4549,,,,,,,,190.62
4550,,,,,,,,62.11
4551,,,,,,,,64.94
