Frame,Track_ID,Class_ID,Confidence,BBox_X1,BBox_Y1,BBox_X2,BBox_Y2,FPS
1,,,,,,,,1.3
2,,,,,,,,4.41
3,,,,,,,,4.16
4,,,,,,,,4.36
5,,,,,,,,4.27
6,,,,,,,,4.55
7,,,,,,,,2.9
8,,,,,,,,2.7
9,,,,,,,,2.18
10,,,,,,,,3.99
11,,,,,,,,4.43
12,,,,,,,,4.42
13,,,,,,,,4.59
14,,,,,,,,4.41
15,,,,,,,,4.41
16,,,,,,,,4.64
17,,,,,,,,4.65
18,,,,,,,,4.5
19,,,,,,,,4.64
20,,,,,,,,4.62
21,,,,,,,,4.29
22,,,,,,,,4.39
23,,,,,,,,3.81
24,,,,,,,,3.95
25,,,,,,,,3.61
26,,,,,,,,4.03
27,,,,,,,,4.09
28,,,,,,,,3.98
29,,,,,,,,3.87
30,,,,,,,,3.74
31,,,,,,,,3.75
32,,,,,,,,3.79
33,,,,,,,,3.57
34,,,,,,,,3.57
35,,,,,,,,3.69
36,,,,,,,,3.8
37,,,,,,,,4.0
38,,,,,,,,4.01
39,,,,,,,,3.88
40,,,,,,,,2.96
41,,,,,,,,3.94
42,,,,,,,,4.21
43,,,,,,,,4.05
44,,,,,,,,4.17
45,,,,,,,,4.06
46,,,,,,,,3.74
47,,,,,,,,4.12
48,,,,,,,,3.84
49,,,,,,,,4.28
50,,,,,,,,4.14
51,,,,,,,,2.94
52,,,,,,,,3.79
53,,,,,,,,3.26
54,,,,,,,,3.38
55,,,,,,,,3.59
56,,,,,,,,3.83
57,,,,,,,,3.72
58,,,,,,,,3.88
59,,,,,,,,3.75
60,,,,,,,,3.45
61,,,,,,,,3.52
62,,,,,,,,3.6
63,,,,,,,,3.58
64,,,,,,,,3.52
65,,,,,,,,3.21
66,,,,,,,,2.99
67,,,,,,,,4.33
68,,,,,,,,4.47
69,,,,,,,,4.07
70,,,,,,,,3.8
71,,,,,,,,3.66
72,,,,,,,,3.93
73,,,,,,,,3.74
74,,,,,,,,3.38
75,,,,,,,,3.56
76,,,,,,,,3.73
77,,,,,,,,3.52
78,,,,,,,,3.28
79,,,,,,,,3.71
80,,,,,,,,3.38
81,,,,,,,,3.4
82,,,,,,,,3.41
83,,,,,,,,3.41
84,,,,,,,,2.68
85,,,,,,,,3.14
86,,,,,,,,3.75
87,,,,,,,,2.9
88,,,,,,,,3.04
89,,,,,,,,3.77
90,,,,,,,,3.4
91,,,,,,,,3.63
92,,,,,,,,3.72
93,,,,,,,,2.85
94,,,,,,,,3.14
95,,,,,,,,3.59
96,,,,,,,,3.91
97,,,,,,,,3.54
98,,,,,,,,3.24
99,,,,,,,,3.46
100,,,,,,,,3.37
101,,,,,,,,2.71
102,,,,,,,,4.33
103,,,,,,,,3.84
104,,,,,,,,4.01
105,,,,,,,,4.08
106,,,,,,,,4.37
107,,,,,,,,4.05
108,,,,,,,,4.13
109,,,,,,,,3.95
110,,,,,,,,4.06
111,1.0,0.0,0.5793,7.0,324.0,1822.0,952.0,3.48
112,1.0,0.0,0.5705,9.0,324.0,1835.0,942.0,3.88
113,1.0,0.0,0.5781,7.0,306.0,1844.0,940.0,3.52
114,1.0,0.0,0.5819,4.0,295.0,1840.0,922.0,3.3
115,1.0,0.0,0.5858,3.0,300.0,1855.0,898.0,3.54
116,1.0,0.0,0.6052,1.0,288.0,1856.0,893.0,3.22
117,1.0,0.0,0.6111,0.0,270.0,1856.0,886.0,3.74
118,1.0,0.0,0.642,0.0,250.0,1860.0,868.0,3.87
119,1.0,0.0,0.6147,0.0,238.0,1853.0,895.0,3.87
120,1.0,0.0,0.6606,0.0,233.0,1860.0,896.0,3.75
121,1.0,0.0,0.6855,0.0,228.0,1844.0,874.0,3.34
122,1.0,0.0,0.7374,0.0,219.0,1752.0,864.0,3.51
123,1.0,0.0,0.7132,0.0,205.0,1695.0,871.0,3.39
124,1.0,0.0,0.7444,0.0,173.0,1724.0,893.0,3.31
125,1.0,0.0,0.7468,0.0,154.0,1741.0,898.0,3.45
126,1.0,0.0,0.7594,0.0,145.0,1772.0,923.0,3.72
127,1.0,0.0,0.7366,0.0,134.0,1773.0,968.0,3.79
128,1.0,0.0,0.7375,0.0,122.0,1811.0,964.0,3.48
129,1.0,0.0,0.7699,0.0,130.0,1828.0,903.0,3.65
130,1.0,0.0,0.784,0.0,117.0,1841.0,884.0,3.12
131,1.0,0.0,0.755,0.0,92.0,1847.0,885.0,2.65
132,1.0,0.0,0.7715,0.0,69.0,1867.0,902.0,2.76
133,1.0,0.0,0.7986,0.0,63.0,1888.0,935.0,3.06
134,1.0,0.0,0.7955,0.0,55.0,1900.0,939.0,3.68
135,1.0,0.0,0.8132,0.0,49.0,1908.0,930.0,3.75
136,1.0,0.0,0.8199,0.0,47.0,1916.0,924.0,3.72
137,1.0,0.0,0.8199,4.0,44.0,1918.0,929.0,3.72
138,1.0,0.0,0.8392,5.0,42.0,1918.0,927.0,3.96
139,1.0,0.0,0.8353,2.0,39.0,1916.0,933.0,3.74
140,1.0,0.0,0.8328,0.0,40.0,1916.0,925.0,3.62
141,1.0,0.0,0.8178,0.0,42.0,1916.0,924.0,3.2
142,1.0,0.0,0.8217,0.0,38.0,1912.0,919.0,3.64
143,1.0,0.0,0.8371,0.0,39.0,1915.0,909.0,3.44
144,1.0,0.0,0.829,0.0,43.0,1918.0,877.0,3.32
145,1.0,0.0,0.8232,1.0,46.0,1914.0,886.0,3.52
146,1.0,0.0,0.8417,0.0,38.0,1917.0,902.0,3.8
147,1.0,0.0,0.827,0.0,40.0,1917.0,909.0,3.63
148,1.0,0.0,0.8602,0.0,34.0,1918.0,917.0,2.97
149,1.0,0.0,0.8621,1.0,34.0,1917.0,914.0,2.9
150,1.0,0.0,0.8532,1.0,34.0,1914.0,910.0,2.61
151,1.0,0.0,0.8753,1.0,39.0,1913.0,915.0,3.81
152,1.0,0.0,0.8621,2.0,37.0,1916.0,918.0,3.43
153,1.0,0.0,0.8327,2.0,43.0,1919.0,920.0,3.27
154,1.0,0.0,0.8384,4.0,44.0,1920.0,923.0,3.46
155,1.0,0.0,0.8476,2.0,43.0,1920.0,914.0,3.73
156,1.0,0.0,0.8927,1.0,41.0,1920.0,913.0,3.77
157,1.0,0.0,0.8839,1.0,35.0,1920.0,916.0,3.92
158,1.0,0.0,0.8833,2.0,27.0,1920.0,917.0,3.97
159,1.0,0.0,0.873,3.0,19.0,1920.0,916.0,3.91
160,1.0,0.0,0.8674,3.0,12.0,1920.0,924.0,3.66
161,1.0,0.0,0.8709,4.0,9.0,1920.0,931.0,3.43
162,1.0,0.0,0.8389,4.0,6.0,1920.0,928.0,3.69
163,1.0,0.0,0.8598,3.0,4.0,1920.0,922.0,3.32
164,1.0,0.0,0.8511,2.0,0.0,1920.0,928.0,3.19
165,1.0,0.0,0.8534,2.0,0.0,1920.0,920.0,3.59
166,1.0,0.0,0.8386,1.0,0.0,1918.0,931.0,3.76
167,1.0,0.0,0.8563,1.0,0.0,1917.0,927.0,3.01
168,1.0,0.0,0.844,6.0,0.0,1918.0,922.0,2.94
169,1.0,0.0,0.8418,3.0,0.0,1917.0,929.0,2.89
170,1.0,0.0,0.848,2.0,0.0,1915.0,948.0,4.07
171,1.0,0.0,0.8356,1.0,0.0,1912.0,954.0,3.76
172,1.0,0.0,0.8268,0.0,0.0,1911.0,940.0,4.01
173,1.0,0.0,0.8282,0.0,0.0,1911.0,945.0,3.48
174,1.0,0.0,0.8407,0.0,0.0,1909.0,936.0,3.73
175,1.0,0.0,0.8228,0.0,0.0,1910.0,953.0,3.7
176,1.0,0.0,0.8116,3.0,0.0,1915.0,968.0,3.91
177,1.0,0.0,0.8112,0.0,0.0,1912.0,958.0,3.65
178,1.0,0.0,0.8216,0.0,0.0,1912.0,927.0,3.85
179,1.0,0.0,0.8028,0.0,0.0,1908.0,914.0,3.64
180,1.0,0.0,0.813,0.0,0.0,1909.0,926.0,3.52
181,1.0,0.0,0.8092,0.0,0.0,1910.0,934.0,3.43
182,1.0,0.0,0.7242,0.0,0.0,1909.0,953.0,3.48
183,1.0,0.0,0.7631,0.0,0.0,1898.0,966.0,3.19
184,1.0,0.0,0.6284,0.0,0.0,1914.0,992.0,3.16
185,1.0,0.0,0.2985,1.0,0.0,1920.0,994.0,3.53
186,1.0,0.0,0.5147,0.0,1.0,1918.0,999.0,3.62
187,1.0,0.0,0.543,0.0,1.0,1918.0,1009.0,3.52
188,1.0,0.0,0.5677,0.0,2.0,1910.0,996.0,3.55
189,1.0,0.0,0.6677,0.0,2.0,1882.0,990.0,2.92
190,1.0,0.0,0.8006,0.0,3.0,1904.0,969.0,3.67
191,1.0,0.0,0.7252,1.0,4.0,1913.0,947.0,3.7
192,1.0,0.0,0.7953,4.0,5.0,1915.0,982.0,3.97
193,1.0,0.0,0.7959,9.0,6.0,1920.0,922.0,3.12
194,1.0,0.0,0.8258,7.0,5.0,1916.0,916.0,2.78
195,1.0,0.0,0.8234,0.0,2.0,1905.0,891.0,3.78
196,1.0,0.0,0.815,4.0,3.0,1902.0,859.0,3.52
197,1.0,0.0,0.7646,0.0,2.0,1898.0,862.0,3.77
198,1.0,0.0,0.8234,11.0,1.0,1904.0,851.0,3.64
199,1.0,0.0,0.8329,14.0,0.0,1907.0,864.0,3.66
200,1.0,0.0,0.8336,10.0,0.0,1909.0,857.0,3.22
201,1.0,0.0,0.8422,9.0,0.0,1902.0,841.0,3.28
202,1.0,0.0,0.8402,8.0,0.0,1901.0,851.0,3.47
203,1.0,0.0,0.8309,0.0,0.0,1903.0,847.0,3.23
204,1.0,0.0,0.8225,1.0,0.0,1904.0,877.0,3.27
205,1.0,0.0,0.8112,4.0,0.0,1903.0,880.0,3.72
206,1.0,0.0,0.7935,4.0,0.0,1905.0,873.0,3.2
207,1.0,0.0,0.7991,5.0,0.0,1907.0,869.0,3.58
208,1.0,0.0,0.8113,5.0,0.0,1908.0,854.0,3.8
209,1.0,0.0,0.8041,11.0,0.0,1909.0,843.0,2.84
210,1.0,0.0,0.7911,0.0,0.0,1913.0,858.0,3.02
211,1.0,0.0,0.8121,0.0,1.0,1915.0,856.0,2.94
212,1.0,0.0,0.8432,0.0,0.0,1916.0,886.0,3.46
213,1.0,0.0,0.8438,0.0,2.0,1912.0,849.0,3.58
214,1.0,0.0,0.8338,0.0,0.0,1914.0,843.0,3.66
215,1.0,0.0,0.7997,0.0,0.0,1917.0,854.0,3.69
216,1.0,0.0,0.8163,9.0,1.0,1914.0,842.0,3.83
217,1.0,0.0,0.7467,0.0,0.0,1918.0,859.0,3.54
218,1.0,0.0,0.4259,0.0,0.0,1920.0,987.0,3.75
219,1.0,0.0,0.509,0.0,0.0,1920.0,1041.0,3.45
220,1.0,0.0,0.6827,4.0,0.0,1920.0,1043.0,3.53
221,1.0,0.0,0.798,4.0,0.0,1920.0,935.0,3.45
222,1.0,0.0,0.8289,1.0,0.0,1734.0,862.0,3.47
223,1.0,0.0,0.8047,0.0,0.0,1690.0,846.0,3.32
224,1.0,0.0,0.8174,1.0,0.0,1725.0,826.0,3.41
225,1.0,0.0,0.8262,0.0,2.0,1691.0,818.0,3.66
226,1.0,0.0,0.8321,0.0,4.0,1698.0,817.0,3.67
227,1.0,0.0,0.8344,0.0,5.0,1696.0,818.0,3.81
228,1.0,0.0,0.817,0.0,4.0,1704.0,837.0,3.77
229,1.0,0.0,0.7789,0.0,3.0,1726.0,833.0,3.42
230,1.0,0.0,0.798,3.0,3.0,1716.0,842.0,3.19
231,1.0,0.0,0.7552,7.0,0.0,1740.0,853.0,2.75
232,1.0,0.0,0.76,15.0,0.0,1772.0,847.0,2.89
233,1.0,0.0,0.7859,11.0,0.0,1827.0,834.0,3.45
234,1.0,0.0,0.7746,9.0,0.0,1869.0,840.0,3.59
235,1.0,0.0,0.7861,11.0,0.0,1887.0,834.0,3.69
236,1.0,0.0,0.7476,10.0,0.0,1898.0,839.0,4.06
237,1.0,0.0,0.7993,11.0,0.0,1906.0,837.0,4.0
238,1.0,0.0,0.7858,8.0,0.0,1916.0,846.0,3.98
239,1.0,0.0,0.7934,5.0,0.0,1915.0,851.0,3.56
240,1.0,0.0,0.7978,0.0,1.0,1915.0,853.0,3.67
241,1.0,0.0,0.8266,0.0,3.0,1919.0,854.0,3.38
242,1.0,0.0,0.8251,0.0,4.0,1919.0,857.0,3.37
243,1.0,0.0,0.8313,0.0,0.0,1917.0,853.0,3.23
244,1.0,0.0,0.8374,0.0,1.0,1916.0,853.0,3.21
245,1.0,0.0,0.8374,0.0,2.0,1915.0,833.0,3.55
246,1.0,0.0,0.8266,0.0,0.0,1910.0,828.0,3.67
247,1.0,0.0,0.8363,5.0,0.0,1915.0,829.0,3.76
248,1.0,0.0,0.7978,3.0,0.0,1914.0,830.0,3.74
249,1.0,0.0,0.8196,12.0,0.0,1912.0,838.0,3.41
250,1.0,0.0,0.8448,11.0,0.0,1913.0,834.0,3.68
251,1.0,0.0,0.8436,19.0,3.0,1913.0,832.0,3.27
252,1.0,0.0,0.854,19.0,0.0,1912.0,849.0,2.62
253,1.0,0.0,0.8406,27.0,0.0,1908.0,851.0,2.72
254,1.0,0.0,0.8349,14.0,0.0,1907.0,839.0,3.74
255,1.0,0.0,0.8335,12.0,2.0,1911.0,836.0,3.68
256,1.0,0.0,0.8414,19.0,5.0,1913.0,836.0,4.03
257,1.0,0.0,0.8356,23.0,6.0,1912.0,839.0,3.93
258,1.0,0.0,0.812,21.0,6.0,1911.0,837.0,3.86
259,1.0,0.0,0.8321,22.0,5.0,1910.0,841.0,3.95
260,1.0,0.0,0.8273,10.0,5.0,1894.0,843.0,3.85
261,1.0,0.0,0.8245,11.0,5.0,1897.0,840.0,3.45
262,1.0,0.0,0.8144,18.0,4.0,1885.0,839.0,3.57
263,1.0,0.0,0.8083,13.0,12.0,1886.0,832.0,2.89
264,1.0,0.0,0.8007,17.0,6.0,1889.0,833.0,2.41
265,1.0,0.0,0.8116,20.0,2.0,1894.0,823.0,3.39
266,1.0,0.0,0.7701,17.0,2.0,1900.0,799.0,3.93
267,1.0,0.0,0.7236,12.0,20.0,1901.0,795.0,3.58
268,1.0,0.0,0.7153,5.0,31.0,1859.0,790.0,2.88
269,1.0,0.0,0.7819,7.0,31.0,1854.0,794.0,2.98
270,1.0,0.0,0.7495,3.0,26.0,1880.0,795.0,3.83
271,1.0,0.0,0.7395,9.0,33.0,1888.0,811.0,3.29
272,1.0,0.0,0.7282,14.0,23.0,1897.0,818.0,3.63
273,1.0,0.0,0.6799,6.0,27.0,1904.0,821.0,3.44
274,1.0,0.0,0.6527,6.0,34.0,1909.0,822.0,3.35
275,1.0,0.0,0.6594,5.0,53.0,1885.0,798.0,2.93
276,1.0,0.0,0.709,6.0,32.0,1896.0,819.0,3.92
277,1.0,0.0,0.6686,12.0,98.0,1869.0,795.0,3.93
278,1.0,0.0,0.7232,34.0,73.0,1890.0,795.0,3.5
279,1.0,0.0,0.7074,30.0,54.0,1898.0,811.0,3.94
280,1.0,0.0,0.7091,29.0,34.0,1905.0,796.0,3.92
281,1.0,0.0,0.7611,19.0,36.0,1909.0,823.0,3.76
282,1.0,0.0,0.7327,9.0,32.0,1914.0,829.0,3.62
283,1.0,0.0,0.7745,12.0,32.0,1916.0,815.0,3.4
284,1.0,0.0,0.6876,29.0,32.0,1917.0,799.0,2.97
285,1.0,0.0,0.7167,41.0,37.0,1915.0,792.0,3.59
286,1.0,0.0,0.685,38.0,50.0,1915.0,797.0,3.58
287,1.0,0.0,0.6818,56.0,61.0,1915.0,796.0,3.79
288,1.0,0.0,0.6995,59.0,67.0,1915.0,796.0,3.5
289,1.0,0.0,0.7197,80.0,59.0,1917.0,804.0,3.71
290,1.0,0.0,0.7394,55.0,45.0,1918.0,816.0,3.75
291,1.0,0.0,0.7501,108.0,30.0,1919.0,851.0,3.29
292,1.0,0.0,0.7704,128.0,22.0,1920.0,839.0,3.54
293,1.0,0.0,0.7107,147.0,21.0,1919.0,841.0,3.26
294,1.0,0.0,0.7104,152.0,26.0,1919.0,843.0,3.17
295,1.0,0.0,0.6998,141.0,41.0,1920.0,823.0,2.76
296,1.0,0.0,0.7094,151.0,73.0,1917.0,826.0,3.88
297,1.0,0.0,0.7494,165.0,53.0,1919.0,853.0,3.9
298,1.0,0.0,0.6996,135.0,53.0,1919.0,811.0,3.68
299,1.0,0.0,0.7683,136.0,73.0,1919.0,840.0,3.78
300,,,,,,,,3.55
301,,,,,,,,3.56
302,,,,,,,,3.8
303,,,,,,,,3.54
304,,,,,,,,3.7
305,,,,,,,,3.76
306,,,,,,,,3.99
307,,,,,,,,4.02
308,,,,,,,,3.96
309,,,,,,,,3.81
310,,,,,,,,3.63
311,,,,,,,,3.38
312,,,,,,,,3.45
313,,,,,,,,3.28
314,,,,,,,,3.47
315,,,,,,,,3.53
316,,,,,,,,4.13
317,,,,,,,,3.65
318,,,,,,,,3.88
319,,,,,,,,3.59
320,,,,,,,,2.8
321,,,,,,,,2.79
322,,,,,,,,3.93
323,,,,,,,,4.15
324,,,,,,,,4.13
325,,,,,,,,4.15
326,,,,,,,,4.56
327,,,,,,,,4.12
328,,,,,,,,4.16
329,,,,,,,,3.62
330,,,,,,,,3.8
331,,,,,,,,3.46
332,,,,,,,,3.64
333,,,,,,,,3.28
334,,,,,,,,3.3
335,,,,,,,,3.83
336,,,,,,,,3.48
337,,,,,,,,3.6
338,,,,,,,,3.95
339,,,,,,,,2.79
340,,,,,,,,2.95
341,,,,,,,,2.83
342,,,,,,,,4.38
343,,,,,,,,4.03
344,,,,,,,,3.7
345,,,,,,,,4.08
346,,,,,,,,4.03
347,,,,,,,,4.08
348,,,,,,,,4.09
349,,,,,,,,3.74
350,,,,,,,,3.72
351,,,,,,,,3.49
352,3.0,0.0,0.6173,15.0,401.0,1626.0,1077.0,3.79
353,3.0,0.0,0.6387,15.0,387.0,1582.0,1079.0,3.4
354,3.0,0.0,0.6199,10.0,362.0,1584.0,1080.0,3.1
355,3.0,0.0,0.3563,4.0,359.0,1602.0,1080.0,3.37
356,3.0,0.0,0.2864,9.0,281.0,1617.0,1080.0,3.68
357,3.0,0.0,0.2323,4.0,233.0,1617.0,1080.0,3.74
358,3.0,0.0,0.454,6.0,222.0,1623.0,1080.0,3.62
359,3.0,0.0,0.6541,2.0,209.0,1621.0,1080.0,3.76
360,3.0,0.0,0.4303,0.0,226.0,1624.0,1080.0,3.56
361,3.0,0.0,0.5725,6.0,186.0,1629.0,1073.0,3.23
362,3.0,0.0,0.5116,12.0,197.0,1633.0,1077.0,3.38
363,3.0,0.0,0.6066,4.0,175.0,1644.0,1076.0,2.51
364,3.0,0.0,0.6233,1.0,160.0,1641.0,1073.0,3.82
365,3.0,0.0,0.6179,0.0,138.0,1696.0,1077.0,4.17
366,3.0,0.0,0.745,23.0,146.0,1753.0,1079.0,3.74
367,3.0,0.0,0.7769,12.0,142.0,1849.0,1079.0,3.75
368,3.0,0.0,0.8506,6.0,134.0,1900.0,1079.0,4.26
369,3.0,0.0,0.8199,2.0,133.0,1920.0,1080.0,4.27
370,3.0,0.0,0.8192,2.0,131.0,1920.0,1080.0,3.75
371,3.0,0.0,0.8148,0.0,105.0,1920.0,1080.0,3.11
372,3.0,0.0,0.7989,1.0,94.0,1907.0,1080.0,3.61
373,3.0,0.0,0.773,2.0,90.0,1910.0,1080.0,3.35
374,3.0,0.0,0.7948,0.0,72.0,1883.0,1080.0,3.39
375,3.0,0.0,0.7487,0.0,73.0,1706.0,1080.0,3.53
376,3.0,0.0,0.7221,3.0,165.0,1820.0,1079.0,3.59
377,3.0,0.0,0.7298,5.0,176.0,1741.0,1080.0,3.41
378,3.0,0.0,0.792,24.0,149.0,1824.0,1080.0,3.7
379,3.0,0.0,0.7703,35.0,168.0,1805.0,1080.0,3.81
380,3.0,0.0,0.7871,16.0,173.0,1841.0,1080.0,3.59
381,3.0,0.0,0.8289,11.0,118.0,1844.0,1080.0,3.31
382,3.0,0.0,0.8617,1.0,81.0,1838.0,1080.0,3.58
383,3.0,0.0,0.8696,0.0,60.0,1835.0,1080.0,3.17
384,3.0,0.0,0.8862,0.0,43.0,1837.0,1080.0,3.2
385,3.0,0.0,0.8963,0.0,22.0,1827.0,1080.0,3.45
386,,,,,,,,3.9
387,,,,,,,,2.84
388,3.0,0.0,0.1079,0.0,0.0,1869.0,1080.0,3.69
389,3.0,0.0,0.1366,0.0,0.0,1908.0,1080.0,3.97
390,3.0,0.0,0.1282,7.0,0.0,1920.0,1079.0,3.49
391,,,,,,,,3.84
392,3.0,0.0,0.4266,13.0,1.0,1920.0,1057.0,3.92
393,3.0,0.0,0.7331,11.0,1.0,1920.0,1021.0,3.94
394,3.0,0.0,0.6938,11.0,1.0,1920.0,1034.0,3.65
395,3.0,0.0,0.6417,9.0,1.0,1920.0,1039.0,3.6
396,3.0,0.0,0.7461,8.0,1.0,1920.0,1039.0,3.92
397,3.0,0.0,0.7042,8.0,1.0,1920.0,1036.0,3.71
398,3.0,0.0,0.7482,8.0,1.0,1920.0,1033.0,3.72
399,3.0,0.0,0.6484,13.0,1.0,1920.0,1025.0,3.69
400,3.0,0.0,0.7356,10.0,0.0,1920.0,1042.0,3.59
401,3.0,0.0,0.6698,16.0,0.0,1920.0,1032.0,3.51
402,3.0,0.0,0.7142,26.0,0.0,1920.0,1027.0,3.58
403,3.0,0.0,0.7148,25.0,0.0,1920.0,1023.0,3.4
404,3.0,0.0,0.7313,34.0,0.0,1920.0,1022.0,3.3
405,3.0,0.0,0.7495,17.0,2.0,1920.0,1033.0,3.14
406,3.0,0.0,0.7063,24.0,1.0,1920.0,1024.0,3.76
407,3.0,0.0,0.6947,21.0,0.0,1920.0,1022.0,3.38
408,3.0,0.0,0.6373,11.0,0.0,1919.0,1026.0,3.61
409,3.0,0.0,0.6335,7.0,0.0,1917.0,1034.0,3.84
410,3.0,0.0,0.6157,6.0,0.0,1916.0,1034.0,3.79
411,3.0,0.0,0.6686,3.0,0.0,1916.0,1027.0,3.56
412,3.0,0.0,0.6624,4.0,0.0,1917.0,1012.0,3.53
413,3.0,0.0,0.672,2.0,0.0,1916.0,1011.0,3.33
414,3.0,0.0,0.691,1.0,0.0,1916.0,1007.0,2.55
415,3.0,0.0,0.7004,0.0,0.0,1915.0,1002.0,4.08
416,3.0,0.0,0.7305,0.0,0.0,1915.0,1009.0,4.28
417,3.0,0.0,0.7515,0.0,0.0,1912.0,1008.0,4.07
418,3.0,0.0,0.7813,0.0,0.0,1908.0,1005.0,4.09
419,3.0,0.0,0.7887,1.0,0.0,1906.0,1006.0,4.09
420,3.0,0.0,0.8036,1.0,0.0,1904.0,1000.0,4.27
421,3.0,0.0,0.8363,1.0,0.0,1905.0,997.0,3.91
422,3.0,0.0,0.8127,1.0,0.0,1905.0,1007.0,3.83
423,3.0,0.0,0.8424,1.0,0.0,1906.0,1013.0,3.23
424,3.0,0.0,0.8311,1.0,0.0,1906.0,1006.0,3.27
425,3.0,0.0,0.808,2.0,0.0,1907.0,996.0,3.53
426,3.0,0.0,0.7833,6.0,0.0,1908.0,984.0,3.63
427,3.0,0.0,0.7675,5.0,0.0,1905.0,988.0,3.73
428,3.0,0.0,0.7775,21.0,0.0,1902.0,981.0,3.51
429,3.0,0.0,0.7983,22.0,0.0,1896.0,979.0,3.59
430,3.0,0.0,0.787,15.0,0.0,1896.0,958.0,3.52
431,3.0,0.0,0.8088,27.0,0.0,1898.0,953.0,3.17
432,3.0,0.0,0.7847,23.0,0.0,1903.0,947.0,3.47
433,3.0,0.0,0.7321,52.0,0.0,1899.0,951.0,3.13
434,3.0,0.0,0.3759,26.0,0.0,1912.0,1021.0,3.12
435,3.0,0.0,0.5209,18.0,0.0,1914.0,1024.0,3.55
436,3.0,0.0,0.5472,67.0,33.0,1915.0,1026.0,2.79
437,3.0,0.0,0.5539,74.0,41.0,1916.0,1014.0,2.7
438,3.0,0.0,0.4415,55.0,20.0,1912.0,1001.0,2.96
439,3.0,0.0,0.4399,36.0,7.0,1906.0,1015.0,2.89
440,3.0,0.0,0.1116,14.0,2.0,1912.0,1058.0,3.37
441,3.0,0.0,0.1864,31.0,0.0,1874.0,985.0,3.76
442,3.0,0.0,0.4302,12.0,0.0,1661.0,919.0,4.11
443,3.0,0.0,0.3418,6.0,0.0,1638.0,891.0,3.56
444,3.0,0.0,0.4246,6.0,0.0,1646.0,832.0,3.66
445,3.0,0.0,0.5313,4.0,0.0,1594.0,823.0,3.62
446,3.0,0.0,0.3703,10.0,0.0,1731.0,817.0,3.89
447,3.0,0.0,0.4214,8.0,0.0,1575.0,845.0,3.56
448,3.0,0.0,0.5395,3.0,0.0,1496.0,866.0,3.93
449,3.0,0.0,0.52,10.0,1.0,1444.0,858.0,3.68
450,3.0,0.0,0.2767,11.0,0.0,1484.0,859.0,3.58
451,3.0,0.0,0.3095,22.0,17.0,1505.0,862.0,3.41
452,3.0,0.0,0.3442,28.0,6.0,1584.0,872.0,3.71
453,3.0,0.0,0.491,11.0,2.0,1592.0,859.0,3.26
454,3.0,0.0,0.1116,23.0,14.0,1572.0,842.0,3.3
455,3.0,0.0,0.2952,10.0,5.0,1543.0,854.0,3.55
456,,,,,,,,3.16
457,,,,,,,,3.69
458,,,,,,,,3.87
459,,,,,,,,3.7
460,,,,,,,,3.68
461,,,,,,,,2.91
462,,,,,,,,2.7
463,3.0,0.0,0.5428,0.0,0.0,1165.0,871.0,3.59
464,3.0,0.0,0.1696,0.0,0.0,1106.0,848.0,3.64
465,3.0,0.0,0.2274,0.0,0.0,1091.0,834.0,4.0
466,,,,,,,,4.05
467,,,,,,,,3.92
468,,,,,,,,3.94
469,,,,,,,,3.86
470,3.0,0.0,0.5423,0.0,0.0,1486.0,988.0,3.61
471,3.0,0.0,0.3333,0.0,0.0,1538.0,937.0,3.37
472,3.0,0.0,0.4921,3.0,0.0,1773.0,1033.0,3.54
473,3.0,0.0,0.4428,5.0,0.0,1869.0,1066.0,2.39
474,3.0,0.0,0.283,7.0,0.0,1910.0,1064.0,2.55
475,3.0,0.0,0.1075,9.0,0.0,1920.0,1074.0,4.11
476,,,,,,,,4.29
477,,,,,,,,4.55
478,,,,,,,,4.52
479,,,,,,,,4.63
480,,,,,,,,4.62
481,3.0,0.0,0.3904,1.0,0.0,1691.0,967.0,3.67
482,3.0,0.0,0.7592,0.0,0.0,1552.0,889.0,3.98
483,3.0,0.0,0.5659,0.0,0.0,1493.0,867.0,3.43
484,3.0,0.0,0.7592,0.0,0.0,1443.0,870.0,3.37
485,3.0,0.0,0.7461,0.0,0.0,1417.0,880.0,3.45
486,3.0,0.0,0.6983,0.0,0.0,1386.0,894.0,3.76
487,3.0,0.0,0.6285,0.0,0.0,1370.0,912.0,3.75
488,3.0,0.0,0.7152,0.0,0.0,1355.0,926.0,3.56
489,3.0,0.0,0.6105,0.0,0.0,1376.0,896.0,3.67
490,3.0,0.0,0.3501,0.0,0.0,1713.0,913.0,3.55
491,3.0,0.0,0.2691,0.0,0.0,1839.0,935.0,3.08
492,3.0,0.0,0.4619,0.0,0.0,1902.0,954.0,3.28
493,3.0,0.0,0.4141,0.0,0.0,1920.0,938.0,3.14
494,3.0,0.0,0.3199,0.0,0.0,1605.0,921.0,3.25
495,3.0,0.0,0.3849,0.0,0.0,1778.0,914.0,3.69
496,3.0,0.0,0.2815,0.0,0.0,1859.0,927.0,2.93
497,3.0,0.0,0.1988,3.0,0.0,1900.0,947.0,2.8
498,,,,,,,,4.35
499,3.0,0.0,0.1027,6.0,0.0,1903.0,950.0,3.92
500,3.0,0.0,0.1288,3.0,0.0,1838.0,910.0,3.92
501,3.0,0.0,0.1333,8.0,0.0,1843.0,913.0,3.59
502,,,,,,,,4.15
503,3.0,0.0,0.209,17.0,0.0,1861.0,930.0,3.55
504,3.0,0.0,0.192,14.0,0.0,1857.0,936.0,3.44
505,,,,,,,,3.81
506,3.0,0.0,0.2478,8.0,0.0,1617.0,878.0,3.78
507,3.0,0.0,0.149,10.0,0.0,1769.0,866.0,3.63
508,,,,,,,,3.66
509,,,,,,,,4.0
510,3.0,0.0,0.1253,9.0,0.0,1857.0,920.0,3.58
511,3.0,0.0,0.152,10.0,0.0,1887.0,933.0,3.24
512,,,,,,,,3.87
513,3.0,0.0,0.1132,298.0,10.0,1876.0,871.0,2.83
514,,,,,,,,3.11
515,3.0,0.0,0.1323,392.0,12.0,1606.0,837.0,3.3
516,3.0,0.0,0.308,204.0,4.0,1553.0,861.0,3.3
517,,,,,,,,3.68
518,3.0,0.0,0.1094,200.0,1.0,1732.0,841.0,2.94
519,,,,,,,,4.37
520,,,,,,,,4.26
521,,,,,,,,3.86
522,,,,,,,,4.26
523,,,,,,,,3.85
524,,,,,,,,3.85
525,,,,,,,,3.25
526,3.0,0.0,0.1456,76.0,0.0,1856.0,1001.0,3.65
527,,,,,,,,4.22
528,,,,,,,,3.9
529,,,,,,,,4.13
530,,,,,,,,3.6
531,,,,,,,,3.63
532,,,,,,,,4.0
533,,,,,,,,3.67
534,,,,,,,,3.69
535,,,,,,,,3.7
536,,,,,,,,3.74
537,,,,,,,,3.77
538,,,,,,,,3.8
539,,,,,,,,2.98
540,3.0,0.0,0.5366,8.0,1.0,1640.0,1027.0,3.9
541,3.0,0.0,0.4756,3.0,2.0,1606.0,1013.0,3.69
542,3.0,0.0,0.4608,2.0,2.0,1606.0,1005.0,3.74
543,3.0,0.0,0.2933,3.0,2.0,1595.0,1010.0,3.12
544,3.0,0.0,0.3725,5.0,1.0,1603.0,1000.0,3.57
545,3.0,0.0,0.2954,7.0,1.0,1636.0,995.0,3.33
546,,,,,,,,4.17
547,,,,,,,,4.07
548,,,,,,,,4.14
549,,,,,,,,3.82
550,,,,,,,,3.02
551,,,,,,,,3.19
552,,,,,,,,3.77
553,,,,,,,,3.52
554,,,,,,,,3.71
555,,,,,,,,3.67
556,,,,,,,,4.25
557,,,,,,,,4.0
558,,,,,,,,3.59
559,,,,,,,,4.03
560,,,,,,,,3.85
561,,,,,,,,3.1
562,,,,,,,,3.78
563,,,,,,,,3.57
564,,,,,,,,3.46
565,,,,,,,,3.8
566,,,,,,,,3.74
567,,,,,,,,3.76
568,,,,,,,,3.04
569,,,,,,,,4.02
570,,,,,,,,3.95
571,3.0,0.0,0.604,134.0,138.0,1835.0,690.0,3.82
572,3.0,0.0,0.5609,115.0,161.0,1857.0,681.0,4.0
573,3.0,0.0,0.5739,109.0,170.0,1830.0,658.0,3.71
574,3.0,0.0,0.6372,90.0,165.0,1821.0,651.0,3.74
575,3.0,0.0,0.6311,77.0,163.0,1821.0,651.0,3.48
576,3.0,0.0,0.6462,87.0,161.0,1808.0,640.0,3.82
577,3.0,0.0,0.6399,110.0,161.0,1816.0,621.0,3.44
578,3.0,0.0,0.6401,111.0,160.0,1813.0,618.0,3.81
579,3.0,0.0,0.6302,109.0,159.0,1822.0,616.0,3.5
580,3.0,0.0,0.6273,95.0,159.0,1821.0,620.0,3.52
581,3.0,0.0,0.6149,84.0,158.0,1827.0,633.0,3.4
582,3.0,0.0,0.6593,72.0,158.0,1820.0,640.0,3.64
583,3.0,0.0,0.681,84.0,157.0,1815.0,638.0,3.16
584,3.0,0.0,0.6722,92.0,157.0,1793.0,635.0,3.18
585,3.0,0.0,0.6777,103.0,157.0,1797.0,637.0,3.44
586,3.0,0.0,0.6777,94.0,157.0,1796.0,642.0,3.6
587,3.0,0.0,0.6398,92.0,157.0,1810.0,640.0,3.57
588,3.0,0.0,0.6676,96.0,158.0,1834.0,675.0,3.53
589,3.0,0.0,0.6657,104.0,161.0,1818.0,652.0,3.66
590,3.0,0.0,0.6955,108.0,163.0,1832.0,680.0,3.42
591,3.0,0.0,0.6676,94.0,165.0,1816.0,662.0,2.72
592,3.0,0.0,0.7043,91.0,167.0,1810.0,654.0,4.03
593,3.0,0.0,0.6849,85.0,171.0,1802.0,646.0,3.67
594,3.0,0.0,0.6848,85.0,171.0,1800.0,644.0,3.77
595,3.0,0.0,0.6524,83.0,172.0,1788.0,644.0,3.69
596,3.0,0.0,0.6461,84.0,169.0,1791.0,641.0,3.85
597,3.0,0.0,0.6229,107.0,170.0,1799.0,655.0,3.76
598,3.0,0.0,0.6239,113.0,168.0,1783.0,663.0,3.94
599,3.0,0.0,0.5884,112.0,167.0,1792.0,670.0,3.79
600,3.0,0.0,0.5968,101.0,162.0,1767.0,648.0,3.68
601,3.0,0.0,0.509,80.0,164.0,1754.0,654.0,3.4
602,3.0,0.0,0.5301,81.0,162.0,1782.0,672.0,3.66
603,3.0,0.0,0.6031,92.0,162.0,1791.0,680.0,3.26
604,3.0,0.0,0.5728,117.0,162.0,1807.0,683.0,3.2
605,3.0,0.0,0.617,87.0,157.0,1802.0,696.0,3.56
606,3.0,0.0,0.5709,82.0,156.0,1814.0,695.0,3.88
607,3.0,0.0,0.5965,92.0,155.0,1814.0,705.0,3.58
608,3.0,0.0,0.6503,79.0,157.0,1798.0,699.0,3.86
609,3.0,0.0,0.6358,48.0,156.0,1796.0,716.0,3.06
610,3.0,0.0,0.5163,47.0,161.0,1789.0,724.0,2.83
611,3.0,0.0,0.2285,61.0,162.0,1799.0,736.0,3.56
612,3.0,0.0,0.5312,57.0,163.0,1762.0,729.0,4.11
613,3.0,0.0,0.3844,61.0,165.0,1761.0,704.0,3.32
614,3.0,0.0,0.3139,54.0,166.0,1782.0,695.0,3.65
615,3.0,0.0,0.3906,74.0,166.0,1815.0,707.0,3.65
616,3.0,0.0,0.4021,59.0,166.0,1812.0,720.0,3.95
617,3.0,0.0,0.3594,54.0,169.0,1788.0,695.0,3.7
618,3.0,0.0,0.3859,41.0,167.0,1758.0,714.0,3.77
619,3.0,0.0,0.4146,32.0,166.0,1715.0,722.0,2.98
620,3.0,0.0,0.397,31.0,165.0,1675.0,716.0,2.83
621,3.0,0.0,0.4454,23.0,166.0,1713.0,723.0,3.66
622,3.0,0.0,0.3863,14.0,160.0,1722.0,738.0,4.01
623,3.0,0.0,0.3521,31.0,163.0,1708.0,721.0,3.71
624,3.0,0.0,0.3401,43.0,167.0,1695.0,705.0,3.68
625,3.0,0.0,0.4301,31.0,166.0,1612.0,706.0,3.74
626,3.0,0.0,0.2233,63.0,168.0,1644.0,706.0,3.83
627,3.0,0.0,0.3372,69.0,170.0,1624.0,698.0,3.17
628,3.0,0.0,0.2693,79.0,171.0,1612.0,697.0,2.65
629,3.0,0.0,0.2653,70.0,170.0,1563.0,703.0,2.38
630,3.0,0.0,0.1502,149.0,177.0,1719.0,704.0,3.88
631,3.0,0.0,0.2352,154.0,173.0,1716.0,710.0,3.68
632,3.0,0.0,0.1564,142.0,177.0,1712.0,707.0,4.12
633,3.0,0.0,0.1104,198.0,182.0,1755.0,704.0,3.59
634,3.0,0.0,0.114,182.0,174.0,1633.0,708.0,3.72
635,,,,,,,,4.04
636,3.0,0.0,0.3003,72.0,167.0,1567.0,718.0,3.96
637,3.0,0.0,0.1206,66.0,169.0,1702.0,723.0,3.77
638,3.0,0.0,0.1357,39.0,165.0,1629.0,735.0,3.8
639,3.0,0.0,0.2756,17.0,165.0,1648.0,738.0,3.9
640,3.0,0.0,0.3003,7.0,164.0,1672.0,737.0,3.71
641,3.0,0.0,0.2496,16.0,174.0,1718.0,722.0,3.43
642,3.0,0.0,0.2759,10.0,185.0,1707.0,669.0,3.78
643,3.0,0.0,0.2821,21.0,185.0,1757.0,714.0,3.53
644,3.0,0.0,0.4413,16.0,198.0,1687.0,662.0,3.45
645,3.0,0.0,0.3554,31.0,208.0,1703.0,637.0,2.87
646,3.0,0.0,0.2125,28.0,225.0,1709.0,603.0,4.06
647,3.0,0.0,0.2452,41.0,216.0,1694.0,610.0,3.5
648,3.0,0.0,0.1997,25.0,216.0,1658.0,600.0,4.13
649,3.0,0.0,0.3113,17.0,205.0,1632.0,615.0,4.09
650,3.0,0.0,0.2157,16.0,221.0,1672.0,595.0,4.0
651,3.0,0.0,0.1529,18.0,226.0,1709.0,591.0,3.65
652,3.0,0.0,0.1528,17.0,230.0,1694.0,586.0,3.77
653,3.0,0.0,0.1629,19.0,224.0,1720.0,592.0,3.35
654,3.0,0.0,0.2865,30.0,215.0,1680.0,610.0,3.28
655,3.0,0.0,0.257,26.0,207.0,1701.0,619.0,3.46
656,3.0,0.0,0.1312,25.0,215.0,1723.0,607.0,3.81
657,3.0,0.0,0.233,25.0,211.0,1724.0,622.0,3.82
658,3.0,0.0,0.1187,18.0,188.0,1793.0,715.0,3.56
659,3.0,0.0,0.1116,13.0,178.0,1822.0,756.0,3.77
660,3.0,0.0,0.1114,9.0,169.0,1845.0,783.0,3.57
661,3.0,0.0,0.1705,8.0,169.0,1851.0,791.0,3.23
662,3.0,0.0,0.1562,16.0,182.0,1853.0,786.0,3.5
663,3.0,0.0,0.1682,17.0,191.0,1856.0,780.0,3.25
664,3.0,0.0,0.1511,19.0,190.0,1853.0,788.0,3.28
665,3.0,0.0,0.1134,15.0,193.0,1853.0,789.0,3.05
666,,,,,,,,3.01
667,,,,,,,,3.07
668,,,,,,,,4.41
669,,,,,,,,4.32
670,,,,,,,,3.89
671,4.0,0.0,0.7659,232.0,140.0,1524.0,847.0,3.88
672,4.0,0.0,0.7978,247.0,123.0,1521.0,929.0,4.32
673,4.0,0.0,0.8084,221.0,101.0,1519.0,984.0,3.89
674,4.0,0.0,0.7938,172.0,105.0,1500.0,1034.0,3.69
675,4.0,0.0,0.8275,179.0,82.0,1468.0,1036.0,3.4
676,4.0,0.0,0.8154,190.0,109.0,1452.0,1033.0,3.77
677,4.0,0.0,0.799,179.0,120.0,1454.0,1029.0,3.84
678,4.0,0.0,0.8051,166.0,127.0,1449.0,1036.0,3.54
679,4.0,0.0,0.7799,120.0,134.0,1444.0,1051.0,3.6
680,4.0,0.0,0.7756,83.0,130.0,1439.0,1054.0,3.75
681,4.0,0.0,0.7845,65.0,145.0,1429.0,1057.0,3.24
682,4.0,0.0,0.8252,127.0,149.0,1431.0,1041.0,3.42
683,4.0,0.0,0.8357,218.0,145.0,1434.0,1029.0,3.16
684,4.0,0.0,0.8453,241.0,146.0,1437.0,1021.0,3.3
685,4.0,0.0,0.837,267.0,142.0,1441.0,1014.0,3.49
686,4.0,0.0,0.8367,294.0,136.0,1433.0,1012.0,3.76
687,4.0,0.0,0.8356,304.0,134.0,1427.0,1011.0,3.8
688,4.0,0.0,0.8346,309.0,134.0,1425.0,1012.0,3.55
689,4.0,0.0,0.8295,308.0,135.0,1422.0,1009.0,3.77
690,4.0,0.0,0.8234,309.0,136.0,1424.0,1009.0,3.66
691,4.0,0.0,0.8278,309.0,135.0,1425.0,1009.0,3.31
692,4.0,0.0,0.8337,314.0,129.0,1430.0,1013.0,3.6
693,4.0,0.0,0.826,308.0,128.0,1427.0,1008.0,3.32
694,4.0,0.0,0.8257,309.0,132.0,1429.0,1007.0,3.45
695,4.0,0.0,0.8217,303.0,132.0,1427.0,1004.0,3.44
696,4.0,0.0,0.8313,312.0,132.0,1429.0,1001.0,2.93
697,4.0,0.0,0.8195,303.0,133.0,1427.0,1006.0,3.04
698,4.0,0.0,0.8317,313.0,133.0,1428.0,1002.0,2.87
699,4.0,0.0,0.8286,311.0,132.0,1428.0,1006.0,3.52
700,4.0,0.0,0.8301,302.0,126.0,1429.0,1004.0,4.29
701,4.0,0.0,0.8181,300.0,124.0,1432.0,1011.0,3.64
702,4.0,0.0,0.8182,293.0,121.0,1429.0,1009.0,4.23
703,4.0,0.0,0.8128,293.0,117.0,1429.0,1007.0,3.97
704,4.0,0.0,0.8017,285.0,94.0,1434.0,998.0,3.96
705,4.0,0.0,0.8115,284.0,97.0,1431.0,999.0,3.58
706,4.0,0.0,0.8029,292.0,82.0,1456.0,988.0,3.92
707,4.0,0.0,0.8105,278.0,78.0,1467.0,1001.0,3.75
708,4.0,0.0,0.8103,267.0,82.0,1470.0,997.0,3.72
709,4.0,0.0,0.8159,278.0,77.0,1475.0,992.0,3.81
710,4.0,0.0,0.8105,281.0,70.0,1474.0,998.0,3.77
711,4.0,0.0,0.8153,269.0,73.0,1476.0,995.0,3.5
712,4.0,0.0,0.8109,266.0,76.0,1476.0,998.0,3.5
713,4.0,0.0,0.8112,284.0,68.0,1473.0,974.0,3.31
714,4.0,0.0,0.8292,284.0,64.0,1468.0,970.0,3.26
715,4.0,0.0,0.8241,256.0,38.0,1464.0,952.0,3.41
716,4.0,0.0,0.822,238.0,30.0,1455.0,958.0,3.76
717,4.0,0.0,0.8203,233.0,27.0,1453.0,970.0,3.3
718,4.0,0.0,0.8184,245.0,31.0,1452.0,969.0,3.58
719,4.0,0.0,0.8287,243.0,13.0,1467.0,978.0,3.7
720,4.0,0.0,0.8424,241.0,7.0,1473.0,976.0,3.79
721,4.0,0.0,0.732,238.0,2.0,1493.0,973.0,3.28
722,4.0,0.0,0.844,230.0,0.0,1532.0,976.0,2.82
723,4.0,0.0,0.8409,226.0,2.0,1544.0,978.0,2.85
724,4.0,0.0,0.8461,236.0,4.0,1548.0,970.0,3.6
725,4.0,0.0,0.86,348.0,153.0,1804.0,1040.0,2.84
726,4.0,0.0,0.8619,372.0,187.0,1885.0,1060.0,4.07
727,4.0,0.0,0.8622,381.0,207.0,1918.0,1063.0,4.13
728,4.0,0.0,0.8634,384.0,212.0,1920.0,1063.0,3.76
729,4.0,0.0,0.8593,383.0,203.0,1920.0,1069.0,3.79
730,4.0,0.0,0.8626,386.0,209.0,1920.0,1065.0,3.9
731,4.0,0.0,0.8617,382.0,210.0,1920.0,1064.0,3.42
732,4.0,0.0,0.8601,380.0,201.0,1920.0,1066.0,3.65
733,4.0,0.0,0.8613,381.0,203.0,1920.0,1065.0,3.41
734,4.0,0.0,0.8621,384.0,210.0,1920.0,1066.0,3.32
735,4.0,0.0,0.8584,383.0,213.0,1920.0,1066.0,3.44
736,4.0,0.0,0.8608,386.0,224.0,1920.0,1061.0,2.82
737,4.0,0.0,0.8647,385.0,227.0,1920.0,1062.0,3.06
738,4.0,0.0,0.8599,384.0,228.0,1920.0,1064.0,3.02
739,4.0,0.0,0.861,381.0,225.0,1920.0,1068.0,4.16
740,4.0,0.0,0.8584,378.0,224.0,1920.0,1070.0,4.15
741,4.0,0.0,0.8518,378.0,223.0,1920.0,1070.0,3.48
742,4.0,0.0,0.8492,381.0,217.0,1920.0,1073.0,3.88
743,4.0,0.0,0.8458,381.0,211.0,1920.0,1075.0,3.72
744,4.0,0.0,0.8466,380.0,218.0,1920.0,1070.0,3.78
745,4.0,0.0,0.8533,377.0,221.0,1920.0,1069.0,3.54
746,4.0,0.0,0.8476,377.0,223.0,1920.0,1071.0,3.76
747,4.0,0.0,0.8624,376.0,224.0,1920.0,1068.0,3.45
748,4.0,0.0,0.8579,376.0,223.0,1920.0,1066.0,3.29
749,4.0,0.0,0.8548,380.0,225.0,1920.0,1068.0,3.38
750,4.0,0.0,0.8446,380.0,216.0,1919.0,1072.0,3.53
751,4.0,0.0,0.8494,381.0,221.0,1920.0,1069.0,3.0
752,4.0,0.0,0.848,380.0,221.0,1920.0,1071.0,3.59
753,4.0,0.0,0.8524,378.0,211.0,1916.0,1074.0,3.23
754,4.0,0.0,0.853,382.0,206.0,1914.0,1073.0,3.29
755,4.0,0.0,0.8428,342.0,159.0,1890.0,1080.0,3.0
756,4.0,0.0,0.8485,375.0,132.0,1885.0,1080.0,2.91
757,4.0,0.0,0.8695,376.0,115.0,1895.0,1080.0,2.9
758,4.0,0.0,0.8541,370.0,100.0,1908.0,1080.0,3.92
759,4.0,0.0,0.8509,358.0,94.0,1920.0,1078.0,3.96
760,4.0,0.0,0.8582,362.0,101.0,1920.0,1074.0,4.12
761,4.0,0.0,0.8647,361.0,100.0,1920.0,1074.0,3.62
762,4.0,0.0,0.8625,360.0,110.0,1919.0,1070.0,4.03
763,4.0,0.0,0.8657,356.0,117.0,1920.0,1069.0,3.69
764,4.0,0.0,0.8653,356.0,115.0,1920.0,1069.0,3.47
765,4.0,0.0,0.8591,351.0,112.0,1920.0,1070.0,3.58
766,4.0,0.0,0.8544,351.0,108.0,1920.0,1075.0,3.62
767,4.0,0.0,0.855,348.0,107.0,1920.0,1076.0,3.61
768,4.0,0.0,0.8546,348.0,107.0,1920.0,1077.0,3.49
769,4.0,0.0,0.8503,355.0,102.0,1920.0,1078.0,3.75
770,4.0,0.0,0.8557,356.0,99.0,1920.0,1078.0,3.62
771,4.0,0.0,0.8556,359.0,92.0,1920.0,1077.0,3.32
772,4.0,0.0,0.8516,359.0,91.0,1920.0,1077.0,3.5
773,4.0,0.0,0.8518,360.0,97.0,1920.0,1078.0,3.19
774,4.0,0.0,0.8571,370.0,99.0,1920.0,1078.0,3.12
775,4.0,0.0,0.8512,362.0,98.0,1920.0,1078.0,3.62
776,4.0,0.0,0.8541,357.0,98.0,1920.0,1078.0,3.72
777,4.0,0.0,0.8564,370.0,104.0,1920.0,1079.0,3.82
778,4.0,0.0,0.8572,364.0,105.0,1920.0,1078.0,3.58
779,4.0,0.0,0.8557,361.0,96.0,1920.0,1078.0,3.74
780,4.0,0.0,0.8554,356.0,94.0,1920.0,1079.0,3.72
781,4.0,0.0,0.8522,357.0,93.0,1920.0,1079.0,3.34
782,4.0,0.0,0.858,360.0,94.0,1920.0,1078.0,3.65
783,4.0,0.0,0.8515,358.0,91.0,1920.0,1079.0,3.37
784,4.0,0.0,0.8603,372.0,100.0,1920.0,1078.0,3.28
785,4.0,0.0,0.8615,368.0,108.0,1920.0,1074.0,3.4
786,4.0,0.0,0.8622,370.0,109.0,1920.0,1075.0,2.95
787,4.0,0.0,0.8552,374.0,99.0,1920.0,1077.0,4.2
788,4.0,0.0,0.8567,366.0,99.0,1920.0,1077.0,3.84
789,4.0,0.0,0.8545,364.0,103.0,1919.0,1078.0,4.16
790,4.0,0.0,0.8595,374.0,101.0,1920.0,1080.0,3.93
791,4.0,0.0,0.863,378.0,99.0,1920.0,1079.0,3.74
792,4.0,0.0,0.8598,380.0,99.0,1920.0,1079.0,4.2
793,4.0,0.0,0.8644,373.0,109.0,1920.0,1074.0,3.72
794,4.0,0.0,0.8612,378.0,106.0,1920.0,1076.0,3.51
795,4.0,0.0,0.8675,368.0,112.0,1919.0,1072.0,3.54
796,4.0,0.0,0.8836,359.0,106.0,1913.0,1070.0,3.83
797,4.0,0.0,0.8646,355.0,116.0,1917.0,1072.0,3.81
798,4.0,0.0,0.8746,363.0,123.0,1918.0,1071.0,3.73
799,4.0,0.0,0.867,368.0,112.0,1919.0,1074.0,3.75
800,4.0,0.0,0.8645,363.0,111.0,1919.0,1075.0,3.62
801,4.0,0.0,0.8736,369.0,117.0,1919.0,1076.0,3.34
802,4.0,0.0,0.8646,364.0,113.0,1919.0,1075.0,3.11
803,4.0,0.0,0.8653,370.0,110.0,1920.0,1078.0,3.34
804,4.0,0.0,0.8618,359.0,109.0,1919.0,1079.0,2.67
805,4.0,0.0,0.8607,352.0,105.0,1919.0,1079.0,3.88
806,4.0,0.0,0.8656,365.0,106.0,1919.0,1077.0,4.16
807,4.0,0.0,0.8611,362.0,104.0,1919.0,1077.0,4.33
808,4.0,0.0,0.8619,357.0,107.0,1919.0,1078.0,4.22
809,4.0,0.0,0.8672,367.0,109.0,1919.0,1076.0,4.07
810,4.0,0.0,0.8706,360.0,116.0,1919.0,1077.0,4.33
811,4.0,0.0,0.8711,358.0,119.0,1919.0,1076.0,4.04
812,4.0,0.0,0.8596,370.0,113.0,1919.0,1079.0,4.05
813,4.0,0.0,0.8383,348.0,106.0,1919.0,1080.0,3.59
814,4.0,0.0,0.826,350.0,104.0,1919.0,1080.0,3.46
815,4.0,0.0,0.8245,356.0,105.0,1919.0,1080.0,3.6
816,4.0,0.0,0.8273,358.0,110.0,1919.0,1080.0,3.53
817,4.0,0.0,0.8274,358.0,112.0,1919.0,1079.0,3.86
818,4.0,0.0,0.8063,351.0,100.0,1919.0,1079.0,3.73
819,4.0,0.0,0.8187,352.0,102.0,1919.0,1079.0,3.75
820,4.0,0.0,0.8197,353.0,96.0,1919.0,1079.0,3.49
821,4.0,0.0,0.8462,360.0,113.0,1918.0,1080.0,3.38
822,4.0,0.0,0.8572,365.0,121.0,1918.0,1080.0,3.68
823,4.0,0.0,0.8559,367.0,124.0,1918.0,1078.0,3.23
824,4.0,0.0,0.8436,367.0,124.0,1918.0,1076.0,3.4
825,4.0,0.0,0.8422,366.0,114.0,1918.0,1078.0,3.45
826,4.0,0.0,0.8453,370.0,117.0,1919.0,1079.0,3.61
827,4.0,0.0,0.8449,372.0,117.0,1919.0,1079.0,3.8
828,4.0,0.0,0.8386,374.0,119.0,1919.0,1079.0,3.79
829,4.0,0.0,0.8294,378.0,117.0,1918.0,1080.0,3.75
830,4.0,0.0,0.8283,379.0,117.0,1918.0,1079.0,3.74
831,4.0,0.0,0.8493,377.0,118.0,1919.0,1079.0,3.45
832,4.0,0.0,0.8387,371.0,114.0,1918.0,1079.0,3.51
833,4.0,0.0,0.8413,377.0,119.0,1919.0,1080.0,2.66
834,4.0,0.0,0.8365,374.0,119.0,1918.0,1079.0,3.61
835,4.0,0.0,0.8429,374.0,118.0,1918.0,1079.0,3.83
836,4.0,0.0,0.8458,370.0,119.0,1919.0,1079.0,3.85
837,4.0,0.0,0.8436,369.0,123.0,1919.0,1079.0,3.6
838,4.0,0.0,0.8463,369.0,125.0,1919.0,1079.0,3.74
839,4.0,0.0,0.8342,370.0,127.0,1919.0,1080.0,3.74
840,4.0,0.0,0.8486,368.0,127.0,1919.0,1079.0,3.5
841,4.0,0.0,0.3528,739.0,166.0,1821.0,998.0,3.09
842,4.0,0.0,0.353,809.0,162.0,1895.0,1017.0,3.41
843,4.0,0.0,0.2959,833.0,171.0,1920.0,1022.0,3.2
844,4.0,0.0,0.2749,842.0,178.0,1920.0,1018.0,3.42
845,4.0,0.0,0.2592,844.0,185.0,1920.0,1013.0,3.6
846,4.0,0.0,0.27,844.0,182.0,1920.0,1008.0,3.53
847,4.0,0.0,0.3013,848.0,179.0,1920.0,1004.0,3.78
848,4.0,0.0,0.3277,847.0,175.0,1920.0,1006.0,3.79
849,4.0,0.0,0.3366,852.0,177.0,1920.0,1010.0,3.7
850,4.0,0.0,0.2711,848.0,185.0,1920.0,1012.0,3.42
851,4.0,0.0,0.3175,851.0,184.0,1920.0,1013.0,3.37
852,4.0,0.0,0.2943,851.0,187.0,1920.0,1014.0,3.51
853,4.0,0.0,0.3766,848.0,175.0,1920.0,1015.0,2.68
854,4.0,0.0,0.3169,844.0,179.0,1920.0,1010.0,3.05
855,4.0,0.0,0.2736,962.0,190.0,1920.0,987.0,3.99
856,4.0,0.0,0.2526,983.0,191.0,1920.0,972.0,3.74
857,4.0,0.0,0.2565,909.0,176.0,1920.0,973.0,3.94
858,4.0,0.0,0.2638,986.0,185.0,1920.0,970.0,4.09
859,4.0,0.0,0.2866,1034.0,189.0,1920.0,974.0,3.91
860,4.0,0.0,0.2823,1053.0,189.0,1920.0,975.0,3.51
861,4.0,0.0,0.277,1069.0,184.0,1920.0,965.0,3.47
862,4.0,0.0,0.2925,1094.0,193.0,1920.0,953.0,3.42
863,4.0,0.0,0.2793,1084.0,187.0,1920.0,955.0,3.24
864,4.0,0.0,0.2612,1091.0,202.0,1920.0,943.0,3.18
865,4.0,0.0,0.266,1070.0,197.0,1920.0,963.0,3.6
866,4.0,0.0,0.2523,1085.0,198.0,1920.0,951.0,3.49
867,4.0,0.0,0.2384,946.0,181.0,1920.0,966.0,3.57
868,4.0,0.0,0.2564,1026.0,181.0,1920.0,957.0,3.39
869,4.0,0.0,0.2705,1072.0,193.0,1920.0,952.0,3.47
870,4.0,0.0,0.261,1032.0,189.0,1920.0,976.0,3.66
871,4.0,0.0,0.2386,1004.0,187.0,1920.0,982.0,3.13
872,4.0,0.0,0.2797,901.0,168.0,1920.0,994.0,3.46
873,4.0,0.0,0.2378,957.0,177.0,1920.0,995.0,2.46
874,4.0,0.0,0.2345,885.0,178.0,1920.0,996.0,4.01
875,4.0,0.0,0.2333,947.0,181.0,1920.0,991.0,4.36
876,4.0,0.0,0.2367,984.0,186.0,1920.0,996.0,4.16
877,4.0,0.0,0.2478,895.0,175.0,1920.0,999.0,4.49
878,4.0,0.0,0.2557,865.0,167.0,1920.0,1000.0,4.39
879,4.0,0.0,0.2529,852.0,170.0,1920.0,1000.0,4.56
880,4.0,0.0,0.2706,846.0,167.0,1920.0,996.0,4.18
881,4.0,0.0,0.2676,841.0,172.0,1920.0,997.0,3.7
882,4.0,0.0,0.2525,844.0,167.0,1920.0,996.0,3.79
883,4.0,0.0,0.2615,845.0,166.0,1920.0,997.0,3.53
884,4.0,0.0,0.2575,843.0,160.0,1920.0,998.0,3.42
885,4.0,0.0,0.1156,779.0,178.0,1919.0,1014.0,3.42
886,4.0,0.0,0.1202,760.0,187.0,1919.0,1020.0,3.85
887,4.0,0.0,0.1238,765.0,195.0,1919.0,1016.0,3.67
888,4.0,0.0,0.1018,793.0,223.0,1919.0,915.0,3.81
889,4.0,0.0,0.2189,964.0,206.0,1919.0,929.0,3.79
890,4.0,0.0,0.2399,1043.0,200.0,1919.0,934.0,3.33
891,4.0,0.0,0.2465,1083.0,201.0,1920.0,936.0,3.49
892,4.0,0.0,0.2079,944.0,187.0,1920.0,958.0,3.74
893,4.0,0.0,0.2445,1046.0,195.0,1920.0,943.0,3.42
894,4.0,0.0,0.2318,1092.0,198.0,1920.0,935.0,3.41
895,4.0,0.0,0.2415,1096.0,195.0,1919.0,938.0,3.49
896,4.0,0.0,0.254,1103.0,193.0,1920.0,939.0,3.82
897,4.0,0.0,0.2551,1099.0,184.0,1920.0,942.0,3.87
898,4.0,0.0,0.2453,1092.0,186.0,1920.0,939.0,3.66
899,4.0,0.0,0.2381,1067.0,181.0,1919.0,961.0,3.83
900,4.0,0.0,0.2433,1069.0,183.0,1919.0,967.0,3.78
901,4.0,0.0,0.2538,1057.0,186.0,1919.0,972.0,3.32
902,4.0,0.0,0.1129,1103.0,186.0,1919.0,932.0,3.73
903,4.0,0.0,0.3234,932.0,190.0,1919.0,960.0,2.58
904,4.0,0.0,0.3313,878.0,195.0,1919.0,972.0,3.22
905,4.0,0.0,0.2808,849.0,200.0,1919.0,972.0,3.94
906,4.0,0.0,0.3,837.0,200.0,1919.0,979.0,4.02
907,4.0,0.0,0.3092,836.0,194.0,1920.0,991.0,3.37
908,4.0,0.0,0.3053,835.0,199.0,1920.0,992.0,3.77
909,4.0,0.0,0.3075,836.0,201.0,1920.0,994.0,4.1
910,4.0,0.0,0.2888,830.0,204.0,1919.0,991.0,3.79
911,4.0,0.0,0.2903,818.0,189.0,1919.0,990.0,3.13
912,4.0,0.0,0.391,818.0,173.0,1919.0,999.0,3.97
913,4.0,0.0,0.301,822.0,186.0,1919.0,1003.0,3.85
914,4.0,0.0,0.3015,811.0,193.0,1919.0,1006.0,3.97
915,4.0,0.0,0.1956,844.0,195.0,1919.0,985.0,4.0
916,4.0,0.0,0.1684,873.0,204.0,1919.0,985.0,4.2
917,4.0,0.0,0.1846,880.0,205.0,1920.0,979.0,4.44
918,4.0,0.0,0.1938,900.0,206.0,1920.0,976.0,4.2
919,4.0,0.0,0.1869,900.0,205.0,1920.0,983.0,3.96
920,4.0,0.0,0.1962,888.0,205.0,1920.0,984.0,4.42
921,4.0,0.0,0.1895,878.0,204.0,1920.0,982.0,4.06
922,,,,,,,,4.0
923,,,,,,,,3.66
924,,,,,,,,3.71
925,,,,,,,,3.52
926,,,,,,,,2.87
927,,,,,,,,3.81
928,,,,,,,,3.73
929,,,,,,,,3.69
930,,,,,,,,3.6
931,,,,,,,,3.39
932,,,,,,,,3.73
933,,,,,,,,3.24
934,,,,,,,,3.77
935,,,,,,,,3.83
936,,,,,,,,3.97
937,,,,,,,,4.21
938,,,,,,,,3.62
939,,,,,,,,2.98
940,,,,,,,,2.97
941,,,,,,,,3.47
942,,,,,,,,4.18
943,,,,,,,,2.81
944,,,,,,,,3.46
945,,,,,,,,3.53
946,,,,,,,,3.4
947,,,,,,,,3.58
948,,,,,,,,3.14
949,,,,,,,,2.77
950,,,,,,,,2.91
951,6.0,0.0,0.7962,19.0,2.0,1919.0,1077.0,2.76
952,6.0,0.0,0.7863,26.0,2.0,1920.0,1077.0,3.82
953,6.0,0.0,0.7978,74.0,1.0,1920.0,1072.0,3.84
954,6.0,0.0,0.8478,156.0,0.0,1920.0,1078.0,3.84
955,6.0,0.0,0.8395,240.0,0.0,1918.0,1080.0,4.0
956,6.0,0.0,0.8527,328.0,1.0,1913.0,1080.0,3.95
957,6.0,0.0,0.8387,371.0,2.0,1898.0,1071.0,4.25
958,6.0,0.0,0.8582,412.0,3.0,1888.0,1067.0,3.78
959,6.0,0.0,0.8693,451.0,0.0,1886.0,1069.0,3.71
960,6.0,0.0,0.8528,457.0,0.0,1880.0,1068.0,3.56
961,6.0,0.0,0.8612,443.0,0.0,1876.0,1055.0,3.41
962,6.0,0.0,0.8766,418.0,0.0,1887.0,1050.0,3.62
963,6.0,0.0,0.8428,404.0,0.0,1895.0,1049.0,3.33
964,6.0,0.0,0.8586,387.0,0.0,1902.0,1054.0,3.51
965,6.0,0.0,0.8199,376.0,0.0,1903.0,1061.0,3.64
966,6.0,0.0,0.9025,350.0,0.0,1913.0,1065.0,3.46
967,6.0,0.0,0.8923,346.0,0.0,1911.0,1062.0,3.72
968,6.0,0.0,0.876,348.0,0.0,1911.0,1061.0,3.8
969,6.0,0.0,0.8406,360.0,0.0,1910.0,1070.0,3.68
970,6.0,0.0,0.8587,376.0,0.0,1912.0,1080.0,3.69
971,6.0,0.0,0.8558,382.0,0.0,1913.0,1076.0,3.24
972,6.0,0.0,0.8682,387.0,0.0,1912.0,1070.0,3.02
973,6.0,0.0,0.8564,396.0,0.0,1914.0,1057.0,2.57
974,6.0,0.0,0.8649,400.0,2.0,1906.0,1053.0,3.51
975,6.0,0.0,0.85,407.0,6.0,1897.0,1057.0,3.89
976,6.0,0.0,0.8376,410.0,10.0,1895.0,1062.0,3.71
977,6.0,0.0,0.8392,414.0,10.0,1897.0,1066.0,3.77
978,6.0,0.0,0.8401,420.0,8.0,1899.0,1062.0,3.96
979,6.0,0.0,0.8476,421.0,6.0,1902.0,1064.0,3.77
980,6.0,0.0,0.8464,423.0,4.0,1905.0,1068.0,2.99
981,6.0,0.0,0.8425,422.0,2.0,1907.0,1067.0,3.66
982,6.0,0.0,0.8404,430.0,1.0,1907.0,1062.0,4.01
983,6.0,0.0,0.8306,431.0,0.0,1907.0,1061.0,3.73
984,6.0,0.0,0.8319,434.0,0.0,1909.0,1070.0,3.79
985,6.0,0.0,0.8281,446.0,0.0,1909.0,1074.0,3.76
986,6.0,0.0,0.8226,461.0,0.0,1916.0,1079.0,3.86
987,6.0,0.0,0.8266,467.0,0.0,1917.0,1080.0,3.83
988,6.0,0.0,0.8341,471.0,0.0,1917.0,1080.0,3.91
989,6.0,0.0,0.8152,474.0,0.0,1917.0,1079.0,3.87
990,6.0,0.0,0.8237,475.0,0.0,1917.0,1079.0,3.58
991,6.0,0.0,0.8276,474.0,0.0,1918.0,1079.0,3.46
992,6.0,0.0,0.833,474.0,0.0,1918.0,1079.0,3.62
993,6.0,0.0,0.829,474.0,0.0,1918.0,1079.0,3.22
994,6.0,0.0,0.8101,475.0,0.0,1918.0,1079.0,2.79
995,6.0,0.0,0.8214,479.0,0.0,1917.0,1079.0,3.57
996,6.0,0.0,0.8314,480.0,0.0,1917.0,1079.0,3.26
997,6.0,0.0,0.8345,481.0,1.0,1917.0,1079.0,3.66
998,6.0,0.0,0.8342,482.0,1.0,1917.0,1079.0,3.9
999,6.0,0.0,0.8275,482.0,1.0,1917.0,1079.0,3.83
1000,6.0,0.0,0.821,482.0,0.0,1917.0,1079.0,3.77
1001,6.0,0.0,0.8162,482.0,0.0,1917.0,1079.0,3.34
1002,6.0,0.0,0.8289,484.0,0.0,1918.0,1079.0,3.58
1003,6.0,0.0,0.8348,484.0,0.0,1918.0,1079.0,3.14
1004,6.0,0.0,0.8301,483.0,0.0,1918.0,1079.0,3.28
1005,6.0,0.0,0.8288,485.0,0.0,1918.0,1079.0,3.47
1006,6.0,0.0,0.8317,485.0,0.0,1918.0,1079.0,3.16
1007,6.0,0.0,0.837,485.0,0.0,1918.0,1078.0,2.97
1008,6.0,0.0,0.8369,484.0,0.0,1918.0,1079.0,2.98
1009,6.0,0.0,0.8388,484.0,0.0,1918.0,1077.0,3.84
1010,6.0,0.0,0.8449,483.0,0.0,1918.0,1077.0,3.87
1011,6.0,0.0,0.8475,484.0,0.0,1918.0,1077.0,3.3
1012,6.0,0.0,0.8477,485.0,0.0,1917.0,1075.0,3.83
1013,6.0,0.0,0.8448,488.0,0.0,1917.0,1075.0,3.82
1014,6.0,0.0,0.8427,490.0,0.0,1918.0,1071.0,3.93
1015,6.0,0.0,0.8404,490.0,0.0,1918.0,1067.0,3.6
1016,6.0,0.0,0.842,484.0,0.0,1917.0,1070.0,3.77
1017,6.0,0.0,0.838,484.0,0.0,1917.0,1072.0,3.9
1018,6.0,0.0,0.8424,486.0,0.0,1917.0,1073.0,3.6
1019,6.0,0.0,0.8387,487.0,0.0,1917.0,1074.0,3.85
1020,6.0,0.0,0.8332,487.0,0.0,1917.0,1072.0,3.53
1021,6.0,0.0,0.8246,483.0,0.0,1917.0,1071.0,3.44
1022,6.0,0.0,0.8275,481.0,0.0,1917.0,1071.0,3.61
1023,6.0,0.0,0.8221,480.0,0.0,1917.0,1072.0,3.29
1024,6.0,0.0,0.8308,483.0,0.0,1917.0,1071.0,3.31
1025,6.0,0.0,0.8394,483.0,0.0,1917.0,1069.0,3.48
1026,6.0,0.0,0.8399,482.0,0.0,1917.0,1069.0,3.75
1027,6.0,0.0,0.832,482.0,0.0,1918.0,1068.0,3.75
1028,6.0,0.0,0.8338,481.0,0.0,1918.0,1068.0,3.59
1029,6.0,0.0,0.8337,481.0,0.0,1918.0,1068.0,3.63
1030,6.0,0.0,0.8371,480.0,0.0,1918.0,1070.0,3.53
1031,6.0,0.0,0.8317,479.0,0.0,1917.0,1069.0,3.36
1032,6.0,0.0,0.4228,224.0,138.0,1916.0,1060.0,3.37
1033,6.0,0.0,0.4177,126.0,134.0,1916.0,1075.0,3.19
1034,6.0,0.0,0.4233,86.0,133.0,1916.0,1080.0,3.24
1035,6.0,0.0,0.4293,78.0,131.0,1916.0,1080.0,3.68
1036,6.0,0.0,0.4264,75.0,132.0,1916.0,1080.0,3.68
1037,6.0,0.0,0.4208,78.0,132.0,1916.0,1080.0,2.9
1038,6.0,0.0,0.4102,80.0,129.0,1917.0,1080.0,3.85
1039,6.0,0.0,0.4235,84.0,130.0,1917.0,1080.0,3.99
1040,6.0,0.0,0.4094,84.0,129.0,1916.0,1080.0,3.91
1041,6.0,0.0,0.4185,84.0,129.0,1916.0,1080.0,3.57
1042,6.0,0.0,0.4098,85.0,129.0,1916.0,1080.0,3.88
1043,6.0,0.0,0.4083,88.0,127.0,1916.0,1080.0,3.65
1044,6.0,0.0,0.3978,89.0,127.0,1916.0,1080.0,3.58
1045,6.0,0.0,0.388,85.0,128.0,1916.0,1080.0,3.52
1046,6.0,0.0,0.4459,80.0,132.0,1916.0,1080.0,3.52
1047,6.0,0.0,0.3575,100.0,130.0,1916.0,1080.0,3.56
1048,6.0,0.0,0.3706,106.0,125.0,1916.0,1080.0,3.77
1049,6.0,0.0,0.3833,108.0,119.0,1916.0,1080.0,3.67
1050,6.0,0.0,0.399,105.0,119.0,1916.0,1080.0,3.48
1051,6.0,0.0,0.5576,29.0,247.0,1535.0,1069.0,3.29
1052,6.0,0.0,0.4795,10.0,287.0,1378.0,1078.0,3.68
1053,6.0,0.0,0.4894,5.0,315.0,1336.0,1080.0,2.68
1054,6.0,0.0,0.5829,2.0,325.0,1327.0,1080.0,3.65
1055,6.0,0.0,0.5712,3.0,326.0,1321.0,1080.0,3.87
1056,6.0,0.0,0.5654,3.0,325.0,1321.0,1080.0,4.14
1057,6.0,0.0,0.5576,2.0,324.0,1322.0,1080.0,3.83
1058,6.0,0.0,0.5613,3.0,325.0,1324.0,1080.0,4.03
1059,6.0,0.0,0.5724,2.0,324.0,1326.0,1080.0,4.09
1060,6.0,0.0,0.5576,2.0,323.0,1328.0,1080.0,3.8
1061,6.0,0.0,0.5654,3.0,323.0,1330.0,1080.0,3.43
1062,6.0,0.0,0.5753,2.0,321.0,1336.0,1080.0,3.55
1063,6.0,0.0,0.4376,2.0,309.0,1332.0,1079.0,2.98
1064,6.0,0.0,0.4216,4.0,296.0,1325.0,1080.0,3.2
1065,6.0,0.0,0.428,5.0,295.0,1325.0,1080.0,3.55
1066,6.0,0.0,0.3989,5.0,293.0,1327.0,1080.0,3.83
1067,6.0,0.0,0.4492,6.0,295.0,1327.0,1080.0,3.59
1068,6.0,0.0,0.4712,8.0,299.0,1327.0,1080.0,3.91
1069,6.0,0.0,0.5037,9.0,301.0,1328.0,1080.0,3.75
1070,6.0,0.0,0.5097,42.0,198.0,1716.0,1080.0,3.8
1071,6.0,0.0,0.511,54.0,158.0,1852.0,1080.0,3.34
1072,6.0,0.0,0.5087,58.0,140.0,1910.0,1080.0,3.75
1073,6.0,0.0,0.4912,63.0,138.0,1920.0,1080.0,3.35
1074,6.0,0.0,0.4865,67.0,138.0,1920.0,1080.0,3.37
1075,6.0,0.0,0.5082,30.0,245.0,1564.0,1080.0,3.51
1076,6.0,0.0,0.4823,14.0,288.0,1404.0,1080.0,3.85
1077,6.0,0.0,0.4751,10.0,304.0,1352.0,1080.0,3.8
1078,6.0,0.0,0.4562,7.0,307.0,1334.0,1080.0,3.03
1079,6.0,0.0,0.4377,6.0,308.0,1327.0,1079.0,3.05
1080,6.0,0.0,0.4081,6.0,305.0,1326.0,1079.0,2.76
1081,6.0,0.0,0.4601,6.0,307.0,1326.0,1080.0,3.99
1082,6.0,0.0,0.4631,6.0,308.0,1327.0,1079.0,4.19
1083,6.0,0.0,0.5038,41.0,195.0,1718.0,1080.0,3.94
1084,6.0,0.0,0.495,54.0,153.0,1854.0,1080.0,3.8
1085,6.0,0.0,0.4886,62.0,137.0,1911.0,1080.0,3.97
1086,6.0,0.0,0.4996,64.0,131.0,1920.0,1079.0,4.07
1087,6.0,0.0,0.5144,64.0,130.0,1920.0,1079.0,4.27
1088,6.0,0.0,0.5146,65.0,129.0,1920.0,1079.0,3.71
1089,6.0,0.0,0.502,71.0,124.0,1920.0,1080.0,3.98
1090,6.0,0.0,0.3688,89.0,115.0,1920.0,1080.0,3.83
1091,6.0,0.0,0.5558,43.0,254.0,1544.0,1080.0,3.4
1092,6.0,0.0,0.4945,82.0,190.0,1794.0,1080.0,3.72
1093,6.0,0.0,0.5459,44.0,324.0,1511.0,1080.0,3.37
1094,6.0,0.0,0.58,17.0,379.0,1387.0,1079.0,3.36
1095,6.0,0.0,0.5921,6.0,400.0,1343.0,1073.0,3.54
1096,6.0,0.0,0.7037,0.0,146.0,1727.0,1080.0,3.51
1097,6.0,0.0,0.7032,0.0,47.0,1851.0,990.0,3.85
1098,6.0,0.0,0.6908,0.0,11.0,1907.0,955.0,3.54
1099,6.0,0.0,0.6875,0.0,0.0,1920.0,946.0,3.64
1100,6.0,0.0,0.691,0.0,0.0,1920.0,944.0,3.65
1101,6.0,0.0,0.6939,0.0,0.0,1920.0,945.0,3.33
1102,6.0,0.0,0.6939,0.0,0.0,1920.0,945.0,3.74
1103,6.0,0.0,0.7002,0.0,0.0,1920.0,946.0,3.4
1104,6.0,0.0,0.703,0.0,0.0,1920.0,948.0,3.52
1105,6.0,0.0,0.7004,0.0,0.0,1920.0,951.0,3.26
1106,6.0,0.0,0.6954,0.0,0.0,1920.0,952.0,3.34
1107,6.0,0.0,0.6971,0.0,0.0,1920.0,953.0,3.02
1108,6.0,0.0,0.694,0.0,0.0,1920.0,955.0,3.47
1109,6.0,0.0,0.6965,0.0,0.0,1920.0,956.0,4.19
1110,6.0,0.0,0.6999,0.0,0.0,1920.0,957.0,3.99
1111,6.0,0.0,0.7055,0.0,0.0,1920.0,958.0,3.8
1112,6.0,0.0,0.7069,0.0,0.0,1920.0,960.0,3.84
1113,6.0,0.0,0.7057,0.0,0.0,1920.0,962.0,3.8
1114,6.0,0.0,0.7072,0.0,0.0,1920.0,962.0,3.53
1115,6.0,0.0,0.7138,0.0,0.0,1920.0,963.0,3.54
1116,6.0,0.0,0.7145,0.0,0.0,1920.0,964.0,3.09
1117,6.0,0.0,0.7043,0.0,2.0,1920.0,965.0,3.84
1118,6.0,0.0,0.6932,0.0,4.0,1920.0,965.0,3.75
1119,6.0,0.0,0.6905,0.0,4.0,1920.0,967.0,3.61
1120,6.0,0.0,0.6856,0.0,3.0,1920.0,969.0,3.68
1121,6.0,0.0,0.6827,0.0,0.0,1920.0,967.0,3.31
1122,6.0,0.0,0.6756,0.0,0.0,1920.0,966.0,3.49
1123,6.0,0.0,0.6808,0.0,0.0,1920.0,966.0,3.42
1124,6.0,0.0,0.682,0.0,0.0,1920.0,967.0,3.47
1125,6.0,0.0,0.6925,0.0,0.0,1920.0,972.0,2.87
1126,6.0,0.0,0.7011,0.0,1.0,1919.0,977.0,4.04
1127,6.0,0.0,0.7048,0.0,1.0,1919.0,980.0,4.03
1128,6.0,0.0,0.7054,0.0,1.0,1919.0,980.0,4.03
1129,6.0,0.0,0.7077,0.0,2.0,1919.0,980.0,3.74
1130,6.0,0.0,0.7064,0.0,4.0,1919.0,981.0,4.02
1131,6.0,0.0,0.6954,0.0,5.0,1919.0,979.0,3.73
1132,6.0,0.0,0.6916,0.0,6.0,1919.0,978.0,3.54
1133,6.0,0.0,0.6876,0.0,7.0,1918.0,973.0,3.12
1134,6.0,0.0,0.6929,0.0,6.0,1918.0,973.0,3.13
1135,6.0,0.0,0.6849,0.0,4.0,1918.0,969.0,3.4
1136,6.0,0.0,0.6913,0.0,4.0,1918.0,968.0,3.77
1137,6.0,0.0,0.6822,0.0,6.0,1918.0,971.0,3.76
1138,6.0,0.0,0.6914,0.0,5.0,1918.0,972.0,3.88
1139,6.0,0.0,0.6918,0.0,5.0,1918.0,973.0,3.62
1140,6.0,0.0,0.697,0.0,4.0,1918.0,974.0,3.74
1141,6.0,0.0,0.6874,0.0,5.0,1918.0,970.0,3.45
1142,6.0,0.0,0.6907,0.0,5.0,1918.0,968.0,3.5
1143,6.0,0.0,0.6833,0.0,3.0,1918.0,966.0,3.25
1144,6.0,0.0,0.6848,0.0,3.0,1918.0,965.0,3.17
1145,6.0,0.0,0.6865,0.0,2.0,1918.0,964.0,3.08
1146,6.0,0.0,0.6904,0.0,1.0,1918.0,963.0,3.05
1147,6.0,0.0,0.6962,0.0,0.0,1918.0,964.0,3.02
1148,6.0,0.0,0.6998,0.0,0.0,1918.0,966.0,4.23
1149,6.0,0.0,0.7022,0.0,0.0,1919.0,966.0,4.01
1150,6.0,0.0,0.6908,0.0,0.0,1918.0,965.0,4.14
1151,6.0,0.0,0.6835,0.0,0.0,1918.0,964.0,3.66
1152,6.0,0.0,0.6772,0.0,1.0,1918.0,964.0,4.26
1153,6.0,0.0,0.6828,0.0,0.0,1918.0,967.0,3.85
1154,6.0,0.0,0.6848,0.0,0.0,1918.0,969.0,3.7
1155,6.0,0.0,0.6888,0.0,0.0,1918.0,968.0,3.61
1156,6.0,0.0,0.6893,0.0,0.0,1918.0,970.0,3.82
1157,6.0,0.0,0.6981,0.0,0.0,1918.0,970.0,3.85
1158,6.0,0.0,0.7134,0.0,0.0,1919.0,971.0,3.87
1159,6.0,0.0,0.7121,0.0,0.0,1919.0,970.0,3.86
1160,6.0,0.0,0.7008,0.0,0.0,1918.0,968.0,3.53
1161,6.0,0.0,0.695,0.0,0.0,1918.0,968.0,3.53
1162,6.0,0.0,0.6908,0.0,1.0,1918.0,967.0,3.7
1163,6.0,0.0,0.6878,0.0,3.0,1918.0,965.0,3.21
1164,6.0,0.0,0.6852,0.0,5.0,1918.0,964.0,3.36
1165,6.0,0.0,0.6868,0.0,5.0,1918.0,963.0,3.54
1166,6.0,0.0,0.6843,0.0,5.0,1918.0,962.0,3.75
1167,6.0,0.0,0.6932,0.0,3.0,1918.0,962.0,3.84
1168,6.0,0.0,0.6953,0.0,2.0,1918.0,964.0,3.77
1169,6.0,0.0,0.6921,0.0,2.0,1918.0,964.0,3.54
1170,6.0,0.0,0.6912,0.0,2.0,1918.0,965.0,3.59
1171,6.0,0.0,0.6912,0.0,2.0,1918.0,966.0,3.35
1172,6.0,0.0,0.6939,0.0,2.0,1918.0,968.0,3.64
1173,6.0,0.0,0.6937,0.0,1.0,1918.0,973.0,3.36
1174,6.0,0.0,0.694,0.0,0.0,1918.0,974.0,3.25
1175,6.0,0.0,0.6969,0.0,0.0,1918.0,974.0,2.93
1176,6.0,0.0,0.6985,0.0,0.0,1918.0,973.0,4.04
1177,6.0,0.0,0.6957,0.0,0.0,1918.0,971.0,3.8
1178,6.0,0.0,0.7,0.0,0.0,1918.0,972.0,4.07
1179,6.0,0.0,0.7031,0.0,0.0,1918.0,972.0,4.2
1180,6.0,0.0,0.6972,0.0,0.0,1918.0,970.0,3.85
1181,6.0,0.0,0.6965,0.0,0.0,1918.0,969.0,3.86
1182,6.0,0.0,0.6941,0.0,0.0,1918.0,969.0,3.86
1183,6.0,0.0,0.6957,0.0,0.0,1918.0,970.0,3.48
1184,6.0,0.0,0.6952,0.0,0.0,1918.0,969.0,3.24
1185,6.0,0.0,0.6948,0.0,0.0,1918.0,968.0,3.58
1186,6.0,0.0,0.6963,0.0,1.0,1918.0,969.0,3.68
1187,6.0,0.0,0.6975,0.0,0.0,1918.0,969.0,3.67
1188,6.0,0.0,0.7022,0.0,0.0,1918.0,970.0,3.77
1189,6.0,0.0,0.7028,0.0,0.0,1918.0,969.0,3.75
1190,6.0,0.0,0.7035,0.0,0.0,1918.0,969.0,3.77
1191,6.0,0.0,0.7026,0.0,0.0,1918.0,968.0,3.23
1192,6.0,0.0,0.6993,0.0,0.0,1918.0,968.0,3.71
1193,6.0,0.0,0.6988,0.0,0.0,1918.0,968.0,3.29
1194,6.0,0.0,0.6911,0.0,0.0,1918.0,966.0,3.18
1195,6.0,0.0,0.6895,0.0,0.0,1918.0,967.0,2.86
1196,6.0,0.0,0.6913,0.0,0.0,1918.0,967.0,4.27
1197,6.0,0.0,0.6929,0.0,1.0,1918.0,970.0,4.52
1198,6.0,0.0,0.6889,0.0,1.0,1918.0,971.0,4.03
1199,6.0,0.0,0.6863,0.0,1.0,1918.0,971.0,4.42
1200,6.0,0.0,0.6846,0.0,1.0,1918.0,971.0,4.34
1201,6.0,0.0,0.6856,0.0,0.0,1918.0,973.0,4.08
1202,6.0,0.0,0.6869,0.0,0.0,1918.0,973.0,4.11
1203,6.0,0.0,0.6885,0.0,0.0,1918.0,973.0,3.76
1204,6.0,0.0,0.6897,0.0,0.0,1918.0,974.0,3.66
1205,6.0,0.0,0.6912,0.0,0.0,1918.0,975.0,3.06
1206,6.0,0.0,0.6899,0.0,0.0,1919.0,975.0,3.8
1207,6.0,0.0,0.6885,0.0,0.0,1918.0,975.0,3.88
1208,6.0,0.0,0.6879,0.0,0.0,1918.0,975.0,3.88
1209,6.0,0.0,0.6867,0.0,0.0,1918.0,975.0,3.57
1210,6.0,0.0,0.6862,0.0,0.0,1918.0,974.0,3.81
1211,6.0,0.0,0.6851,0.0,0.0,1918.0,974.0,3.45
1212,6.0,0.0,0.6859,0.0,0.0,1918.0,974.0,3.64
1213,6.0,0.0,0.6858,0.0,0.0,1918.0,974.0,3.31
1214,6.0,0.0,0.6862,0.0,0.0,1918.0,974.0,3.35
1215,6.0,0.0,0.5109,0.0,0.0,1486.0,1050.0,3.2
1216,6.0,0.0,0.5027,0.0,0.0,1398.0,1054.0,3.72
1217,6.0,0.0,0.5167,0.0,0.0,1374.0,1057.0,3.8
1218,6.0,0.0,0.5189,2.0,1.0,1359.0,1058.0,3.82
1219,6.0,0.0,0.4758,0.0,3.0,1358.0,1059.0,3.51
1220,6.0,0.0,0.3935,3.0,0.0,1354.0,1055.0,3.76
1221,6.0,0.0,0.4798,4.0,0.0,1359.0,1058.0,3.37
1222,6.0,0.0,0.5086,5.0,0.0,1352.0,1062.0,3.28
1223,6.0,0.0,0.4941,4.0,0.0,1350.0,1060.0,3.2
1224,6.0,0.0,0.5323,3.0,0.0,1355.0,1059.0,3.06
1225,6.0,0.0,0.4505,2.0,0.0,1341.0,1052.0,2.66
1226,6.0,0.0,0.432,1.0,0.0,1345.0,1049.0,3.98
1227,6.0,0.0,0.4834,2.0,0.0,1347.0,1050.0,4.01
1228,6.0,0.0,0.5347,2.0,0.0,1350.0,1051.0,4.02
1229,6.0,0.0,0.5241,2.0,0.0,1350.0,1050.0,3.76
1230,6.0,0.0,0.529,1.0,0.0,1354.0,1051.0,4.09
1231,6.0,0.0,0.5351,1.0,0.0,1356.0,1054.0,3.7
1232,6.0,0.0,0.5058,1.0,0.0,1357.0,1053.0,3.64
1233,6.0,0.0,0.4957,1.0,0.0,1357.0,1053.0,3.42
1234,6.0,0.0,0.4996,1.0,0.0,1354.0,1052.0,3.36
1235,6.0,0.0,0.5081,1.0,0.0,1355.0,1051.0,3.48
1236,6.0,0.0,0.5137,0.0,0.0,1353.0,1051.0,3.6
1237,6.0,0.0,0.5094,0.0,0.0,1353.0,1050.0,3.88
1238,6.0,0.0,0.5064,0.0,0.0,1352.0,1050.0,3.83
1239,6.0,0.0,0.5096,0.0,0.0,1351.0,1049.0,3.55
1240,6.0,0.0,0.5145,0.0,0.0,1351.0,1049.0,3.5
1241,6.0,0.0,0.4805,0.0,0.0,1349.0,1047.0,2.63
1242,6.0,0.0,0.4905,0.0,0.0,1351.0,1047.0,2.61
1243,6.0,0.0,0.4947,0.0,0.0,1352.0,1048.0,3.71
1244,6.0,0.0,0.4864,0.0,0.0,1352.0,1048.0,3.7
1245,6.0,0.0,0.5222,0.0,0.0,1351.0,1050.0,3.98
1246,6.0,0.0,0.5311,0.0,0.0,1352.0,1051.0,3.82
1247,6.0,0.0,0.4971,0.0,0.0,1352.0,1052.0,3.97
1248,6.0,0.0,0.492,0.0,0.0,1352.0,1052.0,3.86
1249,6.0,0.0,0.5535,0.0,0.0,1355.0,1049.0,3.37
1250,6.0,0.0,0.5091,0.0,0.0,1353.0,1050.0,3.52
1251,6.0,0.0,0.4957,0.0,0.0,1354.0,1050.0,2.69
1252,6.0,0.0,0.5279,0.0,0.0,1354.0,1050.0,2.63
1253,6.0,0.0,0.5301,0.0,0.0,1353.0,1051.0,2.94
1254,6.0,0.0,0.5534,0.0,0.0,1356.0,1052.0,3.7
1255,6.0,0.0,0.5248,0.0,0.0,1357.0,1056.0,4.03
1256,6.0,0.0,0.5213,0.0,0.0,1359.0,1056.0,3.42
1257,6.0,0.0,0.4907,0.0,0.0,1357.0,1057.0,3.95
1258,,,,,,,,4.39
1259,,,,,,,,4.22
1260,,,,,,,,4.03
1261,,,,,,,,3.63
1262,,,,,,,,3.98
1263,,,,,,,,3.46
1264,,,,,,,,3.72
1265,,,,,,,,3.78
1266,,,,,,,,4.08
1267,,,,,,,,4.19
1268,,,,,,,,4.08
1269,,,,,,,,4.02
1270,,,,,,,,3.76
1271,,,,,,,,3.84
1272,,,,,,,,4.09
1273,,,,,,,,3.61
1274,,,,,,,,3.68
1275,,,,,,,,3.4
1276,,,,,,,,4.17
1277,,,,,,,,3.96
1278,,,,,,,,4.24
1279,,,,,,,,4.12
1280,,,,,,,,3.96
1281,,,,,,,,3.48
1282,,,,,,,,3.74
1283,,,,,,,,3.02
1284,,,,,,,,3.63
1285,,,,,,,,3.66
1286,,,,,,,,3.96
1287,,,,,,,,4.02
1288,,,,,,,,3.8
1289,,,,,,,,4.02
1290,,,,,,,,3.95
1291,,,,,,,,3.75
1292,,,,,,,,3.98
1293,,,,,,,,2.49
1294,,,,,,,,4.38
1295,,,,,,,,4.42
1296,,,,,,,,4.75
1297,,,,,,,,4.73
1298,,,,,,,,4.76
1299,,,,,,,,4.22
1300,,,,,,,,4.71
1301,,,,,,,,3.93
1302,,,,,,,,4.39
1303,,,,,,,,3.84
1304,,,,,,,,3.8
1305,,,,,,,,3.85
1306,,,,,,,,4.15
1307,,,,,,,,3.88
1308,,,,,,,,4.26
1309,,,,,,,,4.0
1310,,,,,,,,3.93
1311,,,,,,,,3.67
1312,,,,,,,,3.83
1313,,,,,,,,3.57
1314,,,,,,,,3.61
1315,,,,,,,,3.78
1316,,,,,,,,4.3
1317,,,,,,,,4.01
1318,,,,,,,,3.89
1319,,,,,,,,4.21
1320,,,,,,,,4.18
1321,,,,,,,,3.83
1322,,,,,,,,3.99
1323,,,,,,,,3.5
1324,,,,,,,,3.72
1325,,,,,,,,3.24
1326,,,,,,,,3.82
1327,,,,,,,,3.85
1328,,,,,,,,4.05
1329,,,,,,,,3.78
1330,,,,,,,,3.83
1331,,,,,,,,3.2
1332,,,,,,,,3.98
1333,,,,,,,,3.94
1334,,,,,,,,4.47
1335,,,,,,,,4.42
1336,,,,,,,,4.59
1337,,,,,,,,4.16
1338,,,,,,,,4.27
1339,,,,,,,,4.55
1340,,,,,,,,4.28
1341,,,,,,,,4.51
1342,,,,,,,,4.77
1343,,,,,,,,4.31
1344,,,,,,,,3.57
1345,,,,,,,,3.97
1346,,,,,,,,3.91
1347,,,,,,,,4.43
1348,,,,,,,,4.15
1349,,,,,,,,4.27
1350,,,,,,,,3.9
1351,,,,,,,,3.37
1352,,,,,,,,4.35
1353,,,,,,,,4.3
1354,,,,,,,,3.85
1355,,,,,,,,4.38
1356,,,,,,,,4.86
1357,,,,,,,,4.36
1358,,,,,,,,4.56
1359,,,,,,,,4.33
1360,,,,,,,,4.21
1361,,,,,,,,3.69
1362,,,,,,,,4.35
1363,,,,,,,,3.62
1364,,,,,,,,3.94
1365,,,,,,,,3.83
1366,,,,,,,,3.98
1367,,,,,,,,3.63
1368,,,,,,,,3.79
1369,,,,,,,,3.95
1370,,,,,,,,2.86
1371,,,,,,,,3.47
1372,,,,,,,,3.61
1373,,,,,,,,3.36
1374,,,,,,,,3.48
1375,,,,,,,,3.81
1376,,,,,,,,3.73
1377,,,,,,,,3.54
1378,,,,,,,,3.66
1379,,,,,,,,3.86
1380,,,,,,,,2.7
1381,,,,,,,,2.73
1382,,,,,,,,3.87
1383,,,,,,,,3.51
1384,,,,,,,,3.56
1385,,,,,,,,3.89
1386,,,,,,,,4.0
1387,,,,,,,,3.34
1388,,,,,,,,3.7
1389,,,,,,,,3.72
1390,,,,,,,,3.4
1391,,,,,,,,3.32
1392,7.0,0.0,0.698,225.0,69.0,1916.0,917.0,3.67
1393,7.0,0.0,0.7681,213.0,44.0,1917.0,946.0,3.04
1394,7.0,0.0,0.788,203.0,37.0,1918.0,960.0,3.39
1395,7.0,0.0,0.7715,186.0,39.0,1918.0,994.0,3.63
1396,7.0,0.0,0.8135,177.0,29.0,1917.0,992.0,3.67
1397,7.0,0.0,0.733,173.0,34.0,1915.0,970.0,3.72
1398,7.0,0.0,0.7289,179.0,78.0,1913.0,928.0,3.68
1399,7.0,0.0,0.7048,179.0,65.0,1915.0,958.0,3.72
1400,7.0,0.0,0.5953,163.0,80.0,1913.0,977.0,3.57
1401,7.0,0.0,0.6081,129.0,82.0,1913.0,976.0,3.39
1402,7.0,0.0,0.6191,105.0,76.0,1908.0,982.0,3.56
1403,7.0,0.0,0.6962,93.0,74.0,1908.0,955.0,2.89
1404,7.0,0.0,0.6641,82.0,48.0,1912.0,973.0,2.52
1405,7.0,0.0,0.7889,56.0,47.0,1909.0,993.0,3.17
1406,7.0,0.0,0.8035,46.0,39.0,1915.0,1003.0,3.73
1407,7.0,0.0,0.7888,14.0,35.0,1916.0,1010.0,3.85
1408,7.0,0.0,0.8268,3.0,13.0,1916.0,1035.0,3.98
1409,7.0,0.0,0.8513,0.0,9.0,1920.0,1065.0,3.85
1410,7.0,0.0,0.8299,0.0,2.0,1920.0,1059.0,3.99
1411,7.0,0.0,0.8368,0.0,1.0,1920.0,1072.0,3.71
1412,7.0,0.0,0.8536,0.0,0.0,1920.0,1078.0,3.74
1413,7.0,0.0,0.8125,1.0,0.0,1920.0,1080.0,3.15
1414,7.0,0.0,0.8114,4.0,0.0,1920.0,1080.0,3.34
1415,7.0,0.0,0.8256,5.0,0.0,1920.0,1080.0,3.51
1416,7.0,0.0,0.831,3.0,0.0,1920.0,1080.0,3.69
1417,7.0,0.0,0.8289,3.0,1.0,1920.0,1080.0,3.66
1418,7.0,0.0,0.829,1.0,0.0,1920.0,1080.0,3.64
1419,7.0,0.0,0.8376,0.0,0.0,1920.0,1080.0,3.8
1420,7.0,0.0,0.8413,0.0,0.0,1917.0,1080.0,3.48
1421,7.0,0.0,0.8596,0.0,3.0,1917.0,1080.0,3.19
1422,7.0,0.0,0.8419,0.0,8.0,1917.0,1080.0,3.56
1423,7.0,0.0,0.8268,1.0,6.0,1909.0,1074.0,2.54
1424,7.0,0.0,0.8271,3.0,5.0,1906.0,1070.0,3.96
1425,7.0,0.0,0.8153,3.0,5.0,1904.0,1064.0,4.23
1426,7.0,0.0,0.8038,0.0,4.0,1911.0,1070.0,4.37
1427,7.0,0.0,0.8033,0.0,2.0,1910.0,1075.0,4.43
1428,7.0,0.0,0.8064,0.0,0.0,1911.0,1080.0,4.45
1429,7.0,0.0,0.8208,3.0,0.0,1913.0,1080.0,4.54
1430,7.0,0.0,0.8088,5.0,0.0,1913.0,1080.0,4.42
1431,7.0,0.0,0.8216,4.0,0.0,1913.0,1080.0,3.64
1432,7.0,0.0,0.8211,4.0,0.0,1913.0,1080.0,3.87
1433,7.0,0.0,0.8024,2.0,0.0,1904.0,1080.0,3.6
1434,7.0,0.0,0.8171,2.0,3.0,1903.0,1080.0,3.43
1435,7.0,0.0,0.8082,1.0,7.0,1896.0,1080.0,3.49
1436,7.0,0.0,0.7743,1.0,9.0,1888.0,1079.0,3.65
1437,7.0,0.0,0.7602,1.0,10.0,1883.0,1079.0,3.6
1438,7.0,0.0,0.8029,1.0,18.0,1887.0,1078.0,3.72
1439,7.0,0.0,0.7754,0.0,20.0,1901.0,1077.0,3.52
1440,7.0,0.0,0.7588,1.0,15.0,1885.0,1073.0,3.88
1441,7.0,0.0,0.7623,0.0,4.0,1876.0,1079.0,3.58
1442,7.0,0.0,0.7752,2.0,1.0,1891.0,1080.0,3.64
1443,7.0,0.0,0.7841,5.0,1.0,1906.0,1080.0,3.44
1444,7.0,0.0,0.8131,8.0,2.0,1912.0,1080.0,3.39
1445,7.0,0.0,0.8543,7.0,0.0,1910.0,1080.0,3.5
1446,7.0,0.0,0.8619,3.0,0.0,1904.0,1080.0,2.88
1447,7.0,0.0,0.8289,3.0,0.0,1910.0,1072.0,3.45
1448,7.0,0.0,0.8016,2.0,0.0,1917.0,1072.0,2.85
1449,7.0,0.0,0.8243,2.0,0.0,1914.0,1077.0,3.88
1450,7.0,0.0,0.7327,570.0,171.0,1802.0,1080.0,3.44
1451,7.0,0.0,0.7378,691.0,246.0,1841.0,924.0,3.84
1452,7.0,0.0,0.7335,725.0,269.0,1855.0,864.0,4.05
1453,7.0,0.0,0.7323,735.0,273.0,1860.0,850.0,3.79
1454,7.0,0.0,0.7365,735.0,273.0,1862.0,847.0,3.62
1455,7.0,0.0,0.7412,734.0,272.0,1862.0,848.0,3.5
1456,7.0,0.0,0.7388,731.0,270.0,1862.0,851.0,3.58
1457,7.0,0.0,0.729,730.0,270.0,1859.0,851.0,3.65
1458,7.0,0.0,0.7281,729.0,270.0,1857.0,850.0,3.94
1459,7.0,0.0,0.7301,727.0,270.0,1857.0,850.0,3.68
1460,7.0,0.0,0.7313,725.0,270.0,1856.0,850.0,3.72
1461,7.0,0.0,0.7323,724.0,267.0,1858.0,852.0,3.39
1462,7.0,0.0,0.7364,722.0,266.0,1859.0,855.0,3.66
1463,7.0,0.0,0.7323,722.0,269.0,1855.0,853.0,3.24
1464,7.0,0.0,0.7104,722.0,268.0,1856.0,853.0,3.27
1465,7.0,0.0,0.7183,721.0,267.0,1858.0,854.0,3.59
1466,7.0,0.0,0.724,721.0,259.0,1861.0,857.0,3.69
1467,7.0,0.0,0.6715,728.0,248.0,1857.0,858.0,3.78
1468,7.0,0.0,0.7472,730.0,238.0,1859.0,859.0,3.46
1469,7.0,0.0,0.7289,743.0,230.0,1872.0,857.0,3.67
1470,7.0,0.0,0.7324,739.0,234.0,1884.0,856.0,3.74
1471,7.0,0.0,0.5945,756.0,214.0,1896.0,863.0,2.55
1472,7.0,0.0,0.6454,760.0,204.0,1911.0,860.0,3.89
1473,7.0,0.0,0.7196,761.0,208.0,1914.0,864.0,3.09
1474,7.0,0.0,0.6951,762.0,207.0,1915.0,864.0,3.58
1475,7.0,0.0,0.6745,759.0,192.0,1911.0,864.0,3.88
1476,7.0,0.0,0.6187,760.0,174.0,1908.0,862.0,3.9
1477,7.0,0.0,0.6986,761.0,168.0,1917.0,859.0,3.9
1478,7.0,0.0,0.6303,766.0,169.0,1920.0,853.0,3.47
1479,7.0,0.0,0.699,770.0,168.0,1912.0,853.0,3.69
1480,7.0,0.0,0.793,788.0,162.0,1918.0,860.0,3.61
1481,7.0,0.0,0.7735,794.0,160.0,1918.0,858.0,3.2
1482,7.0,0.0,0.789,799.0,158.0,1899.0,854.0,3.49
1483,7.0,0.0,0.785,805.0,158.0,1881.0,841.0,3.21
1484,7.0,0.0,0.7961,803.0,158.0,1896.0,837.0,3.07
1485,7.0,0.0,0.7387,804.0,158.0,1905.0,837.0,3.36
1486,7.0,0.0,0.7352,809.0,157.0,1912.0,837.0,3.03
1487,7.0,0.0,0.7317,810.0,159.0,1914.0,832.0,2.73
1488,7.0,0.0,0.6294,813.0,157.0,1915.0,827.0,2.98
1489,7.0,0.0,0.7302,814.0,156.0,1908.0,832.0,2.43
1490,7.0,0.0,0.7027,814.0,157.0,1909.0,829.0,3.83
1491,7.0,0.0,0.7121,812.0,162.0,1908.0,828.0,3.86
1492,7.0,0.0,0.6694,812.0,161.0,1910.0,831.0,4.13
1493,7.0,0.0,0.7165,809.0,163.0,1911.0,831.0,3.82
1494,7.0,0.0,0.7205,808.0,165.0,1912.0,834.0,3.81
1495,7.0,0.0,0.7156,810.0,163.0,1913.0,838.0,3.83
1496,7.0,0.0,0.7288,811.0,161.0,1914.0,852.0,4.08
1497,7.0,0.0,0.744,815.0,160.0,1914.0,862.0,3.89
1498,7.0,0.0,0.7352,818.0,160.0,1914.0,859.0,3.06
1499,7.0,0.0,0.7225,820.0,160.0,1916.0,863.0,4.24
1500,7.0,0.0,0.7126,822.0,159.0,1916.0,863.0,4.23
1501,7.0,0.0,0.7089,824.0,157.0,1918.0,867.0,3.88
1502,7.0,0.0,0.6847,826.0,157.0,1920.0,871.0,4.16
1503,7.0,0.0,0.7149,833.0,157.0,1920.0,860.0,3.92
1504,7.0,0.0,0.5661,838.0,157.0,1920.0,843.0,3.92
1505,7.0,0.0,0.627,842.0,156.0,1919.0,844.0,3.88
1506,7.0,0.0,0.5152,842.0,154.0,1918.0,861.0,3.97
1507,7.0,0.0,0.4458,847.0,153.0,1919.0,876.0,3.75
1508,7.0,0.0,0.3856,847.0,151.0,1920.0,871.0,3.71
1509,7.0,0.0,0.3605,848.0,150.0,1920.0,864.0,3.76
1510,7.0,0.0,0.3369,849.0,148.0,1920.0,860.0,3.9
1511,7.0,0.0,0.2351,853.0,151.0,1919.0,826.0,3.47
1512,7.0,0.0,0.2518,849.0,145.0,1919.0,871.0,3.52
1513,7.0,0.0,0.1615,847.0,142.0,1919.0,884.0,3.39
1514,,,,,,,,3.28
1515,,,,,,,,3.42
1516,,,,,,,,3.87
1517,,,,,,,,3.74
1518,,,,,,,,3.71
1519,,,,,,,,3.72
1520,,,,,,,,3.7
1521,,,,,,,,3.39
1522,,,,,,,,3.39
1523,,,,,,,,3.19
1524,,,,,,,,3.18
1525,,,,,,,,2.89
1526,,,,,,,,2.93
1527,,,,,,,,3.06
1528,,,,,,,,2.9
1529,,,,,,,,4.25
1530,,,,,,,,4.2
1531,,,,,,,,3.8
1532,,,,,,,,4.28
1533,,,,,,,,3.99
1534,,,,,,,,3.94
1535,,,,,,,,3.9
1536,,,,,,,,4.01
1537,,,,,,,,3.98
1538,,,,,,,,3.73
1539,,,,,,,,3.58
1540,,,,,,,,3.89
1541,,,,,,,,3.52
1542,,,,,,,,3.51
1543,,,,,,,,3.29
1544,,,,,,,,3.33
1545,,,,,,,,3.52
1546,,,,,,,,3.49
1547,,,,,,,,3.8
1548,,,,,,,,3.68
1549,,,,,,,,3.61
1550,,,,,,,,3.06
1551,,,,,,,,2.8
1552,,,,,,,,4.19
1553,,,,,,,,4.01
1554,8.0,0.0,0.5921,0.0,270.0,1069.0,1061.0,4.06
1555,8.0,0.0,0.6214,0.0,272.0,1075.0,1061.0,3.99
1556,8.0,0.0,0.6133,3.0,145.0,1725.0,1022.0,4.17
1557,8.0,0.0,0.6128,4.0,111.0,1920.0,1006.0,4.34
1558,8.0,0.0,0.5628,4.0,96.0,1920.0,989.0,4.15
1559,8.0,0.0,0.5568,3.0,85.0,1920.0,1002.0,
1559,9.0,0.0,0.6729,0.0,289.0,1086.0,1059.0,3.9
1560,8.0,0.0,0.6313,3.0,94.0,1920.0,1004.0,
1560,9.0,0.0,0.4674,0.0,294.0,1093.0,1055.0,3.02
1561,8.0,0.0,0.5713,3.0,96.0,1920.0,997.0,
1561,9.0,0.0,0.5636,0.0,297.0,1095.0,1054.0,3.52
1562,8.0,0.0,0.607,3.0,94.0,1920.0,984.0,
1562,9.0,0.0,0.599,0.0,300.0,1090.0,1054.0,3.8
1563,8.0,0.0,0.5648,2.0,112.0,1920.0,976.0,
1563,9.0,0.0,0.5212,0.0,302.0,1087.0,1056.0,3.42
1564,8.0,0.0,0.5497,2.0,114.0,1920.0,979.0,
1564,9.0,0.0,0.5875,0.0,303.0,1086.0,1060.0,3.41
1565,8.0,0.0,0.4462,3.0,114.0,1920.0,982.0,
1565,9.0,0.0,0.6219,0.0,304.0,1085.0,1064.0,3.56
1566,8.0,0.0,0.5156,4.0,116.0,1920.0,980.0,
1566,9.0,0.0,0.4401,0.0,314.0,1087.0,1069.0,3.69
1567,8.0,0.0,0.54,4.0,119.0,1920.0,978.0,
1567,9.0,0.0,0.3341,0.0,316.0,1088.0,1073.0,3.69
1568,8.0,0.0,0.5625,5.0,124.0,1920.0,978.0,
1568,9.0,0.0,0.4702,1.0,308.0,1075.0,1068.0,3.83
1569,8.0,0.0,0.5517,4.0,128.0,1920.0,968.0,
1569,9.0,0.0,0.2634,0.0,313.0,1068.0,1068.0,3.69
1570,8.0,0.0,0.5578,3.0,127.0,1920.0,965.0,
1570,9.0,0.0,0.3178,0.0,315.0,1063.0,1068.0,3.64
1571,8.0,0.0,0.6218,4.0,133.0,1920.0,975.0,
1571,9.0,0.0,0.18,0.0,316.0,1066.0,1070.0,3.38
1572,8.0,0.0,0.5747,5.0,134.0,1920.0,970.0,
1572,9.0,0.0,0.1196,1.0,316.0,1028.0,1076.0,3.45
1573,8.0,0.0,0.5682,4.0,142.0,1920.0,962.0,
1573,9.0,0.0,0.286,1.0,312.0,1007.0,1080.0,2.45
1574,8.0,0.0,0.5964,4.0,147.0,1920.0,971.0,
1574,9.0,0.0,0.1884,0.0,311.0,1023.0,1077.0,3.49
1575,8.0,0.0,0.631,5.0,151.0,1920.0,988.0,
1575,9.0,0.0,0.1252,0.0,305.0,1030.0,1067.0,3.96
1576,8.0,0.0,0.6218,4.0,155.0,1920.0,981.0,
1576,9.0,0.0,0.4871,0.0,311.0,1021.0,1075.0,3.98
1577,8.0,0.0,0.6095,3.0,156.0,1919.0,981.0,
1577,9.0,0.0,0.4294,0.0,313.0,1019.0,1078.0,3.29
1578,8.0,0.0,0.5649,2.0,156.0,1918.0,976.0,
1578,9.0,0.0,0.4969,0.0,312.0,1013.0,1079.0,3.86
1579,8.0,0.0,0.5275,2.0,153.0,1918.0,969.0,
1579,9.0,0.0,0.483,0.0,309.0,1011.0,1079.0,3.86
1580,8.0,0.0,0.5353,0.0,152.0,1918.0,963.0,
1580,9.0,0.0,0.4622,0.0,309.0,1007.0,1080.0,3.47
1581,8.0,0.0,0.4399,1.0,150.0,1920.0,960.0,
1581,9.0,0.0,0.223,0.0,313.0,1009.0,1079.0,3.35
1582,8.0,0.0,0.3666,3.0,144.0,1914.0,955.0,
1582,9.0,0.0,0.4305,0.0,312.0,1012.0,1079.0,3.63
1583,8.0,0.0,0.1597,7.0,108.0,1907.0,935.0,
1583,9.0,0.0,0.3127,0.0,312.0,991.0,1078.0,3.01
1584,8.0,0.0,0.372,2.0,130.0,1906.0,940.0,
1584,9.0,0.0,0.3637,0.0,319.0,1028.0,1077.0,3.14
1585,8.0,0.0,0.4161,4.0,135.0,1912.0,955.0,
1585,9.0,0.0,0.5065,0.0,311.0,1085.0,1076.0,3.45
1586,8.0,0.0,0.4104,7.0,135.0,1866.0,958.0,
1586,9.0,0.0,0.3976,0.0,308.0,1092.0,1072.0,3.25
1587,8.0,0.0,0.409,7.0,134.0,1874.0,963.0,
1587,9.0,0.0,0.3899,0.0,310.0,1046.0,1077.0,2.92
1588,8.0,0.0,0.4682,3.0,132.0,1900.0,967.0,
1588,9.0,0.0,0.4618,0.0,309.0,1023.0,1079.0,2.98
1589,8.0,0.0,0.2364,2.0,126.0,1916.0,962.0,
1589,9.0,0.0,0.5391,0.0,305.0,997.0,1080.0,4.04
1590,8.0,0.0,0.115,5.0,128.0,1917.0,964.0,
1590,9.0,0.0,0.6421,0.0,303.0,988.0,1078.0,4.22
1591,8.0,0.0,0.1428,5.0,131.0,1916.0,976.0,
1591,9.0,0.0,0.7147,0.0,302.0,984.0,1078.0,3.95
1592,8.0,0.0,0.16,7.0,128.0,1914.0,982.0,
1592,9.0,0.0,0.7356,1.0,304.0,970.0,1079.0,4.13
1593,8.0,0.0,0.1923,7.0,131.0,1915.0,985.0,
1593,9.0,0.0,0.7408,1.0,302.0,961.0,1080.0,3.86
1594,8.0,0.0,0.2389,6.0,134.0,1919.0,987.0,
1594,9.0,0.0,0.6853,1.0,307.0,965.0,1080.0,3.53
1595,8.0,0.0,0.2848,5.0,120.0,1920.0,987.0,
1595,9.0,0.0,0.6685,1.0,306.0,967.0,1080.0,3.73
1596,8.0,0.0,0.2418,4.0,127.0,1920.0,980.0,
1596,9.0,0.0,0.6608,0.0,313.0,973.0,1080.0,3.83
1597,8.0,0.0,0.2378,2.0,136.0,1920.0,968.0,
1597,9.0,0.0,0.6916,0.0,319.0,969.0,1077.0,3.64
1598,8.0,0.0,0.2049,5.0,142.0,1919.0,961.0,
1598,9.0,0.0,0.7152,0.0,331.0,975.0,1071.0,3.84
1599,8.0,0.0,0.2833,10.0,145.0,1909.0,962.0,
1599,9.0,0.0,0.6869,3.0,337.0,967.0,1074.0,3.83
1600,8.0,0.0,0.41,14.0,136.0,1882.0,966.0,
1600,9.0,0.0,0.5189,6.0,342.0,970.0,1066.0,3.82
1601,8.0,0.0,0.308,13.0,112.0,1865.0,967.0,
1601,9.0,0.0,0.1765,6.0,337.0,971.0,1067.0,3.43
1602,9.0,0.0,0.4142,0.0,339.0,969.0,1038.0,3.67
1603,9.0,0.0,0.4835,0.0,333.0,956.0,1032.0,3.31
1604,9.0,0.0,0.5077,0.0,330.0,942.0,1039.0,3.21
1605,,,,,,,,3.08
1606,9.0,0.0,0.5159,9.0,346.0,1276.0,899.0,3.5
1607,9.0,0.0,0.4646,174.0,331.0,1387.0,906.0,3.45
1608,9.0,0.0,0.5253,209.0,325.0,1450.0,892.0,3.79
1609,9.0,0.0,0.5568,248.0,315.0,1541.0,910.0,3.79
1610,9.0,0.0,0.5229,286.0,305.0,1787.0,925.0,3.34
1611,9.0,0.0,0.1165,280.0,285.0,1885.0,922.0,3.34
1612,9.0,0.0,0.3507,264.0,322.0,1679.0,932.0,3.43
1613,9.0,0.0,0.1094,225.0,261.0,1593.0,941.0,3.19
1614,9.0,0.0,0.2019,173.0,281.0,1561.0,944.0,3.27
1615,9.0,0.0,0.1031,287.0,305.0,1556.0,936.0,3.59
1616,9.0,0.0,0.1552,294.0,326.0,1547.0,939.0,3.81
1617,9.0,0.0,0.3881,181.0,276.0,1545.0,960.0,2.72
1618,9.0,0.0,0.3729,152.0,308.0,1543.0,983.0,3.94
1619,9.0,0.0,0.154,86.0,278.0,1542.0,995.0,3.97
1620,9.0,0.0,0.1754,48.0,274.0,1539.0,989.0,3.85
1621,9.0,0.0,0.1745,37.0,288.0,1542.0,986.0,3.65
1622,9.0,0.0,0.1213,39.0,279.0,1538.0,979.0,3.89
1623,9.0,0.0,0.4586,10.0,95.0,1541.0,1009.0,3.65
1624,9.0,0.0,0.3997,66.0,36.0,1548.0,974.0,3.31
1625,9.0,0.0,0.3682,78.0,12.0,1558.0,989.0,3.44
1626,9.0,0.0,0.5151,34.0,3.0,1798.0,1003.0,3.74
1627,9.0,0.0,0.331,19.0,0.0,1729.0,1034.0,3.49
1628,9.0,0.0,0.6404,4.0,0.0,1859.0,1039.0,3.78
1629,9.0,0.0,0.3368,3.0,0.0,1902.0,1049.0,3.64
1630,9.0,0.0,0.6136,0.0,0.0,1717.0,1071.0,3.55
1631,9.0,0.0,0.5399,0.0,0.0,1641.0,1061.0,3.34
1632,9.0,0.0,0.385,2.0,0.0,1612.0,1065.0,3.44
1633,9.0,0.0,0.3201,5.0,0.0,1810.0,1049.0,2.42
1634,9.0,0.0,0.2675,14.0,0.0,1886.0,1053.0,3.56
1635,9.0,0.0,0.2334,4.0,0.0,1912.0,1038.0,4.02
1636,9.0,0.0,0.1974,3.0,0.0,1920.0,1030.0,3.61
1637,9.0,0.0,0.2162,0.0,0.0,1917.0,1063.0,3.87
1638,,,,,,,,4.35
1639,9.0,0.0,0.1234,0.0,0.0,1920.0,1074.0,3.97
1640,9.0,0.0,0.4445,0.0,0.0,1920.0,1043.0,3.24
1641,9.0,0.0,0.4515,0.0,0.0,1919.0,1040.0,3.41
1642,9.0,0.0,0.4166,0.0,0.0,1919.0,1049.0,3.6
1643,9.0,0.0,0.3899,0.0,0.0,1915.0,1046.0,3.14
1644,9.0,0.0,0.4859,3.0,0.0,1906.0,1022.0,3.22
1645,9.0,0.0,0.4744,0.0,0.0,1895.0,1041.0,3.37
1646,9.0,0.0,0.3267,0.0,0.0,1900.0,1003.0,3.53
1647,9.0,0.0,0.281,0.0,0.0,1898.0,1008.0,3.65
1648,9.0,0.0,0.2067,0.0,0.0,1880.0,837.0,3.66
1649,9.0,0.0,0.211,0.0,0.0,1893.0,921.0,2.9
1650,9.0,0.0,0.2558,0.0,0.0,1892.0,971.0,3.75
1651,9.0,0.0,0.4664,0.0,0.0,1889.0,959.0,3.7
1652,9.0,0.0,0.273,0.0,0.0,1881.0,955.0,3.9
1653,9.0,0.0,0.3776,0.0,0.0,1873.0,966.0,3.57
1654,9.0,0.0,0.1192,0.0,0.0,1880.0,1007.0,3.73
1655,9.0,0.0,0.1783,3.0,0.0,1842.0,1002.0,3.7
1656,9.0,0.0,0.202,8.0,0.0,1823.0,1020.0,3.89
1657,9.0,0.0,0.2301,7.0,0.0,1819.0,1054.0,3.51
1658,9.0,0.0,0.385,9.0,0.0,1795.0,1063.0,3.74
1659,9.0,0.0,0.3714,9.0,0.0,1776.0,1077.0,3.75
1660,9.0,0.0,0.4796,10.0,0.0,1777.0,1080.0,3.6
1661,9.0,0.0,0.4009,8.0,0.0,1782.0,1080.0,2.59
1662,9.0,0.0,0.5261,12.0,0.0,1768.0,1070.0,2.47
1663,9.0,0.0,0.6295,21.0,0.0,1796.0,1059.0,3.08
1664,9.0,0.0,0.5303,10.0,0.0,1700.0,1048.0,3.45
1665,9.0,0.0,0.3761,21.0,0.0,1692.0,1041.0,3.81
1666,9.0,0.0,0.4682,33.0,0.0,1600.0,1015.0,3.7
1667,9.0,0.0,0.5769,25.0,0.0,1565.0,1021.0,3.86
1668,9.0,0.0,0.5581,57.0,13.0,1530.0,1022.0,3.8
1669,9.0,0.0,0.4524,114.0,19.0,1514.0,1043.0,3.91
1670,9.0,0.0,0.5298,61.0,8.0,1601.0,1056.0,3.56
1671,9.0,0.0,0.4706,31.0,4.0,1744.0,1073.0,3.41
1672,9.0,0.0,0.3687,25.0,3.0,1715.0,1074.0,3.73
1673,9.0,0.0,0.3012,15.0,2.0,1784.0,1080.0,3.04
1674,9.0,0.0,0.3654,17.0,1.0,1806.0,1080.0,2.71
1675,9.0,0.0,0.3055,18.0,1.0,1656.0,1080.0,4.2
1676,9.0,0.0,0.1433,65.0,0.0,1820.0,1080.0,4.24
1677,9.0,0.0,0.3356,34.0,0.0,1577.0,1054.0,4.42
1678,9.0,0.0,0.2793,11.0,10.0,1492.0,1056.0,4.08
1679,9.0,0.0,0.3416,4.0,7.0,1468.0,1059.0,4.37
1680,9.0,0.0,0.4446,1.0,6.0,1447.0,1064.0,3.1
1681,9.0,0.0,0.373,1.0,8.0,1443.0,1059.0,3.69
1682,9.0,0.0,0.395,0.0,3.0,1445.0,1057.0,3.95
1683,9.0,0.0,0.3789,0.0,8.0,1437.0,1057.0,3.56
1684,9.0,0.0,0.3068,30.0,4.0,1539.0,1072.0,3.5
1685,9.0,0.0,0.3862,38.0,1.0,1611.0,1078.0,3.51
1686,9.0,0.0,0.354,42.0,0.0,1569.0,1080.0,3.81
1687,9.0,0.0,0.4024,41.0,7.0,1464.0,1078.0,3.53
1688,9.0,0.0,0.622,23.0,18.0,1429.0,1075.0,3.73
1689,9.0,0.0,0.6537,22.0,16.0,1424.0,1071.0,3.7
1690,9.0,0.0,0.5774,30.0,6.0,1423.0,1067.0,3.63
1691,9.0,0.0,0.6053,26.0,20.0,1431.0,1060.0,3.34
1692,9.0,0.0,0.6288,40.0,17.0,1424.0,1049.0,3.52
1693,9.0,0.0,0.5015,49.0,20.0,1420.0,1043.0,3.33
1694,9.0,0.0,0.5414,49.0,16.0,1421.0,1043.0,3.4
1695,9.0,0.0,0.533,40.0,11.0,1420.0,1052.0,3.61
1696,9.0,0.0,0.4793,26.0,17.0,1429.0,1060.0,3.91
1697,9.0,0.0,0.5799,28.0,14.0,1419.0,1052.0,3.05
1698,9.0,0.0,0.5784,29.0,22.0,1426.0,1050.0,3.78
1699,9.0,0.0,0.3773,39.0,15.0,1422.0,1049.0,3.63
1700,9.0,0.0,0.3923,38.0,9.0,1466.0,1065.0,3.37
1701,9.0,0.0,0.477,23.0,23.0,1471.0,1061.0,2.6
1702,9.0,0.0,0.6343,34.0,18.0,1446.0,1058.0,2.63
1703,9.0,0.0,0.5075,49.0,18.0,1436.0,1055.0,2.88
1704,9.0,0.0,0.4545,51.0,13.0,1434.0,1047.0,3.66
1705,9.0,0.0,0.4592,33.0,14.0,1439.0,1043.0,3.84
1706,9.0,0.0,0.4687,21.0,13.0,1457.0,1043.0,3.84
1707,9.0,0.0,0.4521,17.0,10.0,1455.0,1041.0,3.95
1708,9.0,0.0,0.4181,14.0,7.0,1458.0,1047.0,3.99
1709,9.0,0.0,0.4077,31.0,2.0,1518.0,1059.0,3.94
1710,9.0,0.0,0.331,21.0,3.0,1472.0,1048.0,3.51
1711,9.0,0.0,0.5617,19.0,8.0,1434.0,1051.0,3.4
1712,9.0,0.0,0.5697,17.0,8.0,1423.0,1052.0,3.65
1713,9.0,0.0,0.5757,17.0,11.0,1420.0,1055.0,3.4
1714,9.0,0.0,0.5528,12.0,20.0,1417.0,1053.0,3.25
1715,9.0,0.0,0.5585,9.0,24.0,1412.0,1052.0,3.52
1716,9.0,0.0,0.5456,13.0,21.0,1426.0,1051.0,3.69
1717,9.0,0.0,0.5174,17.0,19.0,1439.0,1051.0,3.83
1718,9.0,0.0,0.5595,20.0,20.0,1441.0,1051.0,3.86
1719,9.0,0.0,0.5533,13.0,27.0,1467.0,1051.0,3.85
1720,9.0,0.0,0.5877,15.0,24.0,1444.0,1048.0,3.38
1721,9.0,0.0,0.5909,11.0,22.0,1432.0,1048.0,2.59
1722,9.0,0.0,0.5727,11.0,21.0,1431.0,1044.0,3.84
1723,9.0,0.0,0.5949,11.0,22.0,1427.0,1044.0,3.53
1724,9.0,0.0,0.5895,11.0,22.0,1426.0,1044.0,3.7
1725,9.0,0.0,0.8922,356.0,0.0,1764.0,1041.0,3.73
1726,9.0,0.0,0.898,359.0,5.0,1877.0,992.0,4.06
1727,9.0,0.0,0.8993,358.0,33.0,1920.0,974.0,3.92
1728,9.0,0.0,0.902,359.0,40.0,1920.0,969.0,3.8
1729,9.0,0.0,0.9025,359.0,43.0,1920.0,968.0,3.85
1730,9.0,0.0,0.902,359.0,42.0,1920.0,968.0,3.76
1731,9.0,0.0,0.9012,359.0,41.0,1920.0,969.0,3.09
1732,9.0,0.0,0.8972,357.0,39.0,1920.0,969.0,3.83
1733,9.0,0.0,0.89,361.0,33.0,1920.0,953.0,3.87
1734,9.0,0.0,0.8799,352.0,29.0,1920.0,933.0,3.3
1735,9.0,0.0,0.8713,356.0,25.0,1920.0,968.0,3.96
1736,9.0,0.0,0.8656,353.0,34.0,1920.0,970.0,4.36
1737,9.0,0.0,0.8703,350.0,42.0,1920.0,971.0,4.18
1738,9.0,0.0,0.8677,347.0,45.0,1920.0,969.0,4.39
1739,9.0,0.0,0.8687,344.0,44.0,1920.0,976.0,4.35
1740,9.0,0.0,0.8687,343.0,43.0,1920.0,980.0,4.16
1741,9.0,0.0,0.8617,345.0,39.0,1920.0,979.0,3.97
1742,9.0,0.0,0.86,339.0,35.0,1920.0,998.0,4.26
1743,9.0,0.0,0.856,335.0,23.0,1920.0,1010.0,3.9
1744,9.0,0.0,0.8499,334.0,9.0,1918.0,1021.0,3.7
1745,9.0,0.0,0.8438,334.0,0.0,1916.0,1028.0,3.63
1746,9.0,0.0,0.7859,331.0,0.0,1916.0,1043.0,3.98
1747,9.0,0.0,0.8332,333.0,0.0,1915.0,1042.0,4.02
1748,9.0,0.0,0.8109,311.0,0.0,1913.0,1039.0,4.02
1749,9.0,0.0,0.8208,315.0,0.0,1912.0,1044.0,3.67
1750,9.0,0.0,0.8135,309.0,0.0,1913.0,1055.0,3.17
1751,9.0,0.0,0.8036,309.0,0.0,1914.0,1054.0,3.51
1752,9.0,0.0,0.7912,320.0,0.0,1918.0,1051.0,3.56
1753,9.0,0.0,0.7865,323.0,0.0,1919.0,1053.0,3.38
1754,9.0,0.0,0.8042,326.0,3.0,1919.0,1064.0,3.32
1755,9.0,0.0,0.7973,322.0,13.0,1920.0,1060.0,3.51
1756,9.0,0.0,0.8098,325.0,16.0,1920.0,1071.0,3.84
1757,9.0,0.0,0.8212,324.0,16.0,1920.0,1079.0,3.75
1758,9.0,0.0,0.813,325.0,15.0,1920.0,1079.0,3.74
1759,9.0,0.0,0.8006,328.0,14.0,1920.0,1079.0,2.88
1760,9.0,0.0,0.8122,331.0,13.0,1920.0,1069.0,2.93
1761,9.0,0.0,0.7961,330.0,12.0,1920.0,1054.0,2.78
1762,9.0,0.0,0.8098,329.0,10.0,1920.0,1050.0,4.39
1763,9.0,0.0,0.8211,323.0,8.0,1920.0,1064.0,3.95
1764,9.0,0.0,0.8219,316.0,7.0,1919.0,1056.0,3.96
1765,9.0,0.0,0.8177,312.0,6.0,1919.0,1049.0,4.03
1766,9.0,0.0,0.7986,309.0,5.0,1918.0,1039.0,4.44
1767,9.0,0.0,0.8258,304.0,5.0,1917.0,1029.0,4.4
1768,9.0,0.0,0.8397,300.0,4.0,1917.0,1030.0,4.17
1769,9.0,0.0,0.8557,298.0,5.0,1917.0,1032.0,4.09
1770,9.0,0.0,0.8458,296.0,8.0,1917.0,1026.0,4.02
1771,9.0,0.0,0.86,292.0,12.0,1917.0,1034.0,3.68
1772,9.0,0.0,0.8547,290.0,11.0,1916.0,1033.0,3.78
1773,9.0,0.0,0.8522,284.0,10.0,1917.0,1032.0,3.44
1774,9.0,0.0,0.4632,48.0,46.0,1830.0,1080.0,3.25
1775,9.0,0.0,0.5386,14.0,48.0,1844.0,1067.0,3.38
1776,9.0,0.0,0.4216,1.0,53.0,1889.0,1030.0,3.41
1777,9.0,0.0,0.1968,7.0,79.0,1912.0,1035.0,3.62
1778,9.0,0.0,0.1237,7.0,136.0,1919.0,1036.0,3.35
1779,9.0,0.0,0.1245,10.0,155.0,1920.0,877.0,3.38
1780,9.0,0.0,0.3139,6.0,106.0,1920.0,722.0,3.47
1781,9.0,0.0,0.118,15.0,140.0,1920.0,687.0,3.13
1782,9.0,0.0,0.2451,10.0,70.0,1920.0,877.0,3.49
1783,9.0,0.0,0.3363,8.0,51.0,1920.0,926.0,2.59
1784,9.0,0.0,0.5363,3.0,16.0,1920.0,948.0,3.82
1785,9.0,0.0,0.5502,0.0,1.0,1920.0,960.0,4.08
1786,9.0,0.0,0.4931,0.0,0.0,1918.0,982.0,3.84
1787,9.0,0.0,0.7025,0.0,0.0,1920.0,977.0,4.16
1788,9.0,0.0,0.7496,0.0,0.0,1920.0,965.0,4.22
1789,9.0,0.0,0.7842,0.0,0.0,1919.0,981.0,4.24
1790,9.0,0.0,0.7845,0.0,0.0,1918.0,992.0,3.62
1791,9.0,0.0,0.8272,0.0,0.0,1918.0,991.0,3.54
1792,9.0,0.0,0.7704,0.0,0.0,1917.0,995.0,3.85
1793,9.0,0.0,0.7595,4.0,0.0,1920.0,1006.0,3.28
1794,9.0,0.0,0.7666,5.0,0.0,1918.0,982.0,3.5
1795,9.0,0.0,0.6614,11.0,0.0,1918.0,995.0,3.6
1796,9.0,0.0,0.7115,149.0,0.0,1919.0,951.0,3.85
1797,9.0,0.0,0.7971,53.0,0.0,1917.0,943.0,3.8
1798,9.0,0.0,0.7786,19.0,0.0,1919.0,1033.0,3.78
1799,9.0,0.0,0.7898,5.0,0.0,1920.0,1066.0,3.73
1800,9.0,0.0,0.7746,1.0,0.0,1920.0,1079.0,3.33
1801,9.0,0.0,0.793,0.0,0.0,1912.0,1080.0,3.32
1802,9.0,0.0,0.7969,0.0,0.0,1909.0,1080.0,3.32
1803,9.0,0.0,0.7791,0.0,0.0,1909.0,1080.0,2.75
1804,9.0,0.0,0.7881,0.0,0.0,1905.0,1080.0,3.36
1805,9.0,0.0,0.7847,0.0,0.0,1908.0,1080.0,3.6
1806,9.0,0.0,0.8172,0.0,0.0,1911.0,1077.0,3.59
1807,9.0,0.0,0.8113,0.0,0.0,1915.0,1080.0,3.8
1808,9.0,0.0,0.8275,0.0,0.0,1915.0,1080.0,3.62
1809,9.0,0.0,0.8113,0.0,0.0,1916.0,1080.0,3.69
1810,9.0,0.0,0.7948,0.0,0.0,1918.0,1080.0,2.81
1811,9.0,0.0,0.771,0.0,0.0,1918.0,1080.0,3.6
1812,9.0,0.0,0.7119,0.0,0.0,1918.0,1080.0,3.87
1813,9.0,0.0,0.6102,0.0,0.0,1913.0,1080.0,3.59
1814,9.0,0.0,0.5755,0.0,0.0,1912.0,1080.0,3.64
1815,9.0,0.0,0.5442,0.0,0.0,1913.0,1080.0,3.64
1816,9.0,0.0,0.6395,0.0,0.0,1916.0,1080.0,3.84
1817,9.0,0.0,0.4669,0.0,0.0,1916.0,1080.0,3.68
1818,,,,,,,,4.2
1819,,,,,,,,3.97
1820,,,,,,,,3.66
1821,9.0,0.0,0.2918,7.0,91.0,1044.0,1080.0,3.28
1822,,,,,,,,3.55
1823,,,,,,,,3.05
1824,,,,,,,,3.23
1825,,,,,,,,3.43
1826,,,,,,,,3.57
1827,,,,,,,,3.62
1828,,,,,,,,2.91
1829,9.0,0.0,0.5108,0.0,0.0,1084.0,601.0,2.86
1830,9.0,0.0,0.4445,0.0,0.0,1083.0,575.0,2.99
1831,9.0,0.0,0.4601,0.0,0.0,1087.0,567.0,2.73
1832,9.0,0.0,0.2841,0.0,0.0,1095.0,566.0,4.19
1833,9.0,0.0,0.2226,0.0,0.0,1112.0,586.0,3.94
1834,9.0,0.0,0.2537,0.0,0.0,1131.0,596.0,3.96
1835,9.0,0.0,0.4654,0.0,0.0,1133.0,579.0,3.98
1836,9.0,0.0,0.5148,0.0,0.0,1116.0,594.0,3.53
1837,9.0,0.0,0.6697,0.0,0.0,1107.0,594.0,4.31
1838,9.0,0.0,0.5299,0.0,0.0,1110.0,597.0,3.71
1839,9.0,0.0,0.1229,0.0,0.0,1135.0,617.0,3.83
1840,9.0,0.0,0.2382,0.0,0.0,1139.0,624.0,3.65
1841,9.0,0.0,0.3265,0.0,0.0,1128.0,625.0,3.5
1842,9.0,0.0,0.4486,1.0,0.0,1136.0,623.0,3.56
1843,9.0,0.0,0.3523,1.0,0.0,1143.0,622.0,3.2
1844,9.0,0.0,0.4236,0.0,0.0,1146.0,631.0,3.32
1845,9.0,0.0,0.1693,0.0,0.0,1152.0,651.0,3.32
1846,,,,,,,,3.43
1847,9.0,0.0,0.4288,0.0,0.0,1148.0,641.0,3.48
1848,9.0,0.0,0.4448,0.0,0.0,1150.0,643.0,3.66
1849,9.0,0.0,0.3044,0.0,0.0,1163.0,649.0,3.72
1850,9.0,0.0,0.3376,0.0,0.0,1170.0,648.0,3.9
1851,9.0,0.0,0.4894,0.0,0.0,1161.0,657.0,3.33
1852,9.0,0.0,0.3927,0.0,0.0,1160.0,741.0,3.65
1853,9.0,0.0,0.2336,0.0,0.0,1165.0,686.0,2.65
1854,9.0,0.0,0.2547,0.0,0.0,1185.0,719.0,3.22
1855,9.0,0.0,0.3782,0.0,0.0,1187.0,713.0,2.93
1856,9.0,0.0,0.6084,0.0,0.0,1170.0,693.0,2.9
1857,9.0,0.0,0.4205,0.0,0.0,1203.0,674.0,4.17
1858,9.0,0.0,0.5011,0.0,0.0,1187.0,680.0,4.15
1859,9.0,0.0,0.3262,0.0,0.0,1203.0,737.0,4.05
1860,9.0,0.0,0.4369,0.0,0.0,1181.0,822.0,4.26
1861,9.0,0.0,0.338,0.0,0.0,1194.0,823.0,3.9
1862,9.0,0.0,0.1589,0.0,0.0,1180.0,756.0,4.21
1863,9.0,0.0,0.1911,0.0,0.0,1190.0,757.0,3.38
1864,9.0,0.0,0.1015,1.0,0.0,1196.0,761.0,3.54
1865,9.0,0.0,0.2005,2.0,0.0,1201.0,778.0,3.53
1866,9.0,0.0,0.1007,8.0,0.0,1579.0,947.0,3.75
1867,9.0,0.0,0.1277,4.0,0.0,1354.0,997.0,3.87
1868,,,,,,,,4.06
1869,9.0,0.0,0.4252,2.0,0.0,1242.0,892.0,3.63
1870,9.0,0.0,0.3814,1.0,0.0,1238.0,835.0,3.25
1871,9.0,0.0,0.2542,2.0,0.0,1216.0,815.0,3.39
1872,9.0,0.0,0.1273,1.0,0.0,1227.0,821.0,3.72
1873,9.0,0.0,0.1555,0.0,0.0,1308.0,817.0,3.34
1874,9.0,0.0,0.3855,0.0,0.0,1269.0,820.0,3.51
1875,9.0,0.0,0.5303,0.0,0.0,1221.0,815.0,3.59
1876,9.0,0.0,0.3638,0.0,0.0,1213.0,816.0,3.55
1877,9.0,0.0,0.2877,0.0,0.0,1249.0,804.0,3.76
1878,9.0,0.0,0.52,0.0,0.0,1242.0,817.0,3.79
1879,9.0,0.0,0.2639,0.0,0.0,1323.0,861.0,3.83
1880,9.0,0.0,0.3076,0.0,0.0,1330.0,941.0,2.77
1881,9.0,0.0,0.3863,0.0,0.0,1361.0,971.0,2.71
1882,9.0,0.0,0.3131,0.0,0.0,1325.0,968.0,3.87
1883,9.0,0.0,0.38,1.0,0.0,1269.0,869.0,3.58
1884,9.0,0.0,0.2477,0.0,0.0,1361.0,861.0,3.6
1885,9.0,0.0,0.2344,0.0,0.0,1359.0,849.0,3.75
1886,9.0,0.0,0.3665,0.0,0.0,1404.0,843.0,3.92
1887,9.0,0.0,0.3222,0.0,0.0,1363.0,843.0,3.37
1888,9.0,0.0,0.5361,0.0,0.0,1330.0,805.0,3.8
1889,9.0,0.0,0.4847,0.0,0.0,1348.0,827.0,3.58
1890,9.0,0.0,0.4013,0.0,0.0,1360.0,843.0,3.53
1891,9.0,0.0,0.443,0.0,0.0,1304.0,836.0,3.33
1892,9.0,0.0,0.3376,0.0,0.0,1337.0,856.0,3.59
1893,9.0,0.0,0.3904,0.0,0.0,1335.0,899.0,3.2
1894,9.0,0.0,0.461,0.0,0.0,1272.0,820.0,3.16
1895,9.0,0.0,0.5023,0.0,0.0,1221.0,797.0,3.45
1896,9.0,0.0,0.4165,0.0,0.0,1237.0,810.0,3.46
1897,9.0,0.0,0.5012,1.0,0.0,1238.0,827.0,2.89
1898,9.0,0.0,0.4904,1.0,0.0,1216.0,826.0,4.0
1899,9.0,0.0,0.4902,0.0,0.0,1235.0,861.0,4.01
1900,9.0,0.0,0.3931,0.0,0.0,1256.0,888.0,4.07
1901,9.0,0.0,0.2925,0.0,0.0,1276.0,882.0,3.69
1902,9.0,0.0,0.3378,0.0,0.0,1273.0,821.0,3.99
1903,9.0,0.0,0.2868,0.0,0.0,1317.0,813.0,3.7
1904,9.0,0.0,0.3847,0.0,0.0,1345.0,819.0,3.06
1905,9.0,0.0,0.3899,0.0,0.0,1370.0,790.0,3.57
1906,9.0,0.0,0.3552,0.0,0.0,1370.0,774.0,3.68
1907,9.0,0.0,0.3201,0.0,0.0,1363.0,823.0,3.73
1908,9.0,0.0,0.2531,0.0,0.0,1445.0,816.0,3.55
1909,,,,,,,,3.37
1910,,,,,,,,3.52
1911,,,,,,,,3.37
1912,,,,,,,,3.56
1913,,,,,,,,3.08
1914,,,,,,,,3.23
1915,,,,,,,,3.54
1916,,,,,,,,3.42
1917,,,,,,,,2.93
1918,,,,,,,,4.03
1919,,,,,,,,3.88
1920,,,,,,,,4.03
1921,,,,,,,,3.33
1922,,,,,,,,4.07
1923,,,,,,,,3.68
1924,9.0,0.0,0.5335,5.0,221.0,1896.0,1027.0,3.46
1925,9.0,0.0,0.5036,9.0,219.0,1915.0,1029.0,3.55
1926,9.0,0.0,0.4342,12.0,198.0,1920.0,1031.0,3.68
1927,9.0,0.0,0.455,14.0,215.0,1920.0,1024.0,3.84
1928,9.0,0.0,0.4388,11.0,187.0,1920.0,1027.0,3.84
1929,9.0,0.0,0.4531,12.0,195.0,1917.0,1029.0,3.83
1930,9.0,0.0,0.4958,11.0,187.0,1915.0,1027.0,3.62
1931,9.0,0.0,0.3577,11.0,180.0,1910.0,1008.0,3.3
1932,9.0,0.0,0.6169,8.0,164.0,1912.0,1043.0,3.73
1933,9.0,0.0,0.6482,6.0,158.0,1912.0,1054.0,3.3
1934,9.0,0.0,0.5666,6.0,143.0,1911.0,1034.0,3.48
1935,9.0,0.0,0.6048,6.0,115.0,1911.0,1048.0,3.44
1936,9.0,0.0,0.5244,6.0,113.0,1909.0,1045.0,3.91
1937,9.0,0.0,0.6046,8.0,111.0,1910.0,1045.0,3.79
1938,9.0,0.0,0.5157,8.0,112.0,1910.0,1044.0,3.77
1939,9.0,0.0,0.5823,12.0,108.0,1909.0,1039.0,3.37
1940,9.0,0.0,0.5268,5.0,139.0,1229.0,991.0,2.68
1941,9.0,0.0,0.5207,2.0,144.0,949.0,958.0,3.25
1942,9.0,0.0,0.5235,1.0,148.0,908.0,929.0,4.19
1943,9.0,0.0,0.6215,0.0,142.0,922.0,921.0,3.9
1944,9.0,0.0,0.684,0.0,143.0,926.0,910.0,3.9
1945,9.0,0.0,0.6231,0.0,144.0,946.0,921.0,4.06
1946,9.0,0.0,0.647,0.0,137.0,957.0,913.0,4.4
1947,9.0,0.0,0.6541,0.0,136.0,969.0,903.0,4.19
1948,9.0,0.0,0.6893,0.0,128.0,970.0,899.0,4.47
1949,9.0,0.0,0.6381,0.0,111.0,984.0,910.0,4.52
1950,9.0,0.0,0.6998,0.0,107.0,985.0,892.0,4.39
1951,9.0,0.0,0.6368,0.0,116.0,997.0,882.0,3.96
1952,9.0,0.0,0.6524,0.0,114.0,991.0,896.0,4.41
1953,9.0,0.0,0.5571,4.0,91.0,1598.0,973.0,4.04
1954,9.0,0.0,0.5653,6.0,70.0,1798.0,1021.0,4.04
1955,9.0,0.0,0.5756,2.0,76.0,1364.0,978.0,3.58
1956,9.0,0.0,0.5991,5.0,59.0,1753.0,1021.0,4.38
1957,9.0,0.0,0.6344,4.0,49.0,1874.0,1055.0,4.05
1958,9.0,0.0,0.5781,4.0,53.0,1920.0,1060.0,3.52
1959,9.0,0.0,0.6266,5.0,41.0,1920.0,1070.0,3.52
1960,9.0,0.0,0.5159,12.0,44.0,1920.0,1055.0,3.45
1961,9.0,0.0,0.4894,9.0,43.0,1920.0,1042.0,3.4
1962,9.0,0.0,0.613,6.0,46.0,1920.0,1053.0,3.47
1963,9.0,0.0,0.5913,6.0,42.0,1920.0,1061.0,3.43
1964,9.0,0.0,0.5459,4.0,49.0,1920.0,1061.0,3.43
1965,9.0,0.0,0.5948,7.0,52.0,1920.0,1060.0,3.37
1966,9.0,0.0,0.6339,6.0,51.0,1920.0,1066.0,3.9
1967,9.0,0.0,0.6331,4.0,59.0,1920.0,1052.0,3.91
1968,9.0,0.0,0.7385,5.0,65.0,1920.0,1036.0,3.85
1969,9.0,0.0,0.6967,3.0,66.0,1920.0,1038.0,3.58
1970,9.0,0.0,0.7338,3.0,67.0,1920.0,1028.0,2.92
1971,9.0,0.0,0.6961,3.0,67.0,1920.0,1014.0,2.76
1972,9.0,0.0,0.7339,3.0,70.0,1920.0,1012.0,4.09
1973,9.0,0.0,0.7218,3.0,69.0,1918.0,1015.0,3.98
1974,9.0,0.0,0.765,11.0,64.0,1915.0,985.0,3.99
1975,9.0,0.0,0.7271,8.0,61.0,1908.0,992.0,3.39
1976,9.0,0.0,0.739,4.0,59.0,1908.0,1006.0,4.47
1977,9.0,0.0,0.7562,3.0,54.0,1907.0,1017.0,4.41
1978,9.0,0.0,0.7268,2.0,49.0,1912.0,1045.0,4.1
1979,9.0,0.0,0.7287,1.0,34.0,1915.0,1062.0,3.91
1980,9.0,0.0,0.7554,1.0,30.0,1919.0,1075.0,3.92
1981,9.0,0.0,0.7564,1.0,27.0,1920.0,1080.0,3.28
1982,9.0,0.0,0.7766,2.0,26.0,1913.0,1073.0,3.71
1983,9.0,0.0,0.7422,1.0,18.0,1917.0,1079.0,3.37
1984,9.0,0.0,0.746,1.0,13.0,1909.0,1071.0,3.41
1985,9.0,0.0,0.7308,1.0,4.0,1912.0,1078.0,3.54
1986,9.0,0.0,0.7319,0.0,4.0,1913.0,1079.0,3.66
1987,9.0,0.0,0.7669,0.0,0.0,1920.0,1080.0,3.54
1988,9.0,0.0,0.8097,2.0,0.0,1920.0,1080.0,3.88
1989,9.0,0.0,0.7976,6.0,0.0,1914.0,1080.0,3.75
1990,9.0,0.0,0.7931,6.0,0.0,1910.0,1079.0,3.53
1991,9.0,0.0,0.7939,8.0,0.0,1908.0,1078.0,2.75
1992,9.0,0.0,0.8436,9.0,0.0,1910.0,1078.0,2.57
1993,9.0,0.0,0.8082,8.0,0.0,1909.0,1078.0,3.02
1994,9.0,0.0,0.8083,9.0,0.0,1908.0,1079.0,3.62
1995,9.0,0.0,0.7958,10.0,0.0,1910.0,1079.0,3.82
1996,9.0,0.0,0.8062,9.0,0.0,1911.0,1079.0,3.69
1997,9.0,0.0,0.7872,2.0,0.0,1911.0,1079.0,3.93
1998,9.0,0.0,0.7703,5.0,0.0,1912.0,1079.0,4.01
1999,9.0,0.0,0.7552,1.0,0.0,1912.0,1079.0,3.87
2000,9.0,0.0,0.7876,0.0,0.0,1911.0,1080.0,3.69
2001,9.0,0.0,0.8082,0.0,0.0,1909.0,1080.0,3.39
2002,9.0,0.0,0.7986,4.0,1.0,1913.0,1080.0,3.67
2003,9.0,0.0,0.7696,1.0,0.0,1912.0,1080.0,3.29
2004,9.0,0.0,0.786,0.0,0.0,1912.0,1080.0,3.45
2005,9.0,0.0,0.8001,5.0,0.0,1913.0,1080.0,3.59
2006,9.0,0.0,0.761,1.0,0.0,1913.0,1080.0,3.59
2007,9.0,0.0,0.8019,2.0,0.0,1911.0,1080.0,3.91
2008,9.0,0.0,0.826,0.0,0.0,1915.0,1080.0,3.85
2009,9.0,0.0,0.7795,1.0,0.0,1914.0,1080.0,3.7
2010,9.0,0.0,0.7727,0.0,0.0,1915.0,1080.0,3.43
2011,9.0,0.0,0.8216,0.0,0.0,1916.0,1080.0,3.29
2012,9.0,0.0,0.8261,0.0,0.0,1914.0,1080.0,3.57
2013,9.0,0.0,0.7824,0.0,0.0,1914.0,1080.0,3.12
2014,9.0,0.0,0.7679,0.0,0.0,1907.0,1080.0,3.01
2015,9.0,0.0,0.8309,0.0,0.0,1910.0,1080.0,3.07
2016,9.0,0.0,0.8014,0.0,0.0,1835.0,1080.0,3.9
2017,9.0,0.0,0.8064,0.0,0.0,1886.0,1080.0,3.97
2018,9.0,0.0,0.7954,0.0,0.0,1905.0,1080.0,3.99
2019,9.0,0.0,0.8057,0.0,0.0,1911.0,1080.0,3.9
2020,9.0,0.0,0.8695,0.0,0.0,1916.0,1071.0,3.98
2021,9.0,0.0,0.8434,0.0,0.0,1918.0,1034.0,3.6
2022,9.0,0.0,0.8009,0.0,0.0,1918.0,1012.0,3.68
2023,9.0,0.0,0.8284,0.0,0.0,1918.0,992.0,3.28
2024,9.0,0.0,0.7242,6.0,0.0,1919.0,992.0,3.29
2025,9.0,0.0,0.7753,5.0,0.0,1919.0,999.0,3.6
2026,9.0,0.0,0.751,3.0,0.0,1920.0,1030.0,3.43
2027,9.0,0.0,0.6996,3.0,0.0,1920.0,1057.0,3.5
2028,9.0,0.0,0.6111,7.0,0.0,1920.0,1011.0,3.59
2029,9.0,0.0,0.6019,4.0,0.0,1920.0,1048.0,3.64
2030,9.0,0.0,0.629,6.0,0.0,1920.0,1013.0,3.62
2031,9.0,0.0,0.6431,3.0,0.0,1920.0,1047.0,2.66
2032,9.0,0.0,0.5506,5.0,0.0,1920.0,924.0,4.07
2033,,,,,,,,3.63
2034,,,,,,,,3.94
2035,,,,,,,,4.09
2036,9.0,0.0,0.5652,0.0,24.0,1905.0,986.0,4.17
2037,9.0,0.0,0.5186,9.0,0.0,1914.0,980.0,4.48
2038,9.0,0.0,0.5543,23.0,0.0,1917.0,979.0,4.31
2039,9.0,0.0,0.5148,26.0,0.0,1916.0,982.0,4.01
2040,9.0,0.0,0.5288,25.0,0.0,1916.0,987.0,3.87
2041,9.0,0.0,0.4899,22.0,0.0,1916.0,987.0,3.56
2042,9.0,0.0,0.523,18.0,0.0,1916.0,989.0,3.9
2043,9.0,0.0,0.4551,17.0,0.0,1915.0,993.0,3.47
2044,9.0,0.0,0.5489,15.0,0.0,1914.0,995.0,3.31
2045,9.0,0.0,0.5198,13.0,0.0,1913.0,999.0,3.45
2046,9.0,0.0,0.4887,12.0,0.0,1913.0,1000.0,3.86
2047,9.0,0.0,0.4529,11.0,0.0,1911.0,997.0,3.35
2048,9.0,0.0,0.5058,10.0,0.0,1911.0,995.0,3.62
2049,9.0,0.0,0.5269,9.0,0.0,1911.0,994.0,3.88
2050,9.0,0.0,0.5795,7.0,0.0,1911.0,998.0,3.74
2051,9.0,0.0,0.5354,6.0,0.0,1911.0,995.0,3.32
2052,9.0,0.0,0.5159,6.0,0.0,1910.0,992.0,3.73
2053,9.0,0.0,0.4508,12.0,0.0,1908.0,988.0,3.44
2054,9.0,0.0,0.4186,10.0,0.0,1908.0,983.0,3.41
2055,9.0,0.0,0.4384,9.0,0.0,1909.0,980.0,3.56
2056,9.0,0.0,0.397,13.0,0.0,1912.0,989.0,3.8
2057,9.0,0.0,0.4163,23.0,0.0,1911.0,982.0,3.85
2058,9.0,0.0,0.3633,20.0,0.0,1910.0,984.0,2.94
2059,9.0,0.0,0.4574,20.0,0.0,1910.0,984.0,2.9
2060,9.0,0.0,0.5027,27.0,0.0,1911.0,988.0,2.93
2061,9.0,0.0,0.4331,30.0,0.0,1911.0,985.0,3.65
2062,9.0,0.0,0.4332,36.0,0.0,1912.0,991.0,4.03
2063,9.0,0.0,0.4402,29.0,0.0,1912.0,997.0,3.66
2064,9.0,0.0,0.3582,37.0,0.0,1912.0,997.0,3.75
2065,9.0,0.0,0.4501,28.0,0.0,1910.0,989.0,3.95
2066,9.0,0.0,0.4627,62.0,0.0,1911.0,992.0,4.32
2067,9.0,0.0,0.4643,78.0,0.0,1912.0,996.0,3.84
2068,9.0,0.0,0.5232,74.0,0.0,1911.0,986.0,3.99
2069,9.0,0.0,0.4669,95.0,0.0,1912.0,992.0,3.94
2070,9.0,0.0,0.4899,98.0,0.0,1912.0,1004.0,3.87
2071,9.0,0.0,0.4683,122.0,0.0,1913.0,1011.0,3.45
2072,9.0,0.0,0.4821,70.0,0.0,1917.0,1006.0,3.63
2073,9.0,0.0,0.5255,61.0,0.0,1918.0,1007.0,3.43
2074,9.0,0.0,0.5637,122.0,0.0,1912.0,994.0,3.41
2075,9.0,0.0,0.5532,67.0,0.0,1908.0,998.0,3.65
2076,9.0,0.0,0.5753,55.0,0.0,1906.0,1003.0,3.66
2077,9.0,0.0,0.5922,67.0,0.0,1906.0,1019.0,3.79
2078,9.0,0.0,0.6244,25.0,0.0,1907.0,1037.0,3.61
2079,9.0,0.0,0.6594,8.0,0.0,1908.0,1026.0,3.78
2080,9.0,0.0,0.6575,1.0,0.0,1910.0,1022.0,3.29
2081,9.0,0.0,0.544,2.0,0.0,1911.0,1023.0,3.13
2082,9.0,0.0,0.5736,4.0,0.0,1910.0,1028.0,3.59
2083,9.0,0.0,0.567,4.0,0.0,1911.0,1027.0,3.41
2084,9.0,0.0,0.5546,12.0,0.0,1911.0,1030.0,2.52
2085,9.0,0.0,0.5153,9.0,0.0,1911.0,1022.0,4.41
2086,9.0,0.0,0.5308,2.0,0.0,1910.0,1023.0,4.48
2087,9.0,0.0,0.4984,0.0,1.0,1909.0,1024.0,3.56
2088,9.0,0.0,0.5776,0.0,5.0,1910.0,1021.0,3.71
2089,9.0,0.0,0.5246,0.0,5.0,1911.0,1020.0,3.98
2090,9.0,0.0,0.5709,0.0,8.0,1910.0,1026.0,4.02
2091,9.0,0.0,0.5601,0.0,9.0,1910.0,1031.0,3.44
2092,9.0,0.0,0.456,0.0,9.0,1909.0,1017.0,3.98
2093,9.0,0.0,0.4979,1.0,8.0,1911.0,1002.0,3.53
2094,9.0,0.0,0.4541,0.0,3.0,1910.0,1002.0,3.45
2095,9.0,0.0,0.4545,0.0,4.0,1912.0,1000.0,3.37
2096,9.0,0.0,0.3291,0.0,5.0,1910.0,1003.0,3.78
2097,9.0,0.0,0.3499,0.0,1.0,1911.0,997.0,3.29
2098,9.0,0.0,0.3663,0.0,0.0,1909.0,1009.0,3.39
2099,9.0,0.0,0.3388,0.0,0.0,1908.0,1009.0,3.78
2100,9.0,0.0,0.2955,0.0,0.0,1910.0,990.0,3.68
2101,9.0,0.0,0.3397,0.0,0.0,1910.0,994.0,3.25
2102,9.0,0.0,0.3785,3.0,0.0,1909.0,989.0,3.55
2103,9.0,0.0,0.2757,1.0,0.0,1911.0,1000.0,3.21
2104,9.0,0.0,0.4145,1.0,0.0,1911.0,989.0,3.45
2105,9.0,0.0,0.4705,0.0,0.0,1910.0,978.0,3.55
2106,9.0,0.0,0.3809,2.0,0.0,1916.0,981.0,3.53
2107,9.0,0.0,0.454,3.0,0.0,1919.0,979.0,3.74
2108,9.0,0.0,0.5195,2.0,0.0,1920.0,976.0,3.42
2109,9.0,0.0,0.4528,2.0,0.0,1920.0,983.0,3.86
2110,9.0,0.0,0.5562,5.0,0.0,1920.0,986.0,3.56
2111,9.0,0.0,0.5634,6.0,0.0,1919.0,977.0,3.33
2112,9.0,0.0,0.5912,4.0,0.0,1919.0,966.0,3.63
2113,9.0,0.0,0.4669,4.0,0.0,1919.0,974.0,2.51
2114,9.0,0.0,0.4403,4.0,0.0,1919.0,977.0,3.61
2115,9.0,0.0,0.5392,6.0,0.0,1918.0,982.0,4.19
2116,9.0,0.0,0.4653,5.0,0.0,1917.0,971.0,4.32
2117,9.0,0.0,0.594,5.0,0.0,1917.0,972.0,4.36
2118,9.0,0.0,0.5132,4.0,0.0,1918.0,981.0,4.15
2119,9.0,0.0,0.5196,3.0,15.0,1913.0,979.0,4.37
2120,9.0,0.0,0.5237,3.0,25.0,1910.0,977.0,4.17
2121,9.0,0.0,0.5308,1.0,12.0,1915.0,1001.0,3.63
2122,9.0,0.0,0.6204,4.0,6.0,1916.0,1013.0,3.61
2123,9.0,0.0,0.6808,5.0,10.0,1916.0,1014.0,3.53
2124,9.0,0.0,0.6679,6.0,7.0,1917.0,1027.0,3.56
2125,9.0,0.0,0.6001,5.0,4.0,1917.0,1039.0,3.43
2126,9.0,0.0,0.6753,5.0,1.0,1916.0,1041.0,3.68
2127,9.0,0.0,0.6592,5.0,0.0,1916.0,1038.0,3.77
2128,9.0,0.0,0.7394,5.0,0.0,1915.0,1031.0,3.65
2129,9.0,0.0,0.7183,2.0,27.0,1912.0,1014.0,3.4
2130,9.0,0.0,0.6989,1.0,19.0,1909.0,1009.0,3.49
2131,9.0,0.0,0.6659,0.0,19.0,1908.0,1000.0,3.16
2132,9.0,0.0,0.5804,0.0,16.0,1908.0,1011.0,3.21
2133,9.0,0.0,0.5112,0.0,13.0,1906.0,1023.0,3.12
2134,9.0,0.0,0.5957,0.0,14.0,1904.0,1014.0,3.4
2135,9.0,0.0,0.6984,0.0,6.0,1903.0,1010.0,3.6
2136,9.0,0.0,0.5824,1.0,13.0,1903.0,1014.0,3.69
2137,9.0,0.0,0.5598,1.0,18.0,1899.0,1014.0,2.94
2138,9.0,0.0,0.606,2.0,8.0,1905.0,1027.0,2.93
2139,9.0,0.0,0.6856,4.0,2.0,1909.0,1050.0,4.23
2140,9.0,0.0,0.6603,1.0,5.0,1908.0,1037.0,4.22
2141,9.0,0.0,0.6901,0.0,9.0,1910.0,1034.0,3.92
2142,9.0,0.0,0.7103,3.0,3.0,1914.0,1045.0,4.05
2143,9.0,0.0,0.6556,4.0,1.0,1915.0,1050.0,3.94
2144,9.0,0.0,0.7027,5.0,0.0,1915.0,1053.0,3.67
2145,9.0,0.0,0.7142,2.0,0.0,1911.0,1046.0,3.26
2146,9.0,0.0,0.7129,1.0,0.0,1910.0,1048.0,3.98
2147,9.0,0.0,0.7354,0.0,0.0,1910.0,1047.0,3.88
2148,9.0,0.0,0.7115,3.0,0.0,1914.0,1046.0,3.54
2149,9.0,0.0,0.7081,5.0,0.0,1914.0,1059.0,3.01
2150,9.0,0.0,0.7207,4.0,0.0,1915.0,1047.0,3.83
2151,9.0,0.0,0.7413,4.0,6.0,1915.0,1046.0,3.42
2152,9.0,0.0,0.7349,5.0,2.0,1916.0,1062.0,3.41
2153,9.0,0.0,0.7181,4.0,0.0,1916.0,1061.0,3.3
2154,9.0,0.0,0.7146,4.0,0.0,1915.0,1050.0,3.32
2155,9.0,0.0,0.6922,4.0,0.0,1915.0,1037.0,2.68
2156,9.0,0.0,0.7376,4.0,0.0,1916.0,1039.0,3.95
2157,9.0,0.0,0.7068,4.0,0.0,1915.0,1047.0,3.97
2158,9.0,0.0,0.781,4.0,0.0,1914.0,1053.0,4.1
2159,9.0,0.0,0.7552,4.0,0.0,1915.0,1058.0,3.75
2160,9.0,0.0,0.7387,5.0,0.0,1915.0,1073.0,4.2
2161,9.0,0.0,0.7005,5.0,0.0,1914.0,1069.0,3.73
2162,9.0,0.0,0.7455,2.0,10.0,1914.0,1052.0,3.68
2163,9.0,0.0,0.7247,1.0,3.0,1913.0,1049.0,3.41
2164,9.0,0.0,0.6926,1.0,3.0,1912.0,1001.0,3.42
2165,9.0,0.0,0.6199,1.0,24.0,1911.0,988.0,3.54
2166,9.0,0.0,0.7064,0.0,26.0,1914.0,1010.0,3.24
2167,9.0,0.0,0.7263,0.0,21.0,1916.0,1032.0,3.78
2168,9.0,0.0,0.6606,4.0,8.0,1916.0,1033.0,3.69
2169,9.0,0.0,0.7197,1.0,10.0,1917.0,1049.0,3.52
2170,9.0,0.0,0.6755,0.0,18.0,1916.0,1024.0,3.71
2171,9.0,0.0,0.5569,0.0,8.0,1916.0,1007.0,3.5
2172,9.0,0.0,0.7331,2.0,3.0,1915.0,1027.0,3.49
2173,9.0,0.0,0.7138,1.0,20.0,1913.0,1025.0,3.29
2174,9.0,0.0,0.7589,0.0,20.0,1914.0,1031.0,3.26
2175,9.0,0.0,0.7121,3.0,10.0,1914.0,1026.0,3.55
2176,9.0,0.0,0.7301,4.0,3.0,1914.0,1049.0,3.69
2177,9.0,0.0,0.7375,1.0,2.0,1914.0,1040.0,3.16
2178,9.0,0.0,0.7769,0.0,0.0,1914.0,1033.0,2.95
2179,9.0,0.0,0.7842,0.0,13.0,1912.0,992.0,2.97
2180,9.0,0.0,0.7885,0.0,15.0,1913.0,1010.0,4.0
2181,,,,,,,,3.39
2182,,,,,,,,3.67
2183,,,,,,,,3.38
2184,,,,,,,,3.61
2185,9.0,0.0,0.6908,39.0,172.0,1728.0,1034.0,3.58
2186,9.0,0.0,0.8129,15.0,130.0,1780.0,1053.0,3.71
2187,9.0,0.0,0.8136,6.0,123.0,1866.0,1067.0,3.72
2188,9.0,0.0,0.7972,2.0,127.0,1867.0,1073.0,3.62
2189,9.0,0.0,0.8395,1.0,129.0,1889.0,1076.0,3.39
2190,9.0,0.0,0.8638,1.0,133.0,1907.0,1077.0,3.47
2191,9.0,0.0,0.8677,1.0,130.0,1915.0,1078.0,3.4
2192,9.0,0.0,0.8741,0.0,136.0,1920.0,1078.0,3.39
2193,9.0,0.0,0.8547,0.0,140.0,1913.0,1078.0,3.29
2194,9.0,0.0,0.8661,0.0,140.0,1916.0,1078.0,3.27
2195,9.0,0.0,0.8725,0.0,149.0,1915.0,1078.0,3.46
2196,9.0,0.0,0.8821,3.0,153.0,1914.0,1079.0,3.26
2197,9.0,0.0,0.8731,5.0,154.0,1909.0,1079.0,3.46
2198,9.0,0.0,0.8822,6.0,161.0,1908.0,1079.0,3.6
2199,9.0,0.0,0.8843,5.0,165.0,1911.0,1072.0,2.59
2200,9.0,0.0,0.8787,5.0,164.0,1914.0,1075.0,2.98
2201,9.0,0.0,0.8766,5.0,166.0,1914.0,1069.0,2.66
2202,9.0,0.0,0.8799,8.0,169.0,1914.0,1066.0,3.91
2203,9.0,0.0,0.8771,7.0,171.0,1916.0,1074.0,3.62
2204,9.0,0.0,0.8733,5.0,173.0,1915.0,1077.0,3.65
2205,9.0,0.0,0.8778,3.0,166.0,1916.0,1079.0,3.74
2206,9.0,0.0,0.8827,3.0,157.0,1915.0,1075.0,3.98
2207,9.0,0.0,0.883,4.0,162.0,1915.0,1080.0,3.94
2208,9.0,0.0,0.8817,3.0,159.0,1916.0,1080.0,3.65
2209,9.0,0.0,0.8794,2.0,166.0,1916.0,1080.0,3.73
2210,9.0,0.0,0.8875,2.0,165.0,1916.0,1080.0,3.26
2211,9.0,0.0,0.8778,2.0,164.0,1915.0,1079.0,2.63
2212,9.0,0.0,0.8779,2.0,166.0,1914.0,1079.0,2.73
2213,9.0,0.0,0.8749,3.0,173.0,1913.0,1079.0,2.89
2214,9.0,0.0,0.8691,0.0,173.0,1910.0,1079.0,3.55
2215,9.0,0.0,0.871,0.0,181.0,1909.0,1078.0,3.84
2216,9.0,0.0,0.8758,0.0,170.0,1911.0,1079.0,4.11
2217,9.0,0.0,0.8753,0.0,166.0,1912.0,1079.0,4.02
2218,9.0,0.0,0.8708,0.0,164.0,1912.0,1079.0,4.24
2219,9.0,0.0,0.8773,0.0,164.0,1913.0,1080.0,4.05
2220,9.0,0.0,0.8769,0.0,168.0,1911.0,1080.0,3.93
2221,9.0,0.0,0.8723,0.0,167.0,1912.0,1080.0,3.45
2222,9.0,0.0,0.8682,2.0,166.0,1913.0,1080.0,3.57
2223,9.0,0.0,0.8693,2.0,168.0,1913.0,1079.0,3.36
2224,9.0,0.0,0.8689,1.0,174.0,1913.0,1079.0,2.57
2225,9.0,0.0,0.8648,0.0,175.0,1911.0,1079.0,4.01
2226,9.0,0.0,0.863,0.0,183.0,1911.0,1079.0,3.99
2227,9.0,0.0,0.8648,0.0,174.0,1910.0,1079.0,4.13
2228,9.0,0.0,0.8717,1.0,170.0,1912.0,1079.0,3.84
2229,9.0,0.0,0.8843,1.0,160.0,1913.0,1079.0,4.05
2230,9.0,0.0,0.8718,0.0,162.0,1911.0,1079.0,4.07
2231,9.0,0.0,0.8749,0.0,162.0,1913.0,1079.0,3.5
2232,9.0,0.0,0.8738,1.0,164.0,1914.0,1079.0,3.63
2233,9.0,0.0,0.8719,0.0,166.0,1911.0,1079.0,2.94
2234,9.0,0.0,0.8684,0.0,175.0,1911.0,1079.0,3.39
2235,9.0,0.0,0.8691,0.0,180.0,1910.0,1079.0,3.61
2236,9.0,0.0,0.8666,0.0,193.0,1910.0,1079.0,3.7
2237,9.0,0.0,0.8685,0.0,199.0,1910.0,1079.0,3.84
2238,9.0,0.0,0.8667,0.0,203.0,1910.0,1079.0,3.43
2239,9.0,0.0,0.8693,0.0,203.0,1910.0,1079.0,3.53
2240,9.0,0.0,0.8694,0.0,205.0,1911.0,1079.0,3.55
2241,9.0,0.0,0.6339,115.0,136.0,1741.0,1080.0,3.13
2242,9.0,0.0,0.625,148.0,206.0,1854.0,934.0,3.59
2243,9.0,0.0,0.6796,157.0,231.0,1901.0,865.0,3.45
2244,9.0,0.0,0.6611,160.0,246.0,1920.0,898.0,2.42
2245,9.0,0.0,0.6708,162.0,260.0,1920.0,905.0,3.66
2246,9.0,0.0,0.645,161.0,270.0,1920.0,921.0,3.83
2247,9.0,0.0,0.6877,166.0,271.0,1920.0,912.0,4.01
2248,9.0,0.0,0.6428,169.0,282.0,1920.0,903.0,3.98
2249,9.0,0.0,0.6347,169.0,292.0,1920.0,888.0,3.52
2250,9.0,0.0,0.6317,173.0,302.0,1920.0,902.0,3.42
2251,9.0,0.0,0.6271,188.0,294.0,1920.0,882.0,3.26
2252,9.0,0.0,0.6402,202.0,286.0,1920.0,890.0,3.57
2253,9.0,0.0,0.6495,213.0,285.0,1920.0,893.0,3.41
2254,9.0,0.0,0.6562,225.0,301.0,1920.0,900.0,3.37
2255,9.0,0.0,0.675,240.0,310.0,1920.0,904.0,3.42
2256,9.0,0.0,0.6476,254.0,300.0,1920.0,912.0,3.53
2257,9.0,0.0,0.6142,270.0,295.0,1920.0,911.0,3.53
2258,9.0,0.0,0.5655,285.0,291.0,1920.0,941.0,3.34
2259,9.0,0.0,0.5792,297.0,306.0,1919.0,932.0,3.53
2260,9.0,0.0,0.6135,318.0,300.0,1920.0,916.0,3.53
2261,9.0,0.0,0.7001,333.0,286.0,1920.0,929.0,3.37
2262,9.0,0.0,0.657,344.0,282.0,1920.0,936.0,3.37
2263,9.0,0.0,0.6239,363.0,298.0,1904.0,900.0,3.26
2264,9.0,0.0,0.6308,380.0,275.0,1916.0,910.0,2.39
2265,9.0,0.0,0.6576,394.0,275.0,1920.0,903.0,2.71
2266,9.0,0.0,0.6543,403.0,267.0,1920.0,910.0,2.8
2267,9.0,0.0,0.6561,417.0,263.0,1920.0,904.0,4.16
2268,9.0,0.0,0.7187,425.0,248.0,1919.0,898.0,3.6
2269,9.0,0.0,0.7208,433.0,249.0,1919.0,891.0,3.97
2270,9.0,0.0,0.7186,437.0,244.0,1919.0,896.0,4.04
2271,9.0,0.0,0.7369,444.0,237.0,1918.0,919.0,3.96
2272,9.0,0.0,0.7584,462.0,239.0,1916.0,897.0,4.35
2273,9.0,0.0,0.7467,468.0,238.0,1916.0,901.0,3.94
2274,9.0,0.0,0.6648,473.0,238.0,1916.0,885.0,3.41
2275,9.0,0.0,0.6966,476.0,235.0,1914.0,868.0,3.88
2276,9.0,0.0,0.7595,479.0,230.0,1913.0,881.0,4.1
2277,9.0,0.0,0.6503,480.0,221.0,1914.0,897.0,3.87
2278,9.0,0.0,0.631,482.0,221.0,1915.0,896.0,3.87
2279,9.0,0.0,0.6858,483.0,217.0,1915.0,949.0,3.92
2280,9.0,0.0,0.6186,486.0,214.0,1915.0,900.0,3.54
2281,9.0,0.0,0.6493,486.0,201.0,1916.0,947.0,3.39
2282,9.0,0.0,0.5984,478.0,179.0,1915.0,1017.0,3.96
2283,9.0,0.0,0.5673,476.0,165.0,1916.0,1039.0,3.54
2284,9.0,0.0,0.5947,478.0,164.0,1915.0,1024.0,2.97
2285,9.0,0.0,0.5663,489.0,159.0,1914.0,1051.0,3.61
2286,9.0,0.0,0.4855,494.0,154.0,1915.0,1050.0,3.72
2287,9.0,0.0,0.4631,497.0,148.0,1915.0,1067.0,3.87
2288,9.0,0.0,0.4114,497.0,143.0,1916.0,1080.0,3.45
2289,9.0,0.0,0.6119,499.0,148.0,1915.0,1068.0,3.8
2290,9.0,0.0,0.5726,498.0,151.0,1915.0,1066.0,3.83
2291,9.0,0.0,0.5529,498.0,147.0,1915.0,1072.0,3.05
2292,9.0,0.0,0.4729,499.0,144.0,1915.0,1076.0,4.23
2293,9.0,0.0,0.6632,504.0,149.0,1915.0,1065.0,3.99
2294,9.0,0.0,0.7025,508.0,147.0,1916.0,1059.0,3.95
2295,9.0,0.0,0.6509,510.0,147.0,1916.0,1047.0,3.96
2296,9.0,0.0,0.6569,511.0,149.0,1916.0,1054.0,4.4
2297,9.0,0.0,0.7106,513.0,148.0,1916.0,1067.0,4.41
2298,9.0,0.0,0.7129,516.0,152.0,1916.0,1065.0,4.43
2299,9.0,0.0,0.6856,524.0,157.0,1916.0,1034.0,3.9
2300,9.0,0.0,0.7159,525.0,157.0,1916.0,1027.0,4.41
2301,9.0,0.0,0.7277,528.0,161.0,1916.0,1052.0,3.84
2302,9.0,0.0,0.669,528.0,162.0,1916.0,1069.0,4.54
2303,9.0,0.0,0.6559,530.0,163.0,1916.0,1071.0,3.23
2304,9.0,0.0,0.5734,534.0,166.0,1917.0,1061.0,3.53
2305,9.0,0.0,0.675,544.0,166.0,1916.0,1060.0,3.49
2306,9.0,0.0,0.6238,551.0,181.0,1915.0,1032.0,3.73
2307,9.0,0.0,0.6761,559.0,182.0,1914.0,1013.0,3.93
2308,9.0,0.0,0.6305,562.0,190.0,1915.0,1004.0,4.0
2309,9.0,0.0,0.672,567.0,188.0,1914.0,1021.0,3.94
2310,9.0,0.0,0.6357,562.0,188.0,1915.0,1039.0,3.5
2311,9.0,0.0,0.6581,566.0,190.0,1915.0,1038.0,3.45
2312,9.0,0.0,0.7192,563.0,200.0,1916.0,1026.0,3.8
2313,9.0,0.0,0.7487,556.0,203.0,1915.0,1018.0,3.38
2314,9.0,0.0,0.734,548.0,203.0,1915.0,1028.0,3.45
2315,9.0,0.0,0.7452,541.0,207.0,1916.0,1029.0,3.55
2316,9.0,0.0,0.7252,539.0,213.0,1915.0,1007.0,3.74
2317,9.0,0.0,0.7274,538.0,218.0,1914.0,989.0,3.77
2318,9.0,0.0,0.7448,536.0,217.0,1915.0,955.0,3.78
2319,9.0,0.0,0.7028,540.0,224.0,1915.0,969.0,3.9
2320,9.0,0.0,0.7508,535.0,219.0,1915.0,972.0,3.58
2321,9.0,0.0,0.7857,531.0,225.0,1914.0,975.0,2.94
2322,9.0,0.0,0.773,533.0,224.0,1913.0,972.0,2.98
2323,9.0,0.0,0.781,536.0,226.0,1912.0,981.0,3.54
2324,9.0,0.0,0.7464,535.0,225.0,1912.0,989.0,3.57
2325,9.0,0.0,0.723,534.0,225.0,1912.0,976.0,3.88
2326,9.0,0.0,0.7276,532.0,225.0,1912.0,975.0,4.01
2327,9.0,0.0,0.7476,529.0,220.0,1912.0,967.0,3.82
2328,9.0,0.0,0.7565,526.0,221.0,1913.0,963.0,4.02
2329,9.0,0.0,0.7635,521.0,223.0,1912.0,958.0,3.72
2330,9.0,0.0,0.7521,518.0,221.0,1913.0,969.0,3.58
2331,9.0,0.0,0.6612,509.0,197.0,1914.0,1007.0,3.5
2332,9.0,0.0,0.7384,505.0,193.0,1914.0,1024.0,3.62
2333,9.0,0.0,0.7104,506.0,182.0,1915.0,1042.0,3.2
2334,9.0,0.0,0.7087,511.0,175.0,1915.0,1051.0,3.3
2335,9.0,0.0,0.7322,513.0,169.0,1913.0,1058.0,3.38
2336,9.0,0.0,0.7315,512.0,174.0,1914.0,1066.0,3.84
2337,9.0,0.0,0.7061,509.0,176.0,1914.0,1066.0,3.58
2338,9.0,0.0,0.6918,509.0,182.0,1914.0,1061.0,3.37
2339,9.0,0.0,0.7177,513.0,184.0,1914.0,1047.0,3.59
2340,9.0,0.0,0.6986,515.0,184.0,1914.0,1037.0,3.14
2341,9.0,0.0,0.6874,515.0,184.0,1915.0,1035.0,3.48
2342,9.0,0.0,0.6869,517.0,184.0,1914.0,1036.0,3.2
2343,9.0,0.0,0.7044,517.0,180.0,1915.0,1036.0,2.65
2344,9.0,0.0,0.6942,521.0,175.0,1916.0,1036.0,3.55
2345,9.0,0.0,0.6807,519.0,169.0,1916.0,1038.0,3.51
2346,9.0,0.0,0.7209,522.0,167.0,1914.0,1037.0,3.77
2347,9.0,0.0,0.7368,524.0,169.0,1912.0,1033.0,3.84
2348,9.0,0.0,0.7251,526.0,179.0,1911.0,1031.0,3.89
2349,9.0,0.0,0.6562,526.0,184.0,1911.0,1028.0,3.87
2350,9.0,0.0,0.705,526.0,185.0,1912.0,1028.0,3.19
2351,9.0,0.0,0.6776,525.0,183.0,1914.0,1028.0,3.41
2352,9.0,0.0,0.6805,524.0,183.0,1915.0,1032.0,3.51
2353,9.0,0.0,0.6398,525.0,180.0,1915.0,1037.0,3.18
2354,9.0,0.0,0.6152,525.0,172.0,1913.0,1048.0,2.92
2355,9.0,0.0,0.6922,525.0,170.0,1912.0,1047.0,3.67
2356,9.0,0.0,0.7036,524.0,164.0,1913.0,1049.0,3.7
2357,9.0,0.0,0.7081,524.0,164.0,1912.0,1046.0,3.55
2358,9.0,0.0,0.8465,224.0,140.0,1920.0,1016.0,3.49
2359,9.0,0.0,0.8556,74.0,99.0,1915.0,1026.0,3.63
2360,9.0,0.0,0.8576,11.0,87.0,1909.0,1027.0,2.86
2361,9.0,0.0,0.8557,0.0,85.0,1905.0,1021.0,2.69
2362,9.0,0.0,0.8556,0.0,92.0,1897.0,1018.0,4.02
2363,9.0,0.0,0.8553,0.0,92.0,1895.0,1016.0,3.82
2364,9.0,0.0,0.854,0.0,95.0,1887.0,1013.0,3.91
2365,9.0,0.0,0.8557,0.0,92.0,1885.0,1013.0,3.55
2366,9.0,0.0,0.8633,0.0,83.0,1895.0,1014.0,4.0
2367,9.0,0.0,0.866,0.0,79.0,1899.0,1014.0,4.13
2368,9.0,0.0,0.8655,0.0,89.0,1901.0,1014.0,3.85
2369,9.0,0.0,0.865,0.0,101.0,1892.0,1012.0,3.91
2370,9.0,0.0,0.8668,0.0,103.0,1893.0,1008.0,3.6
2371,9.0,0.0,0.8684,0.0,109.0,1891.0,1009.0,3.32
2372,9.0,0.0,0.8667,0.0,116.0,1889.0,1011.0,3.44
2373,9.0,0.0,0.8625,0.0,115.0,1882.0,1013.0,3.04
2374,9.0,0.0,0.865,0.0,110.0,1878.0,1012.0,3.29
2375,9.0,0.0,0.8577,0.0,107.0,1884.0,1010.0,3.47
2376,9.0,0.0,0.8584,0.0,114.0,1881.0,1012.0,3.81
2377,9.0,0.0,0.8554,0.0,114.0,1879.0,1012.0,3.75
2378,9.0,0.0,0.8578,0.0,104.0,1881.0,1011.0,3.77
2379,9.0,0.0,0.862,0.0,105.0,1886.0,1011.0,3.8
2380,9.0,0.0,0.8562,0.0,108.0,1886.0,1012.0,2.94
2381,9.0,0.0,0.8575,0.0,107.0,1885.0,1011.0,3.88
2382,9.0,0.0,0.857,0.0,107.0,1889.0,1010.0,3.94
2383,9.0,0.0,0.8551,0.0,108.0,1888.0,1011.0,3.59
2384,9.0,0.0,0.8577,0.0,103.0,1890.0,1012.0,3.84
2385,9.0,0.0,0.8574,0.0,99.0,1888.0,1011.0,3.86
2386,9.0,0.0,0.8576,0.0,99.0,1887.0,1011.0,4.12
2387,9.0,0.0,0.863,0.0,98.0,1889.0,1011.0,3.76
2388,9.0,0.0,0.8577,0.0,102.0,1892.0,1011.0,3.94
2389,9.0,0.0,0.8567,0.0,101.0,1892.0,1011.0,3.16
2390,9.0,0.0,0.8582,0.0,103.0,1893.0,1012.0,3.76
2391,9.0,0.0,0.8565,0.0,104.0,1895.0,1012.0,3.45
2392,9.0,0.0,0.8575,0.0,111.0,1897.0,1011.0,3.65
2393,9.0,0.0,0.8641,0.0,105.0,1901.0,1010.0,3.31
2394,9.0,0.0,0.8549,0.0,108.0,1899.0,1011.0,3.33
2395,9.0,0.0,0.8582,0.0,104.0,1897.0,1010.0,3.53
2396,9.0,0.0,0.8639,0.0,106.0,1896.0,1008.0,3.75
2397,9.0,0.0,0.866,0.0,108.0,1905.0,1008.0,3.54
2398,9.0,0.0,0.8581,0.0,111.0,1902.0,1008.0,3.75
2399,9.0,0.0,0.8574,0.0,113.0,1902.0,1007.0,3.81
2400,9.0,0.0,0.8663,0.0,112.0,1907.0,1007.0,3.75
2401,9.0,0.0,0.865,0.0,104.0,1907.0,1007.0,3.32
2402,9.0,0.0,0.8649,0.0,106.0,1910.0,1007.0,3.49
2403,9.0,0.0,0.8582,0.0,105.0,1912.0,1005.0,2.45
2404,9.0,0.0,0.8667,0.0,80.0,1910.0,1009.0,3.64
2405,9.0,0.0,0.8634,0.0,77.0,1911.0,1008.0,3.93
2406,9.0,0.0,0.8608,0.0,78.0,1912.0,1009.0,3.29
2407,9.0,0.0,0.5891,0.0,143.0,1920.0,600.0,3.44
2408,9.0,0.0,0.5842,158.0,154.0,1891.0,604.0,3.91
2409,9.0,0.0,0.5879,222.0,157.0,1891.0,640.0,3.92
2410,9.0,0.0,0.5597,259.0,164.0,1900.0,672.0,3.59
2411,9.0,0.0,0.5845,248.0,166.0,1905.0,685.0,3.41
2412,9.0,0.0,0.4704,266.0,166.0,1903.0,689.0,3.46
2413,9.0,0.0,0.575,230.0,159.0,1901.0,937.0,3.23
2414,9.0,0.0,0.6394,191.0,150.0,1899.0,1029.0,3.34
2415,9.0,0.0,0.7183,162.0,145.0,1900.0,1075.0,3.52
2416,9.0,0.0,0.6865,106.0,136.0,1900.0,1080.0,3.77
2417,9.0,0.0,0.6553,81.0,137.0,1898.0,1080.0,3.55
2418,9.0,0.0,0.685,125.0,133.0,1902.0,1080.0,3.63
2419,9.0,0.0,0.7038,113.0,123.0,1905.0,1080.0,3.77
2420,9.0,0.0,0.6353,77.0,129.0,1904.0,1080.0,3.62
2421,9.0,0.0,0.68,47.0,132.0,1906.0,1080.0,2.7
2422,9.0,0.0,0.64,40.0,135.0,1907.0,1080.0,3.89
2423,9.0,0.0,0.5833,45.0,140.0,1908.0,1079.0,3.05
2424,9.0,0.0,0.6649,24.0,139.0,1908.0,1074.0,3.71
2425,9.0,0.0,0.6289,32.0,139.0,1907.0,1052.0,3.97
2426,9.0,0.0,0.6287,28.0,136.0,1906.0,1044.0,4.28
2427,9.0,0.0,0.6302,14.0,138.0,1905.0,1061.0,3.9
2428,9.0,0.0,0.6576,10.0,139.0,1904.0,1070.0,3.93
2429,9.0,0.0,0.664,10.0,112.0,1898.0,1078.0,3.9
2430,9.0,0.0,0.6932,22.0,126.0,1902.0,1071.0,3.8
2431,9.0,0.0,0.664,15.0,134.0,1903.0,1068.0,3.39
2432,9.0,0.0,0.6646,14.0,141.0,1902.0,1065.0,3.69
2433,9.0,0.0,0.7072,9.0,137.0,1903.0,1067.0,3.46
2434,9.0,0.0,0.7398,12.0,139.0,1901.0,1063.0,3.47
2435,9.0,0.0,0.6978,15.0,143.0,1901.0,1062.0,3.61
2436,9.0,0.0,0.6048,37.0,150.0,1902.0,1055.0,3.83
2437,9.0,0.0,0.5723,46.0,151.0,1905.0,1048.0,3.86
2438,9.0,0.0,0.6555,41.0,146.0,1905.0,1046.0,3.7
2439,9.0,0.0,0.5754,74.0,150.0,1908.0,1049.0,3.92
2440,9.0,0.0,0.5239,160.0,148.0,1910.0,995.0,3.64
2441,9.0,0.0,0.5664,199.0,152.0,1903.0,827.0,2.89
2442,9.0,0.0,0.566,213.0,151.0,1907.0,913.0,3.52
2443,9.0,0.0,0.5579,220.0,151.0,1908.0,937.0,2.59
2444,9.0,0.0,0.5486,209.0,152.0,1909.0,959.0,4.03
2445,9.0,0.0,0.5606,213.0,152.0,1909.0,961.0,4.41
2446,9.0,0.0,0.5676,173.0,153.0,1910.0,1022.0,4.39
2447,9.0,0.0,0.5391,145.0,153.0,1910.0,1044.0,4.37
2448,9.0,0.0,0.6747,140.0,154.0,1908.0,1042.0,3.59
2449,9.0,0.0,0.6388,108.0,155.0,1909.0,1048.0,3.93
2450,9.0,0.0,0.6927,76.0,154.0,1909.0,1049.0,3.88
2451,9.0,0.0,0.5567,149.0,152.0,1909.0,1019.0,3.29
2452,9.0,0.0,0.5153,195.0,153.0,1909.0,984.0,3.79
2453,9.0,0.0,0.5465,131.0,153.0,1906.0,1031.0,3.34
2454,9.0,0.0,0.5288,123.0,154.0,1905.0,1047.0,3.43
2455,9.0,0.0,0.5166,117.0,152.0,1907.0,1009.0,3.44
2456,9.0,0.0,0.5613,112.0,154.0,1908.0,989.0,3.7
2457,9.0,0.0,0.5536,152.0,154.0,1908.0,978.0,3.85
2458,9.0,0.0,0.5542,175.0,154.0,1903.0,837.0,3.65
2459,9.0,0.0,0.5492,186.0,154.0,1901.0,781.0,3.58
2460,9.0,0.0,0.5355,194.0,154.0,1900.0,763.0,3.51
2461,9.0,0.0,0.1233,200.0,133.0,1884.0,709.0,3.28
2462,9.0,0.0,0.4734,189.0,146.0,1894.0,740.0,3.33
2463,9.0,0.0,0.6054,221.0,151.0,1899.0,737.0,3.09
2464,9.0,0.0,0.579,241.0,153.0,1906.0,750.0,3.42
2465,9.0,0.0,0.5255,230.0,154.0,1903.0,755.0,3.34
2466,9.0,0.0,0.5207,220.0,154.0,1901.0,761.0,3.79
2467,9.0,0.0,0.5322,220.0,154.0,1901.0,760.0,3.9
2468,9.0,0.0,0.5142,224.0,153.0,1902.0,759.0,3.69
2469,9.0,0.0,0.5212,227.0,153.0,1902.0,761.0,3.81
2470,9.0,0.0,0.5256,230.0,153.0,1902.0,761.0,3.03
2471,9.0,0.0,0.5426,232.0,153.0,1904.0,761.0,2.63
2472,9.0,0.0,0.5201,231.0,154.0,1904.0,758.0,4.22
2473,9.0,0.0,0.547,248.0,154.0,1908.0,763.0,3.98
2474,9.0,0.0,0.5633,260.0,154.0,1911.0,764.0,4.08
2475,9.0,0.0,0.5444,245.0,154.0,1907.0,760.0,3.94
2476,9.0,0.0,0.5137,256.0,153.0,1911.0,878.0,3.71
2477,9.0,0.0,0.5031,254.0,152.0,1912.0,926.0,4.12
2478,9.0,0.0,0.5422,255.0,152.0,1912.0,961.0,4.15
2479,9.0,0.0,0.5453,257.0,152.0,1912.0,976.0,3.73
2480,9.0,0.0,0.5402,253.0,153.0,1912.0,984.0,3.88
2481,9.0,0.0,0.5532,257.0,153.0,1913.0,982.0,3.5
2482,9.0,0.0,0.536,251.0,153.0,1912.0,992.0,3.76
2483,9.0,0.0,0.552,250.0,152.0,1912.0,977.0,3.57
2484,,,,,,,,3.1
2485,,,,,,,,3.59
2486,,,,,,,,3.7
2487,,,,,,,,3.8
2488,,,,,,,,3.75
2489,,,,,,,,3.65
2490,,,,,,,,3.83
2491,,,,,,,,2.68
2492,,,,,,,,2.72
2493,,,,,,,,2.75
2494,,,,,,,,3.69
2495,,,,,,,,4.02
2496,,,,,,,,4.08
2497,,,,,,,,4.0
2498,,,,,,,,4.11
2499,,,,,,,,3.88
2500,,,,,,,,3.66
2501,,,,,,,,3.5
2502,,,,,,,,3.55
2503,,,,,,,,3.55
2504,,,,,,,,3.32
2505,,,,,,,,3.43
2506,,,,,,,,3.6
2507,,,,,,,,3.7
2508,,,,,,,,4.1
2509,,,,,,,,3.15
2510,,,,,,,,4.17
2511,,,,,,,,3.34
2512,,,,,,,,3.88
2513,,,,,,,,3.53
2514,,,,,,,,3.57
2515,,,,,,,,3.93
2516,,,,,,,,4.18
2517,,,,,,,,3.76
2518,,,,,,,,3.88
2519,,,,,,,,3.83
2520,,,,,,,,3.56
2521,,,,,,,,3.5
2522,,,,,,,,3.67
2523,,,,,,,,3.26
2524,,,,,,,,3.33
2525,,,,,,,,3.61
2526,,,,,,,,3.86
2527,,,,,,,,3.53
2528,,,,,,,,3.39
2529,,,,,,,,3.68
2530,,,,,,,,3.52
2531,,,,,,,,3.29
2532,,,,,,,,2.79
2533,,,,,,,,3.66
2534,,,,,,,,3.66
2535,,,,,,,,3.75
2536,,,,,,,,3.99
2537,,,,,,,,3.93
2538,,,,,,,,4.14
2539,,,,,,,,3.71
2540,,,,,,,,3.67
2541,,,,,,,,3.4
2542,,,,,,,,3.79
2543,,,,,,,,3.42
2544,,,,,,,,3.36
2545,,,,,,,,3.45
2546,,,,,,,,3.42
2547,,,,,,,,3.54
2548,,,,,,,,3.82
2549,,,,,,,,3.88
2550,,,,,,,,2.91
2551,,,,,,,,3.57
2552,,,,,,,,3.73
2553,,,,,,,,3.92
2554,,,,,,,,3.69
2555,,,,,,,,3.82
2556,,,,,,,,4.27
2557,,,,,,,,4.13
2558,,,,,,,,4.15
2559,,,,,,,,4.0
2560,,,,,,,,3.92
2561,,,,,,,,3.55
2562,,,,,,,,3.95
2563,,,,,,,,3.52
2564,,,,,,,,3.34
2565,,,,,,,,3.77
2566,,,,,,,,4.28
2567,,,,,,,,4.06
2568,,,,,,,,4.2
2569,,,,,,,,4.05
2570,,,,,,,,3.95
2571,,,,,,,,3.82
2572,,,,,,,,3.55
2573,,,,,,,,3.56
2574,,,,,,,,3.7
2575,,,,,,,,3.76
2576,,,,,,,,4.01
2577,,,,,,,,4.09
2578,,,,,,,,4.13
2579,,,,,,,,4.03
2580,,,,,,,,3.18
2581,,,,,,,,3.93
2582,,,,,,,,3.82
2583,,,,,,,,3.72
2584,,,,,,,,4.17
2585,,,,,,,,4.3
2586,,,,,,,,4.76
2587,,,,,,,,4.33
2588,,,,,,,,4.58
2589,,,,,,,,4.6
2590,,,,,,,,3.85
2591,,,,,,,,4.42
2592,,,,,,,,4.4
2593,,,,,,,,4.47
2594,,,,,,,,4.05
2595,,,,,,,,4.45
2596,,,,,,,,4.49
2597,,,,,,,,4.49
2598,,,,,,,,4.46
2599,,,,,,,,4.01
2600,,,,,,,,4.37
2601,,,,,,,,3.55
2602,,,,,,,,4.12
2603,,,,,,,,3.65
2604,,,,,,,,3.72
2605,,,,,,,,3.8
2606,,,,,,,,3.97
2607,,,,,,,,3.87
2608,,,,,,,,4.01
2609,,,,,,,,3.95
2610,,,,,,,,3.69
2611,,,,,,,,3.64
2612,,,,,,,,3.89
2613,,,,,,,,3.42
2614,,,,,,,,3.65
2615,,,,,,,,3.66
2616,,,,,,,,4.16
2617,,,,,,,,3.38
2618,,,,,,,,4.11
2619,,,,,,,,4.17
2620,,,,,,,,4.27
2621,,,,,,,,3.25
2622,,,,,,,,3.91
2623,,,,,,,,3.58
2624,,,,,,,,3.67
2625,,,,,,,,3.78
2626,,,,,,,,3.51
2627,,,,,,,,3.13
2628,,,,,,,,4.46
2629,,,,,,,,4.06
2630,,,,,,,,4.43
2631,,,,,,,,4.07
2632,,,,,,,,4.33
2633,,,,,,,,3.79
2634,,,,,,,,4.09
2635,,,,,,,,3.77
2636,,,,,,,,4.09
2637,,,,,,,,4.09
2638,,,,,,,,4.23
2639,,,,,,,,3.9
2640,,,,,,,,3.83
2641,,,,,,,,3.0
2642,,,,,,,,3.82
2643,,,,,,,,3.49
2644,,,,,,,,3.57
2645,,,,,,,,3.81
2646,,,,,,,,3.81
2647,,,,,,,,4.17
2648,,,,,,,,3.93
2649,,,,,,,,3.91
2650,,,,,,,,4.19
2651,,,,,,,,3.55
2652,,,,,,,,4.08
2653,,,,,,,,3.42
2654,,,,,,,,3.68
2655,,,,,,,,3.66
2656,,,,,,,,4.17
2657,,,,,,,,3.97
2658,,,,,,,,3.22
2659,11.0,0.0,0.8656,0.0,174.0,1914.0,1079.0,3.82
2660,11.0,0.0,0.8615,0.0,173.0,1914.0,1079.0,3.54
2661,11.0,0.0,0.8655,0.0,176.0,1915.0,1079.0,3.17
2662,11.0,0.0,0.8706,0.0,176.0,1914.0,1078.0,3.54
2663,11.0,0.0,0.876,0.0,172.0,1913.0,1076.0,2.69
2664,11.0,0.0,0.8702,0.0,169.0,1912.0,1076.0,2.55
2665,11.0,0.0,0.8732,0.0,169.0,1916.0,1073.0,3.69
2666,11.0,0.0,0.8748,0.0,176.0,1913.0,1074.0,3.69
2667,11.0,0.0,0.8769,0.0,179.0,1916.0,1073.0,4.0
2668,11.0,0.0,0.8687,0.0,181.0,1914.0,1069.0,3.93
2669,11.0,0.0,0.8809,0.0,184.0,1913.0,1072.0,4.03
2670,11.0,0.0,0.8726,0.0,178.0,1913.0,1075.0,3.78
2671,11.0,0.0,0.867,0.0,181.0,1914.0,1075.0,3.58
2672,11.0,0.0,0.867,0.0,183.0,1917.0,1075.0,3.68
2673,11.0,0.0,0.8619,0.0,179.0,1916.0,1077.0,2.75
2674,11.0,0.0,0.8832,0.0,173.0,1913.0,1074.0,3.01
2675,11.0,0.0,0.8609,0.0,170.0,1916.0,1076.0,3.82
2676,11.0,0.0,0.8617,0.0,169.0,1917.0,1074.0,3.77
2677,11.0,0.0,0.8714,0.0,172.0,1914.0,1077.0,4.05
2678,11.0,0.0,0.8473,0.0,178.0,1914.0,1066.0,4.04
2679,11.0,0.0,0.8417,0.0,182.0,1915.0,1059.0,4.0
2680,11.0,0.0,0.8519,0.0,168.0,1915.0,1059.0,3.53
2681,11.0,0.0,0.8707,1.0,158.0,1916.0,1063.0,3.29
2682,11.0,0.0,0.8712,1.0,134.0,1917.0,1051.0,3.53
2683,11.0,0.0,0.8672,0.0,128.0,1915.0,1051.0,3.1
2684,11.0,0.0,0.8651,0.0,115.0,1914.0,1035.0,3.19
2685,11.0,0.0,0.8535,0.0,99.0,1913.0,1053.0,3.39
2686,11.0,0.0,0.8468,0.0,85.0,1913.0,1038.0,3.43
2687,11.0,0.0,0.8532,0.0,75.0,1911.0,1032.0,3.65
2688,11.0,0.0,0.8505,0.0,68.0,1912.0,1043.0,3.63
2689,11.0,0.0,0.8373,0.0,64.0,1908.0,1046.0,3.67
2690,11.0,0.0,0.8161,0.0,61.0,1906.0,1050.0,3.33
2691,11.0,0.0,0.8191,0.0,51.0,1894.0,1069.0,2.26
2692,11.0,0.0,0.7783,0.0,51.0,1887.0,1067.0,3.67
2693,11.0,0.0,0.6733,0.0,45.0,1815.0,1065.0,3.57
2694,11.0,0.0,0.6987,0.0,45.0,1762.0,1059.0,3.67
2695,11.0,0.0,0.5853,0.0,36.0,1722.0,1056.0,3.72
2696,11.0,0.0,0.5502,4.0,16.0,1781.0,1072.0,3.67
2697,11.0,0.0,0.5597,1.0,39.0,1546.0,1048.0,3.77
2698,11.0,0.0,0.5911,0.0,35.0,1453.0,1047.0,3.71
2699,11.0,0.0,0.6903,0.0,34.0,1407.0,1050.0,3.72
2700,11.0,0.0,0.7474,0.0,29.0,1375.0,1055.0,3.44
2701,11.0,0.0,0.7089,0.0,23.0,1365.0,1057.0,3.36
2702,11.0,0.0,0.5563,20.0,6.0,1726.0,1072.0,3.58
2703,11.0,0.0,0.7036,9.0,22.0,1469.0,1054.0,3.2
2704,11.0,0.0,0.6728,3.0,25.0,1339.0,1046.0,3.23
2705,11.0,0.0,0.5911,1.0,28.0,1283.0,1045.0,3.5
2706,11.0,0.0,0.6795,3.0,8.0,1706.0,1068.0,3.5
2707,11.0,0.0,0.549,7.0,1.0,1846.0,1076.0,3.71
2708,11.0,0.0,0.5123,77.0,0.0,1905.0,1079.0,3.26
2709,11.0,0.0,0.702,30.0,14.0,1445.0,1050.0,3.36
2710,11.0,0.0,0.6638,9.0,17.0,1248.0,1037.0,3.67
2711,11.0,0.0,0.666,2.0,19.0,1190.0,1030.0,2.54
2712,11.0,0.0,0.5827,0.0,21.0,1163.0,1030.0,4.27
2713,11.0,0.0,0.7001,0.0,22.0,1152.0,1029.0,4.0
2714,11.0,0.0,0.6802,0.0,23.0,1140.0,1028.0,3.93
2715,11.0,0.0,0.6794,0.0,25.0,1145.0,1029.0,3.97
2716,11.0,0.0,0.66,0.0,27.0,1137.0,1030.0,4.05
2717,11.0,0.0,0.5256,0.0,26.0,1128.0,1033.0,4.25
2718,11.0,0.0,0.5402,6.0,9.0,1656.0,1063.0,4.27
2719,11.0,0.0,0.6138,2.0,21.0,1376.0,1047.0,3.9
2720,11.0,0.0,0.5717,0.0,29.0,1220.0,1041.0,3.11
2721,11.0,0.0,0.7151,0.0,31.0,1142.0,1038.0,3.49
2722,,,,,,,,3.13
2723,,,,,,,,3.36
2724,,,,,,,,3.49
2725,,,,,,,,3.37
2726,,,,,,,,3.68
2727,,,,,,,,3.73
2728,,,,,,,,3.69
2729,,,,,,,,3.57
2730,,,,,,,,3.49
2731,,,,,,,,3.41
2732,,,,,,,,3.62
2733,,,,,,,,2.51
2734,,,,,,,,4.13
2735,,,,,,,,4.18
2736,,,,,,,,4.07
2737,,,,,,,,4.34
2738,,,,,,,,4.33
2739,,,,,,,,4.21
2740,,,,,,,,4.21
2741,,,,,,,,3.64
2742,,,,,,,,3.79
2743,,,,,,,,3.37
2744,,,,,,,,3.37
2745,,,,,,,,3.5
2746,,,,,,,,3.8
2747,,,,,,,,3.85
2748,,,,,,,,3.86
2749,,,,,,,,3.8
2750,11.0,0.0,0.5105,109.0,51.0,1541.0,1007.0,3.75
2751,11.0,0.0,0.1919,127.0,55.0,1435.0,965.0,3.32
2752,11.0,0.0,0.577,109.0,36.0,1744.0,988.0,3.72
2753,11.0,0.0,0.5151,102.0,41.0,1812.0,983.0,3.39
2754,11.0,0.0,0.5346,91.0,50.0,1846.0,1002.0,3.1
2755,11.0,0.0,0.6357,63.0,65.0,1881.0,1030.0,3.69
2756,11.0,0.0,0.7071,32.0,78.0,1893.0,1042.0,3.65
2757,11.0,0.0,0.6156,17.0,96.0,1894.0,1025.0,3.75
2758,11.0,0.0,0.4603,10.0,106.0,1820.0,1013.0,3.73
2759,11.0,0.0,0.3509,6.0,126.0,1753.0,1033.0,3.79
2760,11.0,0.0,0.4992,2.0,139.0,1740.0,1032.0,3.66
2761,11.0,0.0,0.38,1.0,123.0,1624.0,1032.0,2.76
2762,11.0,0.0,0.4994,2.0,135.0,1767.0,1049.0,2.86
2763,11.0,0.0,0.4186,1.0,138.0,1585.0,1048.0,3.64
2764,11.0,0.0,0.4487,2.0,144.0,1727.0,1062.0,3.51
2765,11.0,0.0,0.3762,0.0,127.0,1593.0,1072.0,3.9
2766,11.0,0.0,0.3868,0.0,134.0,1503.0,1058.0,4.0
2767,11.0,0.0,0.3288,2.0,142.0,1624.0,1059.0,4.01
2768,11.0,0.0,0.4511,0.0,153.0,1550.0,1040.0,3.88
2769,11.0,0.0,0.5158,0.0,159.0,1432.0,978.0,3.8
2770,11.0,0.0,0.5845,1.0,168.0,1365.0,948.0,3.58
2771,11.0,0.0,0.5202,0.0,178.0,1343.0,959.0,3.24
2772,11.0,0.0,0.5755,0.0,192.0,1330.0,969.0,3.71
2773,11.0,0.0,0.2101,6.0,171.0,1345.0,981.0,3.33
2774,11.0,0.0,0.4054,5.0,160.0,1402.0,1014.0,3.4
2775,11.0,0.0,0.7113,2.0,84.0,1359.0,1017.0,3.49
2776,11.0,0.0,0.6538,1.0,39.0,1352.0,1010.0,3.7
2777,11.0,0.0,0.5467,3.0,49.0,1679.0,1006.0,3.73
2778,11.0,0.0,0.7162,2.0,43.0,1518.0,971.0,3.2
2779,11.0,0.0,0.5664,1.0,50.0,1442.0,982.0,3.78
2780,11.0,0.0,0.5817,3.0,31.0,1559.0,948.0,3.54
2781,11.0,0.0,0.3699,14.0,62.0,1465.0,936.0,3.03
2782,11.0,0.0,0.5757,9.0,29.0,1440.0,932.0,3.08
2783,11.0,0.0,0.3155,11.0,44.0,1612.0,929.0,2.53
2784,11.0,0.0,0.4152,10.0,43.0,1671.0,915.0,3.55
2785,11.0,0.0,0.4933,454.0,83.0,1686.0,887.0,3.93
2786,11.0,0.0,0.2597,646.0,65.0,1735.0,896.0,3.97
2787,,,,,,,,3.88
2788,,,,,,,,3.9
2789,,,,,,,,3.97
2790,,,,,,,,3.88
2791,,,,,,,,3.14
2792,,,,,,,,3.15
2793,,,,,,,,2.63
2794,,,,,,,,3.72
2795,,,,,,,,3.48
2796,,,,,,,,3.92
2797,,,,,,,,3.9
2798,,,,,,,,3.97
2799,,,,,,,,3.95
2800,,,,,,,,3.93
2801,,,,,,,,3.48
2802,,,,,,,,3.72
2803,,,,,,,,3.4
2804,,,,,,,,3.42
2805,,,,,,,,3.56
2806,,,,,,,,3.55
2807,,,,,,,,2.9
2808,,,,,,,,4.07
2809,,,,,,,,4.07
2810,,,,,,,,4.07
2811,,,,,,,,3.69
2812,,,,,,,,3.94
2813,,,,,,,,3.1
2814,,,,,,,,3.38
2815,,,,,,,,3.65
2816,,,,,,,,3.67
2817,,,,,,,,3.75
2818,,,,,,,,3.52
2819,,,,,,,,3.69
2820,,,,,,,,3.78
2821,,,,,,,,3.32
2822,,,,,,,,3.5
2823,13.0,0.0,0.6718,198.0,0.0,1889.0,968.0,3.18
2824,13.0,0.0,0.6971,252.0,0.0,1894.0,925.0,3.06
2825,13.0,0.0,0.595,263.0,0.0,1916.0,926.0,3.66
2826,13.0,0.0,0.5841,268.0,0.0,1920.0,914.0,3.69
2827,13.0,0.0,0.441,336.0,0.0,1920.0,902.0,2.9
2828,13.0,0.0,0.1961,127.0,0.0,1920.0,855.0,3.73
2829,13.0,0.0,0.8781,6.0,98.0,1908.0,1023.0,3.69
2830,13.0,0.0,0.8773,0.0,151.0,1906.0,1065.0,3.78
2831,13.0,0.0,0.8693,0.0,164.0,1906.0,1079.0,3.7
2832,13.0,0.0,0.8729,0.0,166.0,1907.0,1080.0,4.0
2833,13.0,0.0,0.8646,0.0,168.0,1908.0,1080.0,3.6
2834,13.0,0.0,0.8604,0.0,164.0,1909.0,1080.0,3.56
2835,13.0,0.0,0.8616,0.0,167.0,1910.0,1080.0,3.53
2836,13.0,0.0,0.8657,0.0,161.0,1911.0,1080.0,3.85
2837,13.0,0.0,0.8594,0.0,154.0,1911.0,1080.0,3.7
2838,13.0,0.0,0.8572,0.0,152.0,1912.0,1080.0,3.47
2839,13.0,0.0,0.8523,0.0,153.0,1912.0,1080.0,3.71
2840,13.0,0.0,0.8553,0.0,156.0,1913.0,1080.0,3.69
2841,13.0,0.0,0.8546,0.0,158.0,1913.0,1080.0,3.38
2842,13.0,0.0,0.8551,0.0,161.0,1913.0,1080.0,4.23
2843,13.0,0.0,0.8517,0.0,162.0,1913.0,1080.0,3.96
2844,13.0,0.0,0.8529,0.0,163.0,1914.0,1080.0,3.96
2845,13.0,0.0,0.8478,0.0,164.0,1915.0,1080.0,3.95
2846,13.0,0.0,0.8561,0.0,168.0,1915.0,1080.0,4.34
2847,13.0,0.0,0.8442,0.0,176.0,1916.0,1080.0,4.35
2848,13.0,0.0,0.8565,0.0,189.0,1918.0,1080.0,3.61
2849,13.0,0.0,0.8463,0.0,187.0,1917.0,1080.0,4.04
2850,13.0,0.0,0.837,0.0,202.0,1919.0,1080.0,4.3
2851,13.0,0.0,0.8443,0.0,190.0,1920.0,1080.0,3.87
2852,13.0,0.0,0.8365,0.0,205.0,1920.0,1080.0,4.26
2853,13.0,0.0,0.8255,0.0,218.0,1920.0,1080.0,3.86
2854,13.0,0.0,0.8236,0.0,211.0,1920.0,1080.0,3.87
2855,13.0,0.0,0.8125,0.0,218.0,1920.0,1080.0,3.58
2856,13.0,0.0,0.7941,0.0,227.0,1920.0,1080.0,4.01
2857,13.0,0.0,0.7817,0.0,216.0,1920.0,1080.0,3.97
2858,13.0,0.0,0.7612,0.0,215.0,1920.0,1080.0,3.91
2859,13.0,0.0,0.76,0.0,220.0,1920.0,1080.0,3.7
2860,13.0,0.0,0.5372,0.0,241.0,1915.0,1031.0,2.88
2861,,,,,,,,3.4
2862,13.0,0.0,0.469,0.0,325.0,1918.0,1071.0,3.35
2863,13.0,0.0,0.1635,0.0,82.0,1920.0,1063.0,2.9
2864,,,,,,,,2.94
2865,,,,,,,,3.92
2866,,,,,,,,4.19
2867,,,,,,,,4.27
2868,,,,,,,,4.38
2869,,,,,,,,3.96
2870,,,,,,,,4.24
2871,,,,,,,,4.07
2872,,,,,,,,4.55
2873,,,,,,,,4.37
2874,13.0,0.0,0.1526,10.0,1.0,1869.0,897.0,3.56
2875,,,,,,,,4.3
2876,13.0,0.0,0.2381,5.0,0.0,1870.0,979.0,4.18
2877,13.0,0.0,0.1737,2.0,0.0,1885.0,874.0,4.27
2878,13.0,0.0,0.2362,0.0,0.0,1881.0,838.0,4.05
2879,13.0,0.0,0.1711,6.0,0.0,1873.0,815.0,4.36
2880,13.0,0.0,0.2242,5.0,0.0,1885.0,802.0,4.39
2881,13.0,0.0,0.2522,8.0,0.0,1887.0,956.0,3.92
2882,13.0,0.0,0.212,7.0,0.0,1896.0,1031.0,3.87
2883,13.0,0.0,0.3023,0.0,0.0,1900.0,1065.0,3.97
2884,13.0,0.0,0.3063,0.0,0.0,1890.0,1054.0,3.65
2885,13.0,0.0,0.1379,0.0,0.0,1897.0,1077.0,3.15
2886,13.0,0.0,0.1064,0.0,14.0,1893.0,1080.0,3.87
2887,13.0,0.0,0.1376,0.0,3.0,1889.0,1080.0,3.83
2888,,,,,,,,3.99
2889,,,,,,,,3.86
2890,,,,,,,,4.25
2891,,,,,,,,3.29
2892,,,,,,,,3.64
2893,,,,,,,,3.32
2894,,,,,,,,3.45
2895,,,,,,,,3.59
2896,,,,,,,,3.6
2897,,,,,,,,2.97
2898,,,,,,,,4.16
2899,14.0,0.0,0.5472,1.0,0.0,1368.0,830.0,3.92
2900,14.0,0.0,0.6741,1.0,0.0,1295.0,825.0,4.14
2901,14.0,0.0,0.6745,0.0,0.0,1306.0,818.0,3.8
2902,14.0,0.0,0.543,1.0,0.0,1370.0,831.0,3.89
2903,14.0,0.0,0.4695,1.0,0.0,1392.0,846.0,3.48
2904,14.0,0.0,0.5768,0.0,0.0,1358.0,842.0,3.34
2905,14.0,0.0,0.6003,0.0,0.0,1333.0,831.0,3.54
2906,14.0,0.0,0.6578,0.0,0.0,1291.0,823.0,3.55
2907,14.0,0.0,0.6813,0.0,0.0,1264.0,811.0,3.71
2908,14.0,0.0,0.7052,0.0,0.0,1242.0,806.0,3.76
2909,14.0,0.0,0.6225,0.0,0.0,1295.0,807.0,3.64
2910,14.0,0.0,0.6375,0.0,0.0,1291.0,809.0,3.55
2911,14.0,0.0,0.6029,0.0,0.0,1317.0,818.0,3.4
2912,14.0,0.0,0.6682,0.0,0.0,1340.0,824.0,3.54
2913,14.0,0.0,0.5884,0.0,0.0,1297.0,826.0,3.14
2914,14.0,0.0,0.6747,0.0,0.0,1261.0,810.0,3.2
2915,14.0,0.0,0.5557,0.0,0.0,1279.0,819.0,3.61
2916,14.0,0.0,0.5637,0.0,0.0,1260.0,809.0,3.54
2917,14.0,0.0,0.4865,0.0,0.0,1271.0,819.0,3.2
2918,14.0,0.0,0.5653,0.0,0.0,1245.0,806.0,2.92
2919,14.0,0.0,0.6237,0.0,0.0,1251.0,815.0,2.66
2920,14.0,0.0,0.5726,0.0,0.0,1273.0,814.0,4.02
2921,14.0,0.0,0.4783,1.0,0.0,1357.0,836.0,3.51
2922,14.0,0.0,0.6153,0.0,0.0,1280.0,818.0,3.88
2923,14.0,0.0,0.6243,0.0,0.0,1300.0,818.0,3.63
2924,14.0,0.0,0.5426,0.0,0.0,1363.0,847.0,3.58
2925,14.0,0.0,0.6522,0.0,0.0,1376.0,860.0,3.69
2926,14.0,0.0,0.6482,5.0,0.0,1357.0,847.0,3.69
2927,14.0,0.0,0.6329,3.0,0.0,1354.0,841.0,3.82
2928,14.0,0.0,0.612,1.0,0.0,1331.0,824.0,3.8
2929,14.0,0.0,0.5961,1.0,0.0,1318.0,822.0,3.43
2930,14.0,0.0,0.5357,3.0,0.0,1422.0,846.0,3.76
2931,14.0,0.0,0.5778,1.0,0.0,1433.0,852.0,3.41
2932,14.0,0.0,0.4195,1.0,0.0,1442.0,862.0,3.67
2933,14.0,0.0,0.3188,0.0,0.0,1461.0,853.0,3.41
2934,14.0,0.0,0.5198,0.0,0.0,1441.0,863.0,3.48
2935,14.0,0.0,0.5414,0.0,0.0,1398.0,855.0,3.46
2936,14.0,0.0,0.4725,0.0,0.0,1315.0,849.0,3.23
2937,14.0,0.0,0.5841,0.0,0.0,1313.0,849.0,3.76
2938,14.0,0.0,0.6474,0.0,0.0,1342.0,847.0,3.81
2939,14.0,0.0,0.6205,0.0,0.0,1343.0,843.0,2.77
2940,14.0,0.0,0.1423,0.0,0.0,1281.0,811.0,4.13
2941,14.0,0.0,0.4942,1.0,0.0,1508.0,867.0,3.73
2942,14.0,0.0,0.5655,0.0,0.0,1537.0,922.0,4.12
2943,14.0,0.0,0.5573,0.0,0.0,1434.0,900.0,3.77
2944,14.0,0.0,0.6169,0.0,0.0,1350.0,882.0,3.81
2945,14.0,0.0,0.6741,0.0,0.0,1292.0,876.0,3.88
2946,14.0,0.0,0.6721,0.0,0.0,1368.0,874.0,3.66
2947,14.0,0.0,0.672,0.0,0.0,1365.0,879.0,3.95
2948,14.0,0.0,0.6526,0.0,0.0,1321.0,888.0,3.91
2949,14.0,0.0,0.6101,0.0,0.0,1310.0,877.0,3.88
2950,14.0,0.0,0.6328,0.0,0.0,1276.0,860.0,3.62
2951,14.0,0.0,0.625,0.0,0.0,1260.0,844.0,3.5
2952,14.0,0.0,0.6694,0.0,0.0,1263.0,862.0,3.78
2953,14.0,0.0,0.6229,0.0,0.0,1290.0,868.0,3.11
2954,14.0,0.0,0.6127,0.0,0.0,1295.0,893.0,3.01
2955,14.0,0.0,0.6365,0.0,0.0,1290.0,865.0,3.65
2956,14.0,0.0,0.6605,0.0,0.0,1251.0,862.0,3.73
2957,14.0,0.0,0.6066,0.0,0.0,1261.0,892.0,3.76
2958,14.0,0.0,0.5091,0.0,0.0,1255.0,884.0,3.79
2959,14.0,0.0,0.5962,0.0,0.0,1269.0,879.0,3.81
2960,14.0,0.0,0.6757,0.0,0.0,1293.0,916.0,3.28
2961,14.0,0.0,0.1702,0.0,0.0,1317.0,955.0,3.26
2962,,,,,,,,3.13
2963,14.0,0.0,0.1414,0.0,0.0,1350.0,970.0,2.88
2964,,,,,,,,3.97
2965,14.0,0.0,0.4918,0.0,0.0,1312.0,969.0,3.71
2966,14.0,0.0,0.4168,0.0,0.0,1272.0,984.0,3.76
2967,14.0,0.0,0.5107,0.0,0.0,1254.0,982.0,3.95
2968,,,,,,,,4.25
2969,14.0,0.0,0.1337,0.0,0.0,1226.0,994.0,3.8
2970,14.0,0.0,0.215,0.0,0.0,1204.0,987.0,3.46
2971,14.0,0.0,0.404,0.0,0.0,1192.0,990.0,2.99
2972,14.0,0.0,0.2889,0.0,0.0,1150.0,1001.0,2.88
2973,14.0,0.0,0.493,0.0,0.0,1130.0,1007.0,2.83
2974,14.0,0.0,0.6697,0.0,0.0,1146.0,991.0,3.41
2975,14.0,0.0,0.7754,0.0,0.0,1179.0,992.0,3.07
2976,14.0,0.0,0.3485,0.0,0.0,1202.0,1008.0,3.75
2977,14.0,0.0,0.5002,0.0,0.0,1180.0,1000.0,3.94
2978,14.0,0.0,0.4336,0.0,0.0,1181.0,993.0,4.05
2979,14.0,0.0,0.1335,0.0,0.0,1180.0,978.0,3.93
2980,14.0,0.0,0.1747,0.0,0.0,1135.0,986.0,3.99
2981,,,,,,,,3.76
2982,,,,,,,,4.19
2983,,,,,,,,3.35
2984,,,,,,,,3.71
2985,14.0,0.0,0.1677,0.0,0.0,1161.0,994.0,3.46
2986,14.0,0.0,0.4321,0.0,0.0,1154.0,985.0,3.72
2987,14.0,0.0,0.3072,0.0,0.0,1139.0,996.0,3.81
2988,14.0,0.0,0.4059,0.0,0.0,1129.0,1013.0,3.57
2989,14.0,0.0,0.3928,0.0,0.0,1139.0,991.0,3.78
2990,14.0,0.0,0.5245,0.0,0.0,1143.0,976.0,3.31
2991,14.0,0.0,0.4544,0.0,0.0,1115.0,926.0,3.31
2992,14.0,0.0,0.2924,0.0,0.0,1092.0,964.0,3.69
2993,14.0,0.0,0.4619,0.0,0.0,1091.0,965.0,3.18
2994,14.0,0.0,0.5887,0.0,0.0,1087.0,965.0,3.49
2995,14.0,0.0,0.5726,0.0,0.0,1080.0,967.0,3.64
2996,14.0,0.0,0.6069,0.0,0.0,1082.0,964.0,3.71
2997,14.0,0.0,0.6619,0.0,0.0,1111.0,932.0,3.76
2998,14.0,0.0,0.5918,0.0,0.0,1106.0,951.0,2.9
2999,14.0,0.0,0.6159,0.0,0.0,1124.0,914.0,3.02
3000,14.0,0.0,0.572,0.0,0.0,1122.0,891.0,4.02
3001,14.0,0.0,0.6124,0.0,0.0,1136.0,891.0,3.68
3002,,,,,,,,3.63
3003,,,,,,,,3.39
3004,,,,,,,,3.64
3005,,,,,,,,3.27
3006,,,,,,,,3.84
3007,,,,,,,,3.88
3008,,,,,,,,3.77
3009,,,,,,,,3.71
3010,,,,,,,,2.8
3011,,,,,,,,2.89
3012,,,,,,,,3.88
3013,,,,,,,,3.7
3014,,,,,,,,4.07
3015,,,,,,,,3.66
3016,,,,,,,,3.71
3017,,,,,,,,3.6
3018,,,,,,,,3.42
3019,,,,,,,,3.39
3020,,,,,,,,3.54
3021,14.0,0.0,0.5131,75.0,169.0,1904.0,984.0,3.23
3022,14.0,0.0,0.5532,33.0,216.0,1532.0,1021.0,2.54
3023,14.0,0.0,0.6652,13.0,227.0,1388.0,1026.0,3.56
3024,14.0,0.0,0.6241,4.0,201.0,1699.0,1034.0,3.44
3025,14.0,0.0,0.4934,2.0,170.0,1825.0,1021.0,3.84
3026,14.0,0.0,0.3582,5.0,168.0,1869.0,985.0,3.62
3027,14.0,0.0,0.5209,69.0,196.0,1575.0,957.0,3.9
3028,14.0,0.0,0.3455,22.0,206.0,1461.0,966.0,3.87
3029,14.0,0.0,0.5853,10.0,110.0,1773.0,1024.0,3.58
3030,14.0,0.0,0.3609,74.0,72.0,1879.0,1034.0,3.54
3031,14.0,0.0,0.5538,56.0,60.0,1920.0,1064.0,3.44
3032,14.0,0.0,0.507,61.0,45.0,1920.0,1075.0,3.46
3033,14.0,0.0,0.6677,84.0,108.0,1920.0,1080.0,3.02
3034,14.0,0.0,0.6432,129.0,173.0,1920.0,1080.0,3.17
3035,14.0,0.0,0.5276,196.0,176.0,1920.0,1072.0,3.01
3036,14.0,0.0,0.4381,214.0,105.0,1920.0,1060.0,3.66
3037,14.0,0.0,0.3081,229.0,34.0,1920.0,1069.0,3.92
3038,14.0,0.0,0.2986,224.0,13.0,1919.0,1072.0,3.78
3039,14.0,0.0,0.3137,194.0,16.0,1920.0,1077.0,3.33
3040,14.0,0.0,0.138,173.0,11.0,1920.0,1080.0,4.08
3041,14.0,0.0,0.2242,188.0,5.0,1920.0,1080.0,3.66
3042,14.0,0.0,0.5086,223.0,33.0,1917.0,1080.0,3.61
3043,14.0,0.0,0.2089,252.0,9.0,1920.0,1080.0,3.21
3044,14.0,0.0,0.1479,269.0,91.0,1920.0,1075.0,3.14
3045,14.0,0.0,0.223,272.0,119.0,1920.0,1071.0,3.5
3046,,,,,,,,3.79
3047,,,,,,,,4.11
3048,,,,,,,,4.05
3049,,,,,,,,4.15
3050,,,,,,,,3.83
3051,,,,,,,,3.58
3052,,,,,,,,3.91
3053,,,,,,,,3.45
3054,,,,,,,,3.26
3055,,,,,,,,3.82
3056,,,,,,,,3.45
3057,,,,,,,,3.34
3058,,,,,,,,3.16
3059,,,,,,,,3.22
3060,,,,,,,,4.39
3061,,,,,,,,4.13
3062,,,,,,,,4.4
3063,,,,,,,,3.93
3064,,,,,,,,4.0
3065,,,,,,,,4.01
3066,,,,,,,,4.36
3067,,,,,,,,4.01
3068,,,,,,,,4.23
3069,,,,,,,,4.02
3070,,,,,,,,4.1
3071,,,,,,,,3.53
3072,,,,,,,,3.97
3073,,,,,,,,3.27
3074,,,,,,,,3.69
3075,,,,,,,,3.14
3076,,,,,,,,3.8
3077,,,,,,,,4.21
3078,,,,,,,,3.58
3079,,,,,,,,3.16
3080,,,,,,,,3.09
3081,,,,,,,,2.85
3082,,,,,,,,4.09
3083,,,,,,,,3.88
3084,,,,,,,,3.74
3085,,,,,,,,3.83
3086,,,,,,,,4.23
3087,,,,,,,,4.01
3088,,,,,,,,3.6
3089,,,,,,,,3.77
3090,,,,,,,,3.9
3091,,,,,,,,3.53
3092,,,,,,,,3.35
3093,,,,,,,,3.27
3094,,,,,,,,3.54
3095,,,,,,,,3.8
3096,,,,,,,,3.65
3097,,,,,,,,3.82
3098,,,,,,,,3.92
3099,,,,,,,,3.73
3100,,,,,,,,3.88
3101,,,,,,,,3.47
3102,,,,,,,,3.23
3103,,,,,,,,3.21
3104,,,,,,,,2.52
3105,,,,,,,,3.69
3106,,,,,,,,3.92
3107,,,,,,,,3.87
3108,,,,,,,,4.05
3109,,,,,,,,4.05
3110,,,,,,,,3.44
3111,,,,,,,,3.4
3112,,,,,,,,3.46
3113,,,,,,,,3.42
3114,,,,,,,,3.37
3115,,,,,,,,3.67
3116,,,,,,,,4.12
3117,,,,,,,,4.03
3118,,,,,,,,3.84
3119,,,,,,,,3.91
3120,,,,,,,,3.14
3121,,,,,,,,2.66
3122,,,,,,,,3.62
3123,,,,,,,,3.73
3124,,,,,,,,3.61
3125,,,,,,,,3.92
3126,,,,,,,,4.02
3127,,,,,,,,3.34
3128,,,,,,,,3.02
3129,,,,,,,,3.86
3130,,,,,,,,3.91
3131,,,,,,,,3.87
3132,,,,,,,,4.05
3133,,,,,,,,3.79
3134,,,,,,,,3.76
3135,,,,,,,,3.67
3136,,,,,,,,3.68
3137,,,,,,,,3.87
3138,,,,,,,,3.79
3139,,,,,,,,3.8
3140,,,,,,,,3.53
3141,,,,,,,,3.54
3142,,,,,,,,3.54
3143,15.0,0.0,0.6192,697.0,0.0,1909.0,961.0,3.16
3144,15.0,0.0,0.4756,677.0,0.0,1900.0,928.0,3.21
3145,15.0,0.0,0.3092,668.0,0.0,1902.0,922.0,3.41
3146,,,,,,,,3.86
3147,15.0,0.0,0.187,646.0,0.0,1882.0,838.0,3.65
3148,15.0,0.0,0.1021,254.0,0.0,1883.0,1004.0,3.68
3149,15.0,0.0,0.1635,91.0,3.0,1875.0,1058.0,3.56
3150,15.0,0.0,0.2839,10.0,5.0,1890.0,1080.0,3.76
3151,15.0,0.0,0.198,0.0,6.0,1886.0,1080.0,2.62
3152,15.0,0.0,0.258,0.0,6.0,1908.0,1080.0,2.71
3153,15.0,0.0,0.3122,0.0,7.0,1912.0,1080.0,3.65
3154,15.0,0.0,0.2026,0.0,10.0,1914.0,1080.0,3.7
3155,15.0,0.0,0.4006,0.0,11.0,1902.0,1080.0,4.17
3156,15.0,0.0,0.5375,348.0,15.0,1920.0,1080.0,3.71
3157,15.0,0.0,0.3155,513.0,17.0,1920.0,1080.0,4.1
3158,15.0,0.0,0.5243,177.0,12.0,1723.0,1080.0,4.13
3159,15.0,0.0,0.398,59.0,6.0,1656.0,1080.0,3.83
3160,15.0,0.0,0.3346,4.0,4.0,1615.0,1080.0,3.72
3161,15.0,0.0,0.5909,0.0,0.0,1555.0,1080.0,3.4
3162,15.0,0.0,0.6172,0.0,0.0,1532.0,1080.0,3.16
3163,15.0,0.0,0.611,0.0,0.0,1501.0,1080.0,3.17
3164,15.0,0.0,0.567,0.0,0.0,1493.0,1080.0,3.33
3165,15.0,0.0,0.536,0.0,0.0,1458.0,1080.0,3.65
3166,15.0,0.0,0.4267,0.0,0.0,1435.0,1080.0,3.49
3167,15.0,0.0,0.4085,0.0,0.0,1424.0,1080.0,3.72
3168,15.0,0.0,0.482,5.0,2.0,1413.0,1080.0,3.13
3169,15.0,0.0,0.4675,10.0,5.0,1378.0,1080.0,3.18
3170,15.0,0.0,0.4206,9.0,8.0,1365.0,1080.0,3.38
3171,15.0,0.0,0.3021,9.0,8.0,1331.0,1077.0,2.68
3172,15.0,0.0,0.4352,29.0,8.0,1311.0,1073.0,2.71
3173,15.0,0.0,0.329,20.0,8.0,1268.0,1070.0,3.85
3174,15.0,0.0,0.3928,19.0,0.0,1209.0,1061.0,3.96
3175,15.0,0.0,0.2157,0.0,0.0,1144.0,1060.0,4.13
3176,15.0,0.0,0.3785,0.0,0.0,1099.0,1065.0,4.51
3177,15.0,0.0,0.2615,0.0,0.0,1056.0,1075.0,4.52
3178,15.0,0.0,0.4895,0.0,0.0,1032.0,1080.0,4.39
3179,15.0,0.0,0.4569,0.0,0.0,988.0,1080.0,3.51
3180,15.0,0.0,0.4754,0.0,0.0,961.0,1076.0,3.87
3181,15.0,0.0,0.4222,0.0,0.0,935.0,1077.0,4.02
3182,15.0,0.0,0.4709,0.0,6.0,909.0,1080.0,4.45
3183,15.0,0.0,0.4283,0.0,9.0,876.0,1080.0,3.64
3184,15.0,0.0,0.2251,3.0,8.0,834.0,1077.0,3.79
3185,,,,,,,,3.8
3186,,,,,,,,4.22
3187,,,,,,,,3.67
3188,,,,,,,,3.13
3189,,,,,,,,3.57
3190,,,,,,,,3.35
3191,,,,,,,,3.47
3192,,,,,,,,3.63
3193,,,,,,,,3.63
3194,,,,,,,,3.29
3195,,,,,,,,3.55
3196,,,,,,,,3.68
3197,,,,,,,,3.9
3198,,,,,,,,3.65
3199,,,,,,,,3.94
3200,,,,,,,,3.48
3201,16.0,0.0,0.7196,103.0,60.0,1896.0,1048.0,3.54
3202,16.0,0.0,0.7108,43.0,61.0,1891.0,1041.0,3.66
3203,16.0,0.0,0.7625,25.0,50.0,1892.0,1037.0,3.22
3204,16.0,0.0,0.7388,35.0,44.0,1882.0,1039.0,3.15
3205,16.0,0.0,0.7199,61.0,39.0,1893.0,1044.0,3.19
3206,16.0,0.0,0.7945,62.0,35.0,1898.0,1048.0,2.93
3207,16.0,0.0,0.7823,54.0,30.0,1892.0,1044.0,3.0
3208,16.0,0.0,0.8115,30.0,29.0,1889.0,1057.0,4.11
3209,16.0,0.0,0.802,29.0,14.0,1888.0,1044.0,4.13
3210,16.0,0.0,0.7841,26.0,0.0,1884.0,1052.0,3.8
3211,16.0,0.0,0.766,19.0,0.0,1889.0,1062.0,3.8
3212,16.0,0.0,0.7237,20.0,0.0,1890.0,1062.0,4.06
3213,16.0,0.0,0.6824,8.0,0.0,1904.0,1047.0,3.59
3214,16.0,0.0,0.5754,23.0,26.0,1912.0,1065.0,3.47
3215,16.0,0.0,0.5872,14.0,35.0,1911.0,1076.0,3.49
3216,16.0,0.0,0.7237,8.0,33.0,1909.0,1058.0,3.84
3217,16.0,0.0,0.7636,2.0,20.0,1909.0,1057.0,3.58
3218,16.0,0.0,0.6992,13.0,8.0,1905.0,1062.0,3.73
3219,16.0,0.0,0.6594,6.0,8.0,1902.0,1077.0,3.62
3220,16.0,0.0,0.6706,3.0,9.0,1900.0,1080.0,3.54
3221,16.0,0.0,0.6946,1.0,8.0,1902.0,1080.0,3.35
3222,16.0,0.0,0.6145,0.0,8.0,1903.0,1080.0,3.55
3223,16.0,0.0,0.6065,5.0,7.0,1906.0,1080.0,3.12
3224,16.0,0.0,0.4702,8.0,9.0,1913.0,1080.0,3.19
3225,16.0,0.0,0.5352,0.0,9.0,1914.0,1080.0,3.56
3226,16.0,0.0,0.362,0.0,14.0,1913.0,1080.0,3.8
3227,16.0,0.0,0.6112,0.0,21.0,1913.0,1080.0,3.23
3228,16.0,0.0,0.7244,0.0,26.0,1915.0,1079.0,3.09
3229,16.0,0.0,0.7075,0.0,45.0,1914.0,1078.0,3.01
3230,16.0,0.0,0.7044,1.0,49.0,1911.0,1078.0,3.76
3231,16.0,0.0,0.6889,1.0,54.0,1909.0,1078.0,3.82
3232,16.0,0.0,0.5456,4.0,75.0,1909.0,1077.0,4.39
3233,16.0,0.0,0.5527,5.0,47.0,1873.0,1049.0,3.84
3234,16.0,0.0,0.608,10.0,67.0,1890.0,1066.0,3.91
3235,16.0,0.0,0.5694,10.0,46.0,1900.0,1072.0,3.9
3236,16.0,0.0,0.5824,6.0,32.0,1855.0,1075.0,3.91
3237,16.0,0.0,0.5401,5.0,17.0,1845.0,1069.0,3.69
3238,16.0,0.0,0.6239,5.0,12.0,1848.0,1074.0,3.98
3239,16.0,0.0,0.6404,5.0,40.0,1879.0,1075.0,3.9
3240,16.0,0.0,0.7423,5.0,49.0,1892.0,1076.0,3.88
3241,16.0,0.0,0.6856,6.0,50.0,1904.0,1076.0,3.46
3242,16.0,0.0,0.7349,4.0,53.0,1901.0,1076.0,3.79
3243,16.0,0.0,0.7519,4.0,65.0,1902.0,1076.0,3.33
3244,16.0,0.0,0.7809,4.0,82.0,1904.0,1077.0,3.33
3245,16.0,0.0,0.7421,3.0,78.0,1903.0,1078.0,3.61
3246,16.0,0.0,0.7439,3.0,115.0,1902.0,1078.0,3.79
3247,16.0,0.0,0.6826,2.0,104.0,1905.0,1078.0,3.72
3248,16.0,0.0,0.706,1.0,68.0,1909.0,1078.0,3.56
3249,16.0,0.0,0.6968,1.0,61.0,1912.0,1078.0,3.65
3250,16.0,0.0,0.717,0.0,58.0,1910.0,1078.0,3.75
3251,16.0,0.0,0.713,0.0,61.0,1901.0,1078.0,3.25
3252,16.0,0.0,0.725,0.0,53.0,1908.0,1079.0,3.4
3253,16.0,0.0,0.7222,0.0,47.0,1911.0,1079.0,3.25
3254,16.0,0.0,0.7273,0.0,29.0,1910.0,1079.0,3.16
3255,16.0,0.0,0.6816,0.0,14.0,1912.0,1079.0,3.69
3256,16.0,0.0,0.6937,0.0,17.0,1887.0,1079.0,3.78
3257,16.0,0.0,0.7503,0.0,5.0,1905.0,1080.0,3.68
3258,16.0,0.0,0.8005,0.0,2.0,1915.0,1080.0,2.97
3259,16.0,0.0,0.7328,0.0,4.0,1916.0,1080.0,4.22
3260,16.0,0.0,0.7584,0.0,0.0,1919.0,1080.0,4.07
3261,16.0,0.0,0.6846,1.0,0.0,1917.0,1080.0,3.67
3262,16.0,0.0,0.6712,2.0,0.0,1909.0,1080.0,4.04
3263,16.0,0.0,0.7149,4.0,9.0,1917.0,1080.0,3.69
3264,16.0,0.0,0.5561,4.0,25.0,1920.0,1079.0,3.72
3265,16.0,0.0,0.6832,0.0,1.0,1920.0,1079.0,3.56
3266,16.0,0.0,0.6272,0.0,5.0,1919.0,1079.0,3.23
3267,16.0,0.0,0.7227,451.0,24.0,1916.0,1077.0,3.68
3268,16.0,0.0,0.6534,648.0,67.0,1917.0,1074.0,3.54
3269,16.0,0.0,0.6083,186.0,58.0,1913.0,1080.0,3.74
3270,16.0,0.0,0.7568,61.0,77.0,1911.0,1080.0,3.72
3271,16.0,0.0,0.7689,10.0,57.0,1909.0,1076.0,3.3
3272,16.0,0.0,0.7201,0.0,41.0,1910.0,1080.0,3.72
3273,16.0,0.0,0.6226,0.0,72.0,1907.0,1080.0,3.33
3274,16.0,0.0,0.5701,0.0,124.0,1909.0,1073.0,3.29
3275,16.0,0.0,0.6434,0.0,125.0,1908.0,1059.0,3.49
3276,16.0,0.0,0.7047,0.0,127.0,1905.0,1062.0,3.63
3277,16.0,0.0,0.6427,0.0,144.0,1904.0,1068.0,3.79
3278,16.0,0.0,0.6009,0.0,181.0,1904.0,1073.0,3.42
3279,16.0,0.0,0.5676,0.0,255.0,1901.0,1071.0,3.77
3280,16.0,0.0,0.4939,2.0,286.0,1892.0,1061.0,3.89
3281,16.0,0.0,0.5482,2.0,297.0,1899.0,1071.0,3.43
3282,16.0,0.0,0.5791,3.0,303.0,1900.0,1075.0,3.69
3283,16.0,0.0,0.6074,2.0,302.0,1906.0,1076.0,2.92
3284,16.0,0.0,0.6093,1.0,311.0,1900.0,1076.0,2.74
3285,16.0,0.0,0.6033,4.0,301.0,1898.0,1077.0,3.03
3286,16.0,0.0,0.5952,5.0,307.0,1898.0,1077.0,3.09
3287,16.0,0.0,0.6177,6.0,314.0,1896.0,1077.0,4.01
3288,16.0,0.0,0.645,8.0,330.0,1893.0,1077.0,4.13
3289,16.0,0.0,0.583,11.0,322.0,1891.0,1078.0,4.18
3290,16.0,0.0,0.6311,12.0,296.0,1865.0,1078.0,4.01
3291,16.0,0.0,0.6207,14.0,264.0,1845.0,1078.0,3.56
3292,16.0,0.0,0.6116,13.0,250.0,1842.0,1078.0,4.1
3293,16.0,0.0,0.5549,13.0,246.0,1827.0,1078.0,3.82
3294,16.0,0.0,0.5655,13.0,227.0,1822.0,1079.0,3.93
3295,16.0,0.0,0.5847,13.0,217.0,1815.0,1079.0,3.31
3296,16.0,0.0,0.5953,12.0,215.0,1821.0,1079.0,4.51
3297,16.0,0.0,0.4828,9.0,176.0,1877.0,1079.0,4.34
3298,16.0,0.0,0.492,10.0,193.0,1823.0,1079.0,4.24
3299,16.0,0.0,0.5615,14.0,223.0,1822.0,1079.0,3.91
3300,16.0,0.0,0.5151,14.0,246.0,1879.0,1079.0,4.44
3301,16.0,0.0,0.4483,13.0,182.0,1830.0,1079.0,3.9
3302,16.0,0.0,0.4513,16.0,198.0,1827.0,1079.0,4.02
3303,16.0,0.0,0.515,15.0,217.0,1836.0,1079.0,3.91
3304,16.0,0.0,0.4775,17.0,223.0,1834.0,1079.0,3.78
3305,16.0,0.0,0.4349,17.0,212.0,1829.0,1079.0,3.74
3306,16.0,0.0,0.2016,15.0,296.0,1881.0,1077.0,3.88
3307,16.0,0.0,0.1629,14.0,330.0,1901.0,1076.0,3.99
3308,16.0,0.0,0.1404,30.0,350.0,1912.0,1076.0,4.01
3309,16.0,0.0,0.4275,18.0,234.0,1859.0,1078.0,3.78
3310,16.0,0.0,0.4519,13.0,232.0,1881.0,1079.0,3.67
3311,16.0,0.0,0.451,11.0,245.0,1888.0,1079.0,3.52
3312,16.0,0.0,0.4482,13.0,256.0,1890.0,1079.0,3.85
3313,16.0,0.0,0.468,13.0,267.0,1894.0,1080.0,3.36
3314,16.0,0.0,0.4295,12.0,242.0,1894.0,1080.0,3.44
3315,16.0,0.0,0.4189,11.0,236.0,1894.0,1080.0,3.53
3316,16.0,0.0,0.4836,9.0,240.0,1900.0,1080.0,3.79
3317,16.0,0.0,0.4478,9.0,241.0,1895.0,1080.0,3.73
3318,16.0,0.0,0.2,8.0,303.0,1903.0,1074.0,3.88
3319,16.0,0.0,0.219,9.0,329.0,1909.0,1077.0,3.77
3320,16.0,0.0,0.4115,10.0,301.0,1904.0,1079.0,3.28
3321,16.0,0.0,0.3918,14.0,296.0,1900.0,1079.0,3.49
3322,16.0,0.0,0.197,207.0,60.0,1873.0,997.0,3.38
3323,16.0,0.0,0.3147,192.0,19.0,1905.0,998.0,2.39
3324,16.0,0.0,0.4578,154.0,2.0,1919.0,970.0,3.94
3325,16.0,0.0,0.6371,122.0,0.0,1920.0,973.0,4.21
3326,16.0,0.0,0.5859,149.0,0.0,1920.0,1008.0,4.31
3327,16.0,0.0,0.6963,137.0,0.0,1920.0,1001.0,4.01
3328,16.0,0.0,0.6763,151.0,0.0,1920.0,995.0,4.42
3329,16.0,0.0,0.7082,150.0,0.0,1920.0,1026.0,4.12
3330,16.0,0.0,0.496,154.0,0.0,1920.0,1011.0,4.36
3331,16.0,0.0,0.3731,192.0,0.0,1920.0,1016.0,3.62
3332,16.0,0.0,0.4734,191.0,0.0,1920.0,1014.0,3.8
3333,16.0,0.0,0.5843,217.0,0.0,1920.0,1001.0,3.55
3334,16.0,0.0,0.5327,178.0,0.0,1920.0,1006.0,3.32
3335,16.0,0.0,0.2951,205.0,0.0,1918.0,1018.0,3.4
3336,16.0,0.0,0.5665,215.0,0.0,1916.0,1026.0,3.83
3337,16.0,0.0,0.1971,237.0,16.0,1919.0,976.0,3.39
3338,16.0,0.0,0.1039,249.0,25.0,1920.0,984.0,3.49
3339,,,,,,,,3.82
3340,16.0,0.0,0.1537,239.0,11.0,1919.0,1022.0,3.54
3341,16.0,0.0,0.2184,229.0,3.0,1919.0,1040.0,3.22
3342,,,,,,,,3.79
3343,,,,,,,,3.43
3344,,,,,,,,3.41
3345,,,,,,,,3.22
3346,,,,,,,,4.39
3347,,,,,,,,4.41
3348,,,,,,,,4.08
3349,,,,,,,,4.32
3350,,,,,,,,4.48
3351,,,,,,,,3.99
3352,,,,,,,,4.17
3353,,,,,,,,3.82
3354,16.0,0.0,0.118,150.0,0.0,1920.0,1030.0,3.27
3355,16.0,0.0,0.2724,120.0,9.0,1917.0,1068.0,3.24
3356,16.0,0.0,0.1559,93.0,45.0,1913.0,1080.0,3.68
3357,16.0,0.0,0.2333,87.0,44.0,1912.0,1080.0,3.81
3358,16.0,0.0,0.219,68.0,40.0,1913.0,1080.0,3.72
3359,16.0,0.0,0.3406,69.0,21.0,1912.0,1080.0,3.72
3360,16.0,0.0,0.3017,88.0,22.0,1913.0,1080.0,3.75
3361,16.0,0.0,0.5609,95.0,20.0,1911.0,1080.0,3.59
3362,16.0,0.0,0.5202,68.0,16.0,1913.0,1080.0,3.54
3363,16.0,0.0,0.5578,104.0,15.0,1912.0,1080.0,3.31
3364,16.0,0.0,0.4879,73.0,28.0,1912.0,1080.0,3.34
3365,16.0,0.0,0.552,79.0,27.0,1913.0,1080.0,3.39
3366,16.0,0.0,0.6107,55.0,26.0,1913.0,1080.0,3.73
3367,16.0,0.0,0.4998,47.0,25.0,1913.0,1080.0,3.61
3368,16.0,0.0,0.5829,86.0,26.0,1914.0,1080.0,3.81
3369,16.0,0.0,0.3399,55.0,15.0,1913.0,1080.0,3.46
3370,16.0,0.0,0.1655,69.0,19.0,1914.0,1080.0,3.74
3371,16.0,0.0,0.1951,49.0,12.0,1912.0,1080.0,2.66
3372,16.0,0.0,0.2166,69.0,20.0,1904.0,1073.0,3.62
3373,16.0,0.0,0.3347,78.0,20.0,1908.0,1077.0,3.53
3374,16.0,0.0,0.6048,90.0,24.0,1912.0,1079.0,3.65
3375,16.0,0.0,0.5712,73.0,16.0,1912.0,1079.0,3.56
3376,16.0,0.0,0.4807,89.0,17.0,1913.0,1079.0,3.87
3377,16.0,0.0,0.513,69.0,13.0,1911.0,1079.0,4.04
3378,16.0,0.0,0.494,48.0,10.0,1910.0,1079.0,3.78
3379,16.0,0.0,0.5505,46.0,16.0,1907.0,1079.0,3.49
3380,16.0,0.0,0.4876,50.0,25.0,1898.0,1078.0,3.57
3381,16.0,0.0,0.6462,41.0,22.0,1894.0,1078.0,3.34
3382,16.0,0.0,0.6492,39.0,22.0,1900.0,1079.0,3.49
3383,16.0,0.0,0.6814,25.0,17.0,1905.0,1079.0,3.18
3384,16.0,0.0,0.6644,24.0,19.0,1898.0,1079.0,3.09
3385,16.0,0.0,0.7044,31.0,13.0,1907.0,1080.0,3.57
3386,16.0,0.0,0.7099,27.0,3.0,1902.0,1080.0,3.72
3387,16.0,0.0,0.7161,31.0,0.0,1903.0,1080.0,3.67
3388,16.0,0.0,0.7624,42.0,0.0,1906.0,1080.0,3.76
3389,16.0,0.0,0.7285,21.0,15.0,1901.0,1080.0,2.96
3390,,,,,,,,3.15
3391,,,,,,,,3.6
3392,,,,,,,,3.58
3393,16.0,0.0,0.1056,49.0,62.0,1907.0,1080.0,3.83
3394,16.0,0.0,0.1414,59.0,56.0,1905.0,1066.0,4.09
3395,16.0,0.0,0.2791,105.0,105.0,1885.0,1036.0,3.94
3396,16.0,0.0,0.3335,116.0,125.0,1892.0,1050.0,4.24
3397,16.0,0.0,0.1412,127.0,97.0,1895.0,1033.0,4.28
3398,,,,,,,,4.7
3399,,,,,,,,4.75
3400,,,,,,,,4.43
3401,,,,,,,,4.32
3402,,,,,,,,4.76
3403,,,,,,,,4.39
3404,,,,,,,,4.24
3405,,,,,,,,4.32
3406,,,,,,,,4.13
3407,16.0,0.0,0.1176,226.0,51.0,1910.0,1063.0,3.91
3408,,,,,,,,3.98
3409,,,,,,,,3.86
3410,,,,,,,,4.37
3411,16.0,0.0,0.1347,313.0,11.0,1918.0,1016.0,3.54
3412,16.0,0.0,0.1941,345.0,0.0,1918.0,986.0,3.78
3413,16.0,0.0,0.1794,355.0,0.0,1918.0,983.0,3.42
3414,16.0,0.0,0.122,355.0,3.0,1917.0,961.0,3.38
3415,16.0,0.0,0.2508,360.0,5.0,1916.0,995.0,3.46
3416,16.0,0.0,0.3571,364.0,10.0,1914.0,1014.0,3.86
3417,16.0,0.0,0.2709,370.0,14.0,1916.0,1022.0,3.89
3418,16.0,0.0,0.2493,366.0,18.0,1917.0,1022.0,3.78
3419,16.0,0.0,0.2359,371.0,13.0,1917.0,1025.0,3.86
3420,16.0,0.0,0.1845,368.0,16.0,1918.0,1012.0,3.84
3421,16.0,0.0,0.1651,374.0,20.0,1919.0,999.0,3.35
3422,16.0,0.0,0.2606,367.0,19.0,1919.0,991.0,3.32
3423,16.0,0.0,0.1733,355.0,21.0,1919.0,966.0,3.29
3424,16.0,0.0,0.2173,361.0,21.0,1919.0,974.0,3.43
3425,16.0,0.0,0.4246,358.0,14.0,1919.0,1006.0,3.54
3426,16.0,0.0,0.291,344.0,13.0,1918.0,969.0,2.96
3427,16.0,0.0,0.4721,335.0,21.0,1918.0,985.0,3.95
3428,16.0,0.0,0.444,339.0,15.0,1918.0,1008.0,4.14
3429,16.0,0.0,0.3021,326.0,22.0,1919.0,982.0,4.14
3430,16.0,0.0,0.6003,253.0,6.0,1914.0,1013.0,4.11
3431,16.0,0.0,0.4256,211.0,0.0,1916.0,1025.0,3.7
3432,16.0,0.0,0.4642,188.0,0.0,1912.0,1023.0,3.83
3433,16.0,0.0,0.4473,185.0,0.0,1910.0,1023.0,3.57
3434,16.0,0.0,0.5319,193.0,0.0,1911.0,1026.0,3.63
3435,16.0,0.0,0.5388,211.0,0.0,1911.0,1030.0,3.22
3436,16.0,0.0,0.5442,202.0,0.0,1909.0,1029.0,3.51
3437,16.0,0.0,0.5387,186.0,0.0,1910.0,1031.0,3.41
3438,16.0,0.0,0.5679,206.0,0.0,1910.0,1025.0,3.69
3439,16.0,0.0,0.6625,217.0,11.0,1915.0,1024.0,3.4
3440,16.0,0.0,0.5333,210.0,3.0,1911.0,1027.0,3.58
3441,16.0,0.0,0.4151,203.0,14.0,1916.0,1025.0,3.29
3442,16.0,0.0,0.2533,198.0,3.0,1912.0,1027.0,2.61
3443,16.0,0.0,0.3391,193.0,0.0,1913.0,1025.0,2.51
3444,16.0,0.0,0.449,199.0,0.0,1911.0,1027.0,3.68
3445,16.0,0.0,0.3462,163.0,13.0,1916.0,1015.0,3.68
3446,16.0,0.0,0.3127,146.0,10.0,1919.0,994.0,4.01
3447,16.0,0.0,0.6426,170.0,1.0,1917.0,1019.0,3.99
3448,16.0,0.0,0.6525,197.0,0.0,1919.0,1033.0,4.05
3449,16.0,0.0,0.6199,209.0,0.0,1917.0,1034.0,4.0
3450,16.0,0.0,0.3301,150.0,9.0,1918.0,1019.0,4.0
3451,16.0,0.0,0.1996,131.0,18.0,1919.0,998.0,3.49
3452,16.0,0.0,0.5355,113.0,9.0,1920.0,1007.0,3.53
3453,16.0,0.0,0.6067,164.0,3.0,1916.0,1026.0,3.34
3454,16.0,0.0,0.457,177.0,1.0,1915.0,1029.0,3.35
3455,16.0,0.0,0.513,161.0,1.0,1918.0,1009.0,3.52
3456,16.0,0.0,0.4813,159.0,1.0,1918.0,1024.0,3.67
3457,16.0,0.0,0.3615,159.0,1.0,1919.0,1043.0,3.82
3458,16.0,0.0,0.3748,159.0,1.0,1915.0,1027.0,3.92
3459,16.0,0.0,0.5855,134.0,0.0,1916.0,989.0,3.52
3460,16.0,0.0,0.6465,149.0,9.0,1918.0,996.0,3.79
3461,16.0,0.0,0.5241,165.0,4.0,1914.0,1008.0,3.2
3462,16.0,0.0,0.6392,164.0,1.0,1913.0,1021.0,2.5
3463,16.0,0.0,0.6827,157.0,0.0,1915.0,1022.0,2.6
3464,16.0,0.0,0.7249,151.0,9.0,1918.0,1019.0,3.73
3465,16.0,0.0,0.7459,119.0,16.0,1918.0,1011.0,3.72
3466,16.0,0.0,0.7007,124.0,22.0,1920.0,998.0,4.11
3467,16.0,0.0,0.7558,156.0,20.0,1920.0,1008.0,3.96
3468,16.0,0.0,0.7397,162.0,7.0,1916.0,1024.0,4.11
3469,16.0,0.0,0.7107,145.0,3.0,1914.0,1031.0,3.99
3470,16.0,0.0,0.6813,148.0,0.0,1914.0,1035.0,4.03
3471,16.0,0.0,0.2671,24.0,45.0,1920.0,907.0,3.16
3472,16.0,0.0,0.2558,15.0,4.0,1920.0,903.0,3.48
3473,16.0,0.0,0.1912,11.0,0.0,1919.0,939.0,3.31
3474,16.0,0.0,0.2568,8.0,0.0,1919.0,921.0,3.45
3475,16.0,0.0,0.2301,7.0,0.0,1919.0,930.0,3.41
3476,16.0,0.0,0.2723,6.0,0.0,1918.0,933.0,3.84
3477,16.0,0.0,0.3149,7.0,0.0,1919.0,933.0,3.76
3478,16.0,0.0,0.3549,8.0,0.0,1919.0,937.0,3.36
3479,16.0,0.0,0.3,6.0,0.0,1919.0,889.0,3.74
3480,16.0,0.0,0.2948,4.0,0.0,1919.0,871.0,3.6
3481,16.0,0.0,0.2411,6.0,0.0,1919.0,916.0,3.31
3482,16.0,0.0,0.2258,8.0,0.0,1919.0,936.0,3.47
3483,16.0,0.0,0.1516,10.0,0.0,1919.0,953.0,3.41
3484,16.0,0.0,0.1272,8.0,0.0,1919.0,925.0,2.56
3485,16.0,0.0,0.1186,8.0,0.0,1919.0,912.0,3.78
3486,16.0,0.0,0.1549,8.0,0.0,1919.0,910.0,4.06
3487,16.0,0.0,0.1924,13.0,0.0,1919.0,938.0,4.04
3488,16.0,0.0,0.1881,9.0,0.0,1918.0,941.0,4.07
3489,16.0,0.0,0.2067,6.0,0.0,1918.0,920.0,4.02
3490,16.0,0.0,0.3829,6.0,0.0,1918.0,950.0,4.17
3491,16.0,0.0,0.3013,5.0,0.0,1918.0,970.0,3.65
3492,16.0,0.0,0.5215,4.0,0.0,1919.0,976.0,3.64
3493,16.0,0.0,0.4782,5.0,0.0,1919.0,943.0,3.44
3494,16.0,0.0,0.4541,5.0,0.0,1919.0,949.0,3.33
3495,16.0,0.0,0.4297,5.0,0.0,1919.0,957.0,3.42
3496,16.0,0.0,0.3849,6.0,0.0,1917.0,930.0,3.57
3497,16.0,0.0,0.3482,6.0,0.0,1918.0,915.0,3.69
3498,16.0,0.0,0.3975,6.0,0.0,1918.0,927.0,3.86
3499,16.0,0.0,0.2598,7.0,0.0,1917.0,907.0,3.47
3500,16.0,0.0,0.355,8.0,0.0,1917.0,887.0,3.0
3501,16.0,0.0,0.5292,3.0,0.0,1915.0,883.0,3.71
3502,16.0,0.0,0.5157,2.0,0.0,1918.0,887.0,3.59
3503,16.0,0.0,0.5318,6.0,0.0,1919.0,893.0,3.67
3504,16.0,0.0,0.7784,17.0,0.0,1916.0,887.0,3.6
3505,16.0,0.0,0.7891,14.0,0.0,1915.0,885.0,3.63
3506,16.0,0.0,0.8246,28.0,0.0,1916.0,887.0,3.76
3507,16.0,0.0,0.7588,45.0,0.0,1918.0,877.0,3.9
3508,16.0,0.0,0.7559,51.0,0.0,1917.0,879.0,3.81
3509,16.0,0.0,0.703,113.0,0.0,1920.0,865.0,3.65
3510,16.0,0.0,0.7435,147.0,0.0,1920.0,868.0,3.73
3511,16.0,0.0,0.7583,196.0,0.0,1920.0,872.0,3.38
3512,16.0,0.0,0.8072,265.0,0.0,1920.0,875.0,3.7
3513,16.0,0.0,0.7611,294.0,0.0,1920.0,876.0,2.73
3514,16.0,0.0,0.572,156.0,0.0,1920.0,876.0,3.35
3515,16.0,0.0,0.7252,101.0,0.0,1919.0,882.0,3.43
3516,16.0,0.0,0.2593,50.0,0.0,1908.0,954.0,3.69
3517,16.0,0.0,0.2117,30.0,0.0,1902.0,971.0,3.8
3518,16.0,0.0,0.625,6.0,0.0,1218.0,936.0,3.83
3519,16.0,0.0,0.2542,0.0,0.0,937.0,904.0,3.66
3520,16.0,0.0,0.6101,0.0,5.0,947.0,880.0,3.63
3521,16.0,0.0,0.6056,0.0,0.0,949.0,885.0,
3521,17.0,0.0,0.7067,975.0,0.0,1919.0,886.0,3.31
3522,16.0,0.0,0.6822,0.0,0.0,980.0,856.0,
3522,17.0,0.0,0.6306,997.0,0.0,1919.0,878.0,2.69
3523,16.0,0.0,0.1735,0.0,0.0,1047.0,883.0,
3523,17.0,0.0,0.6305,223.0,0.0,1918.0,912.0,3.73
3524,16.0,0.0,0.4016,0.0,0.0,1125.0,898.0,
3524,17.0,0.0,0.5363,21.0,0.0,1916.0,916.0,3.73
3525,16.0,0.0,0.2639,0.0,0.0,1105.0,918.0,
3525,17.0,0.0,0.6025,0.0,0.0,1918.0,938.0,3.99
3526,16.0,0.0,0.4479,0.0,0.0,1139.0,918.0,
3526,17.0,0.0,0.6397,552.0,0.0,1918.0,884.0,3.99
3527,16.0,0.0,0.3312,0.0,0.0,1145.0,934.0,
3527,17.0,0.0,0.5225,179.0,0.0,1917.0,927.0,4.1
3528,16.0,0.0,0.2817,0.0,0.0,1179.0,934.0,
3528,17.0,0.0,0.4964,150.0,0.0,1916.0,941.0,4.17
3529,17.0,0.0,0.5313,142.0,0.0,1918.0,938.0,3.78
3530,17.0,0.0,0.5249,191.0,0.0,1918.0,935.0,3.21
3531,17.0,0.0,0.4423,103.0,0.0,1917.0,931.0,3.36
3532,17.0,0.0,0.4279,328.0,0.0,1917.0,923.0,3.7
3533,17.0,0.0,0.581,806.0,0.0,1919.0,895.0,3.28
3534,17.0,0.0,0.4625,560.0,0.0,1919.0,915.0,3.38
3535,17.0,0.0,0.586,909.0,0.0,1920.0,909.0,3.67
3536,17.0,0.0,0.6688,1080.0,1.0,1919.0,905.0,3.63
3537,17.0,0.0,0.6313,1087.0,1.0,1918.0,908.0,3.57
3538,17.0,0.0,0.6886,1083.0,1.0,1918.0,911.0,3.82
3539,17.0,0.0,0.6464,1063.0,2.0,1918.0,918.0,3.77
3540,17.0,0.0,0.7343,983.0,1.0,1918.0,918.0,3.7
3541,17.0,0.0,0.781,969.0,1.0,1918.0,920.0,3.33
3542,17.0,0.0,0.7376,955.0,2.0,1918.0,923.0,3.67
3543,17.0,0.0,0.6899,951.0,2.0,1918.0,931.0,
3543,16.0,0.0,0.6175,0.0,1.0,978.0,933.0,3.12
3544,17.0,0.0,0.7202,987.0,3.0,1919.0,923.0,
3544,16.0,0.0,0.3455,0.0,7.0,977.0,942.0,2.71
3545,17.0,0.0,0.7746,1031.0,3.0,1919.0,927.0,
3545,16.0,0.0,0.2919,0.0,9.0,994.0,947.0,3.97
3546,17.0,0.0,0.6925,1058.0,1.0,1920.0,947.0,
3546,16.0,0.0,0.4464,0.0,6.0,1007.0,932.0,3.97
3547,17.0,0.0,0.6069,1062.0,0.0,1920.0,965.0,
3547,16.0,0.0,0.5389,98.0,1.0,1615.0,964.0,3.44
3548,16.0,0.0,0.6887,131.0,0.0,1821.0,970.0,4.39
3549,16.0,0.0,0.6046,202.0,0.0,1916.0,974.0,4.18
3550,16.0,0.0,0.5874,195.0,0.0,1920.0,989.0,3.56
3551,16.0,0.0,0.3624,221.0,0.0,1920.0,996.0,
3551,17.0,0.0,0.5199,1140.0,0.0,1920.0,970.0,3.87
3552,16.0,0.0,0.428,232.0,0.0,1920.0,975.0,
3552,17.0,0.0,0.3818,1127.0,0.0,1920.0,960.0,3.68
3553,16.0,0.0,0.5083,258.0,0.0,1920.0,974.0,
3553,17.0,0.0,0.2946,1099.0,0.0,1920.0,965.0,3.99
3554,16.0,0.0,0.4862,255.0,0.0,1920.0,985.0,
3554,17.0,0.0,0.5473,1063.0,1.0,1920.0,966.0,4.39
3555,16.0,0.0,0.335,242.0,2.0,1920.0,990.0,
3555,17.0,0.0,0.5083,1053.0,3.0,1920.0,969.0,4.34
3556,16.0,0.0,0.1522,204.0,7.0,1920.0,964.0,
3556,17.0,0.0,0.7413,993.0,5.0,1920.0,968.0,4.38
3557,16.0,0.0,0.6459,76.0,2.0,1334.0,942.0,
3557,17.0,0.0,0.7668,958.0,3.0,1919.0,963.0,4.17
3558,16.0,0.0,0.6075,19.0,4.0,1049.0,935.0,
3558,17.0,0.0,0.802,932.0,3.0,1918.0,960.0,4.46
3559,,,,,,,,4.26
3560,,,,,,,,3.67
3561,,,,,,,,3.49
3562,,,,,,,,3.74
3563,,,,,,,,3.69
3564,,,,,,,,3.91
3565,,,,,,,,3.6
3566,,,,,,,,3.15
3567,,,,,,,,3.86
3568,,,,,,,,3.31
3569,,,,,,,,3.48
3570,,,,,,,,2.83
3571,,,,,,,,3.89
3572,,,,,,,,4.32
3573,,,,,,,,4.37
3574,,,,,,,,4.47
3575,,,,,,,,4.03
3576,,,,,,,,4.42
3577,,,,,,,,4.44
3578,,,,,,,,4.03
3579,,,,,,,,3.65
3580,,,,,,,,4.07
3581,,,,,,,,3.87
3582,,,,,,,,3.85
3583,,,,,,,,3.71
3584,,,,,,,,3.69
3585,,,,,,,,3.78
3586,,,,,,,,3.6
3587,,,,,,,,3.92
3588,,,,,,,,3.77
3589,,,,,,,,3.79
3590,,,,,,,,3.8
3591,,,,,,,,3.77
3592,,,,,,,,3.05
3593,,,,,,,,4.09
3594,,,,,,,,4.34
3595,,,,,,,,4.33
3596,,,,,,,,4.47
3597,,,,,,,,3.97
3598,,,,,,,,4.43
3599,,,,,,,,4.5
3600,,,,,,,,3.96
3601,,,,,,,,3.65
3602,,,,,,,,4.07
3603,,,,,,,,3.8
3604,,,,,,,,3.72
3605,,,,,,,,3.78
3606,,,,,,,,3.96
3607,,,,,,,,3.93
3608,,,,,,,,3.67
3609,,,,,,,,3.91
3610,,,,,,,,3.93
3611,,,,,,,,3.86
3612,,,,,,,,3.52
3613,,,,,,,,3.45
3614,,,,,,,,3.01
3615,,,,,,,,3.98
3616,,,,,,,,4.38
3617,,,,,,,,4.35
3618,,,,,,,,3.66
3619,,,,,,,,4.01
3620,,,,,,,,4.29
3621,,,,,,,,4.0
3622,,,,,,,,3.53
3623,,,,,,,,3.99
3624,,,,,,,,3.97
3625,,,,,,,,3.88
3626,,,,,,,,3.69
3627,,,,,,,,3.89
3628,,,,,,,,3.92
3629,,,,,,,,3.18
3630,,,,,,,,3.22
3631,,,,,,,,3.58
3632,,,,,,,,3.93
3633,,,,,,,,3.2
3634,,,,,,,,3.93
3635,,,,,,,,3.27
3636,,,,,,,,2.59
3637,,,,,,,,3.35
3638,,,,,,,,3.54
3639,,,,,,,,3.01
3640,,,,,,,,3.95
3641,,,,,,,,3.88
3642,,,,,,,,4.23
3643,,,,,,,,3.82
3644,,,,,,,,3.87
3645,,,,,,,,3.45
3646,,,,,,,,3.63
3647,,,,,,,,3.76
3648,,,,,,,,3.35
3649,,,,,,,,3.74
3650,,,,,,,,3.55
3651,,,,,,,,4.07
3652,,,,,,,,3.78
3653,,,,,,,,3.28
3654,,,,,,,,3.38
3655,,,,,,,,3.32
3656,,,,,,,,2.79
3657,,,,,,,,2.55
3658,,,,,,,,3.27
3659,,,,,,,,3.6
3660,,,,,,,,4.06
3661,,,,,,,,3.75
3662,,,,,,,,4.42
3663,,,,,,,,4.01
3664,,,,,,,,3.49
3665,,,,,,,,3.55
3666,,,,,,,,3.39
3667,,,,,,,,2.83
3668,,,,,,,,3.69
3669,18.0,0.0,0.6329,13.0,154.0,1907.0,1016.0,3.38
3670,18.0,0.0,0.6185,24.0,195.0,1908.0,998.0,4.04
3671,18.0,0.0,0.6335,18.0,194.0,1899.0,952.0,3.67
3672,18.0,0.0,0.5811,7.0,185.0,1904.0,954.0,4.14
3673,18.0,0.0,0.5903,4.0,191.0,1902.0,948.0,3.12
3674,18.0,0.0,0.6598,2.0,168.0,1904.0,937.0,3.65
3675,18.0,0.0,0.5399,17.0,198.0,1902.0,957.0,3.58
3676,18.0,0.0,0.5754,13.0,160.0,1886.0,961.0,3.52
3677,18.0,0.0,0.6261,3.0,191.0,1848.0,905.0,3.84
3678,18.0,0.0,0.5993,1.0,172.0,1849.0,909.0,3.83
3679,18.0,0.0,0.6893,0.0,182.0,1822.0,881.0,3.55
3680,18.0,0.0,0.6827,0.0,171.0,1837.0,865.0,3.61
3681,18.0,0.0,0.6847,0.0,129.0,1879.0,877.0,3.47
3682,18.0,0.0,0.6572,1.0,89.0,1872.0,899.0,3.54
3683,18.0,0.0,0.5772,1.0,131.0,1826.0,864.0,3.18
3684,18.0,0.0,0.5395,2.0,120.0,1841.0,959.0,3.28
3685,18.0,0.0,0.6023,2.0,121.0,1794.0,955.0,3.42
3686,18.0,0.0,0.5112,3.0,101.0,1868.0,979.0,3.42
3687,18.0,0.0,0.4581,8.0,129.0,1852.0,1021.0,3.64
3688,18.0,0.0,0.4767,9.0,110.0,1868.0,1046.0,3.65
3689,18.0,0.0,0.3849,11.0,123.0,1855.0,1047.0,2.78
3690,18.0,0.0,0.5157,6.0,111.0,1726.0,942.0,3.3
3691,18.0,0.0,0.4831,10.0,111.0,1760.0,1007.0,3.72
3692,18.0,0.0,0.537,5.0,110.0,1783.0,1018.0,3.87
3693,18.0,0.0,0.4811,8.0,76.0,1831.0,1018.0,3.53
3694,18.0,0.0,0.4674,8.0,65.0,1859.0,1034.0,3.71
3695,18.0,0.0,0.5057,4.0,68.0,1882.0,1042.0,3.65
3696,18.0,0.0,0.4909,2.0,63.0,1893.0,1040.0,3.68
3697,18.0,0.0,0.4385,2.0,66.0,1881.0,1038.0,3.85
3698,18.0,0.0,0.5548,2.0,63.0,1888.0,1038.0,3.77
3699,18.0,0.0,0.6097,1.0,57.0,1900.0,1043.0,3.78
3700,18.0,0.0,0.6042,6.0,54.0,1903.0,1041.0,3.67
3701,18.0,0.0,0.6554,3.0,53.0,1893.0,1033.0,3.5
3702,18.0,0.0,0.6147,2.0,60.0,1843.0,1031.0,3.65
3703,18.0,0.0,0.646,8.0,63.0,1856.0,1033.0,3.24
3704,18.0,0.0,0.588,10.0,67.0,1845.0,1032.0,3.25
3705,18.0,0.0,0.5837,5.0,70.0,1800.0,1019.0,3.54
3706,18.0,0.0,0.6092,4.0,66.0,1768.0,1017.0,3.6
3707,18.0,0.0,0.6376,3.0,62.0,1744.0,1007.0,3.54
3708,18.0,0.0,0.6739,7.0,55.0,1831.0,999.0,3.77
3709,18.0,0.0,0.7038,9.0,55.0,1865.0,1000.0,3.6
3710,18.0,0.0,0.7053,9.0,56.0,1885.0,1009.0,3.72
3711,18.0,0.0,0.7069,8.0,56.0,1895.0,1015.0,3.4
3712,18.0,0.0,0.6755,8.0,55.0,1888.0,1013.0,4.22
3713,18.0,0.0,0.6163,5.0,53.0,1835.0,1019.0,3.72
3714,18.0,0.0,0.5905,4.0,52.0,1832.0,1020.0,4.05
3715,18.0,0.0,0.5592,2.0,50.0,1746.0,995.0,3.92
3716,18.0,0.0,0.5608,1.0,46.0,1720.0,994.0,4.32
3717,18.0,0.0,0.567,1.0,51.0,1704.0,987.0,4.05
3718,,,,,,,,4.53
3719,18.0,0.0,0.174,44.0,34.0,1791.0,1009.0,4.03
3720,18.0,0.0,0.2248,18.0,5.0,1852.0,1051.0,4.37
3721,18.0,0.0,0.2538,3.0,0.0,1590.0,1072.0,3.9
3722,18.0,0.0,0.2289,0.0,0.0,1708.0,1079.0,4.39
3723,18.0,0.0,0.3215,0.0,0.0,1525.0,1080.0,4.02
3724,18.0,0.0,0.4711,0.0,0.0,1769.0,1080.0,4.01
3725,18.0,0.0,0.6386,0.0,0.0,1843.0,1080.0,3.88
3726,18.0,0.0,0.6933,0.0,0.0,1869.0,1078.0,4.2
3727,18.0,0.0,0.557,0.0,18.0,1564.0,1080.0,3.75
3728,18.0,0.0,0.113,28.0,12.0,1802.0,1080.0,3.82
3729,,,,,,,,4.3
3730,,,,,,,,4.43
3731,,,,,,,,3.85
3732,,,,,,,,4.13
3733,,,,,,,,3.73
3734,,,,,,,,3.68
3735,,,,,,,,3.68
3736,,,,,,,,3.82
3737,,,,,,,,4.13
3738,,,,,,,,4.13
3739,,,,,,,,4.17
3740,,,,,,,,3.8
3741,,,,,,,,3.83
3742,,,,,,,,4.04
3743,,,,,,,,3.55
3744,,,,,,,,3.8
3745,,,,,,,,3.46
3746,,,,,,,,3.55
3747,19.0,0.0,0.7086,1.0,20.0,1870.0,997.0,2.83
3748,19.0,0.0,0.6444,4.0,8.0,1881.0,1040.0,4.14
3749,19.0,0.0,0.7296,2.0,1.0,1870.0,1060.0,4.16
3750,19.0,0.0,0.6926,1.0,0.0,1865.0,1078.0,3.98
3751,19.0,0.0,0.6848,0.0,3.0,1863.0,1078.0,3.76
3752,19.0,0.0,0.7024,0.0,5.0,1854.0,1063.0,3.94
3753,19.0,0.0,0.7656,0.0,2.0,1853.0,1060.0,3.83
3754,19.0,0.0,0.7757,0.0,5.0,1854.0,1041.0,3.29
3755,19.0,0.0,0.7453,0.0,8.0,1855.0,1024.0,3.45
3756,19.0,0.0,0.6993,1.0,5.0,1857.0,1022.0,3.88
3757,19.0,0.0,0.7422,2.0,0.0,1858.0,1024.0,3.7
3758,19.0,0.0,0.7205,1.0,0.0,1863.0,1021.0,3.82
3759,19.0,0.0,0.7304,1.0,4.0,1862.0,1013.0,3.87
3760,19.0,0.0,0.7843,1.0,1.0,1873.0,998.0,3.9
3761,19.0,0.0,0.6639,1.0,8.0,1875.0,995.0,3.21
3762,19.0,0.0,0.7134,1.0,13.0,1872.0,988.0,3.62
3763,19.0,0.0,0.6647,0.0,12.0,1867.0,976.0,3.07
3764,19.0,0.0,0.3929,1.0,13.0,1861.0,973.0,3.38
3765,19.0,0.0,0.6009,1.0,13.0,1862.0,973.0,3.61
3766,19.0,0.0,0.4567,1.0,13.0,1871.0,978.0,3.81
3767,19.0,0.0,0.4926,0.0,19.0,1873.0,977.0,3.69
3768,19.0,0.0,0.5148,0.0,18.0,1873.0,978.0,3.75
3769,19.0,0.0,0.3478,0.0,16.0,1872.0,977.0,3.81
3770,19.0,0.0,0.5568,0.0,23.0,1876.0,982.0,2.86
3771,19.0,0.0,0.4611,1.0,18.0,1871.0,977.0,2.68
3772,19.0,0.0,0.5592,0.0,12.0,1868.0,1011.0,2.9
3773,19.0,0.0,0.3831,0.0,17.0,1870.0,1020.0,3.56
3774,19.0,0.0,0.3546,0.0,17.0,1867.0,1013.0,3.68
3775,19.0,0.0,0.4964,1.0,19.0,1870.0,998.0,3.88
3776,19.0,0.0,0.3497,1.0,20.0,1873.0,992.0,4.13
3777,19.0,0.0,0.5847,0.0,14.0,1866.0,972.0,3.88
3778,19.0,0.0,0.3379,1.0,16.0,1867.0,987.0,3.86
3779,19.0,0.0,0.4122,1.0,14.0,1869.0,997.0,3.8
3780,19.0,0.0,0.4349,1.0,14.0,1874.0,964.0,3.03
3781,19.0,0.0,0.6007,1.0,25.0,1868.0,956.0,3.35
3782,19.0,0.0,0.6816,1.0,23.0,1865.0,963.0,3.59
3783,19.0,0.0,0.7169,0.0,22.0,1864.0,964.0,3.29
3784,19.0,0.0,0.7371,0.0,27.0,1870.0,968.0,3.15
3785,19.0,0.0,0.6211,0.0,24.0,1868.0,966.0,3.57
3786,19.0,0.0,0.668,0.0,21.0,1863.0,977.0,3.47
3787,19.0,0.0,0.6688,0.0,26.0,1859.0,973.0,3.37
3788,19.0,0.0,0.6379,1.0,28.0,1855.0,980.0,3.33
3789,19.0,0.0,0.6246,0.0,30.0,1857.0,978.0,2.94
3790,19.0,0.0,0.6992,0.0,30.0,1862.0,965.0,3.81
3791,19.0,0.0,0.621,0.0,30.0,1857.0,947.0,3.79
3792,19.0,0.0,0.6632,2.0,33.0,1863.0,950.0,3.96
3793,19.0,0.0,0.6089,3.0,32.0,1859.0,945.0,3.54
3794,19.0,0.0,0.5017,4.0,33.0,1862.0,953.0,3.63
3795,19.0,0.0,0.507,1.0,35.0,1863.0,951.0,3.73
3796,19.0,0.0,0.5499,0.0,34.0,1862.0,949.0,3.91
3797,19.0,0.0,0.6354,0.0,36.0,1860.0,956.0,2.96
3798,19.0,0.0,0.6404,0.0,41.0,1857.0,969.0,3.89
3799,19.0,0.0,0.6658,0.0,45.0,1854.0,969.0,3.81
3800,19.0,0.0,0.763,0.0,49.0,1855.0,949.0,3.66
3801,19.0,0.0,0.7246,0.0,49.0,1856.0,942.0,3.4
3802,19.0,0.0,0.7563,0.0,49.0,1857.0,939.0,3.66
3803,19.0,0.0,0.7846,0.0,48.0,1858.0,941.0,3.36
3804,19.0,0.0,0.7322,0.0,48.0,1858.0,950.0,3.29
3805,19.0,0.0,0.7185,0.0,43.0,1857.0,942.0,3.57
3806,19.0,0.0,0.6549,0.0,42.0,1854.0,950.0,3.86
3807,19.0,0.0,0.6926,0.0,42.0,1854.0,943.0,3.56
3808,19.0,0.0,0.5892,0.0,38.0,1854.0,963.0,3.82
3809,19.0,0.0,0.6788,0.0,36.0,1852.0,958.0,3.8
3810,19.0,0.0,0.4907,1.0,34.0,1862.0,968.0,3.85
3811,19.0,0.0,0.7068,0.0,30.0,1856.0,970.0,3.22
3812,19.0,0.0,0.6653,0.0,24.0,1860.0,1000.0,3.68
3813,19.0,0.0,0.4818,0.0,20.0,1861.0,982.0,3.41
3814,19.0,0.0,0.5544,0.0,13.0,1867.0,963.0,2.9
3815,19.0,0.0,0.6986,0.0,7.0,1866.0,969.0,3.42
3816,19.0,0.0,0.5501,0.0,6.0,1879.0,1003.0,2.95
3817,19.0,0.0,0.2917,0.0,18.0,1877.0,961.0,3.72
3818,19.0,0.0,0.3641,0.0,27.0,1877.0,949.0,3.9
3819,,,,,,,,4.41
3820,,,,,,,,4.64
3821,,,,,,,,4.13
3822,,,,,,,,4.5
3823,,,,,,,,4.14
3824,,,,,,,,3.85
3825,,,,,,,,3.81
3826,,,,,,,,4.06
3827,,,,,,,,4.04
3828,,,,,,,,3.26
3829,,,,,,,,3.79
3830,,,,,,,,3.67
3831,,,,,,,,3.36
3832,,,,,,,,3.51
3833,,,,,,,,3.0
3834,,,,,,,,3.06
3835,,,,,,,,2.81
3836,,,,,,,,3.02
3837,,,,,,,,4.23
3838,,,,,,,,3.92
3839,,,,,,,,4.1
3840,,,,,,,,4.27
3841,,,,,,,,3.94
3842,,,,,,,,4.14
3843,,,,,,,,3.86
3844,,,,,,,,3.46
3845,,,,,,,,3.46
3846,,,,,,,,3.63
3847,,,,,,,,3.83
3848,,,,,,,,3.64
3849,,,,,,,,3.62
3850,,,,,,,,3.07
3851,,,,,,,,3.41
3852,,,,,,,,3.39
3853,,,,,,,,3.3
3854,,,,,,,,3.28
3855,,,,,,,,3.44
3856,,,,,,,,3.88
3857,,,,,,,,3.82
3858,,,,,,,,3.66
3859,,,,,,,,3.8
3860,,,,,,,,3.7
3861,,,,,,,,3.28
3862,,,,,,,,3.49
3863,,,,,,,,2.78
3864,,,,,,,,3.58
3865,,,,,,,,3.75
3866,,,,,,,,3.9
3867,,,,,,,,3.44
3868,,,,,,,,3.93
3869,,,,,,,,3.76
3870,,,,,,,,3.79
3871,,,,,,,,3.42
3872,,,,,,,,3.53
3873,,,,,,,,3.37
3874,,,,,,,,3.41
3875,,,,,,,,3.4
3876,,,,,,,,3.81
3877,,,,,,,,3.75
3878,,,,,,,,3.77
3879,,,,,,,,3.58
3880,,,,,,,,3.72
3881,,,,,,,,3.49
3882,,,,,,,,3.52
3883,,,,,,,,3.17
3884,,,,,,,,2.98
3885,,,,,,,,2.6
3886,,,,,,,,2.99
3887,,,,,,,,4.06
3888,,,,,,,,4.03
3889,,,,,,,,3.98
3890,,,,,,,,4.09
3891,,,,,,,,3.8
3892,,,,,,,,3.55
3893,,,,,,,,3.43
3894,,,,,,,,3.44
3895,,,,,,,,2.77
3896,,,,,,,,3.94
3897,,,,,,,,4.01
3898,,,,,,,,4.05
3899,,,,,,,,3.73
3900,,,,,,,,3.88
3901,,,,,,,,3.61
3902,,,,,,,,3.41
3903,,,,,,,,3.36
3904,,,,,,,,3.35
3905,,,,,,,,3.46
3906,,,,,,,,3.76
3907,,,,,,,,3.72
3908,,,,,,,,3.65
3909,,,,,,,,3.54
3910,,,,,,,,3.72
3911,,,,,,,,3.31
3912,,,,,,,,3.48
3913,,,,,,,,3.17
3914,,,,,,,,3.19
3915,,,,,,,,2.38
3916,,,,,,,,2.99
3917,,,,,,,,3.97
3918,,,,,,,,3.53
3919,,,,,,,,4.02
3920,,,,,,,,4.09
3921,,,,,,,,3.63
3922,,,,,,,,3.78
3923,,,,,,,,3.43
3924,,,,,,,,3.27
3925,,,,,,,,3.0
3926,,,,,,,,3.44
3927,,,,,,,,2.81
3928,,,,,,,,3.02
3929,,,,,,,,3.16
3930,,,,,,,,4.37
3931,,,,,,,,3.95
3932,,,,,,,,4.53
3933,,,,,,,,4.04
3934,,,,,,,,4.03
3935,,,,,,,,2.83
3936,,,,,,,,4.35
3937,,,,,,,,3.77
3938,,,,,,,,4.11
3939,,,,,,,,3.55
3940,,,,,,,,3.74
3941,,,,,,,,3.44
3942,,,,,,,,3.5
3943,,,,,,,,3.69
3944,,,,,,,,3.77
3945,,,,,,,,3.74
3946,,,,,,,,4.01
3947,,,,,,,,4.09
3948,,,,,,,,4.0
3949,,,,,,,,4.03
3950,,,,,,,,4.08
3951,,,,,,,,3.53
3952,,,,,,,,3.96
3953,,,,,,,,3.28
3954,,,,,,,,3.74
3955,,,,,,,,3.85
3956,,,,,,,,4.06
3957,,,,,,,,3.94
3958,,,,,,,,3.96
3959,,,,,,,,4.19
3960,,,,,,,,3.96
3961,,,,,,,,3.67
3962,,,,,,,,3.85
3963,,,,,,,,2.94
3964,,,,,,,,3.46
3965,,,,,,,,3.77
3966,,,,,,,,3.92
3967,,,,,,,,3.48
3968,,,,,,,,3.62
3969,,,,,,,,3.83
3970,,,,,,,,3.6
3971,,,,,,,,2.47
3972,,,,,,,,3.29
3973,,,,,,,,3.89
3974,,,,,,,,4.34
3975,,,,,,,,4.36
3976,,,,,,,,4.45
3977,,,,,,,,4.14
3978,,,,,,,,4.8
3979,,,,,,,,4.55
3980,,,,,,,,4.71
3981,,,,,,,,4.48
3982,,,,,,,,4.62
3983,,,,,,,,4.52
3984,,,,,,,,3.83
3985,,,,,,,,4.45
3986,,,,,,,,3.74
3987,,,,,,,,4.76
3988,,,,,,,,4.4
3989,,,,,,,,4.19
3990,,,,,,,,3.74
3991,,,,,,,,3.16
3992,,,,,,,,4.23
3993,,,,,,,,3.4
3994,,,,,,,,3.69
3995,,,,,,,,3.54
3996,,,,,,,,4.0
3997,,,,,,,,3.68
3998,,,,,,,,3.74
3999,,,,,,,,3.92
4000,,,,,,,,3.57
4001,,,,,,,,3.11
4002,,,,,,,,3.92
4003,,,,,,,,3.2
4004,,,,,,,,2.66
4005,,,,,,,,4.62
4006,,,,,,,,4.54
4007,,,,,,,,3.82
4008,,,,,,,,4.34
4009,,,,,,,,4.48
4010,,,,,,,,4.62
4011,,,,,,,,4.27
4012,,,,,,,,4.49
4013,,,,,,,,3.98
4014,,,,,,,,4.02
4015,,,,,,,,3.97
4016,,,,,,,,4.14
4017,,,,,,,,4.26
4018,,,,,,,,3.97
4019,,,,,,,,4.17
4020,,,,,,,,4.22
4021,,,,,,,,3.76
4022,,,,,,,,4.04
4023,,,,,,,,3.62
4024,,,,,,,,3.62
4025,,,,,,,,3.72
4026,,,,,,,,3.86
4027,,,,,,,,4.11
4028,,,,,,,,3.49
4029,,,,,,,,3.99
4030,,,,,,,,3.38
4031,,,,,,,,3.3
4032,,,,,,,,3.52
4033,,,,,,,,3.26
4034,,,,,,,,2.69
4035,,,,,,,,4.58
4036,,,,,,,,3.93
4037,,,,,,,,4.25
4038,,,,,,,,4.34
4039,,,,,,,,4.16
4040,,,,,,,,3.9
4041,,,,,,,,4.04
4042,,,,,,,,3.93
4043,,,,,,,,3.51
4044,,,,,,,,3.52
4045,,,,,,,,3.47
4046,,,,,,,,3.61
4047,,,,,,,,3.53
4048,,,,,,,,3.69
4049,,,,,,,,3.68
4050,,,,,,,,3.5
4051,,,,,,,,3.3
4052,,,,,,,,3.62
4053,,,,,,,,3.34
4054,21.0,0.0,0.6893,159.0,23.0,1825.0,944.0,3.37
4055,21.0,0.0,0.672,55.0,38.0,1606.0,927.0,3.45
4056,21.0,0.0,0.5191,174.0,37.0,1531.0,900.0,3.62
4057,21.0,0.0,0.309,259.0,36.0,1542.0,897.0,3.53
4058,21.0,0.0,0.4027,330.0,30.0,1795.0,908.0,3.72
4059,21.0,0.0,0.1092,315.0,19.0,1773.0,887.0,3.72
4060,21.0,0.0,0.1015,271.0,33.0,1714.0,906.0,3.44
4061,21.0,0.0,0.1888,312.0,33.0,1665.0,891.0,2.74
4062,21.0,0.0,0.1935,336.0,25.0,1811.0,912.0,2.24
4063,21.0,0.0,0.2792,304.0,35.0,1673.0,913.0,3.59
4064,21.0,0.0,0.6041,316.0,33.0,1642.0,929.0,3.61
4065,21.0,0.0,0.3078,325.0,34.0,1667.0,887.0,3.93
4066,21.0,0.0,0.3782,338.0,78.0,1663.0,872.0,3.91
4067,21.0,0.0,0.3526,344.0,116.0,1629.0,894.0,3.9
4068,21.0,0.0,0.2896,277.0,95.0,1645.0,942.0,4.0
4069,21.0,0.0,0.2654,280.0,73.0,1711.0,970.0,3.82
4070,21.0,0.0,0.4344,246.0,66.0,1690.0,977.0,3.51
4071,21.0,0.0,0.516,236.0,67.0,1682.0,910.0,2.94
4072,21.0,0.0,0.4347,228.0,48.0,1799.0,909.0,3.24
4073,21.0,0.0,0.309,179.0,32.0,1778.0,957.0,3.16
4074,,,,,,,,2.93
4075,21.0,0.0,0.4567,202.0,11.0,1785.0,986.0,3.95
4076,21.0,0.0,0.3567,158.0,3.0,1820.0,1018.0,3.64
4077,21.0,0.0,0.2448,142.0,5.0,1828.0,1017.0,3.86
4078,21.0,0.0,0.5317,123.0,1.0,1806.0,1019.0,3.93
4079,21.0,0.0,0.2517,152.0,0.0,1841.0,992.0,3.16
4080,21.0,0.0,0.1311,111.0,0.0,1783.0,977.0,3.94
4081,21.0,0.0,0.2116,196.0,0.0,1808.0,959.0,3.41
4082,21.0,0.0,0.1616,351.0,0.0,1883.0,962.0,3.68
4083,21.0,0.0,0.147,325.0,0.0,1794.0,965.0,3.2
4084,,,,,,,,3.79
4085,21.0,0.0,0.8273,132.0,19.0,1530.0,928.0,3.01
4086,21.0,0.0,0.8298,29.0,77.0,1448.0,911.0,3.56
4087,21.0,0.0,0.8155,0.0,86.0,1473.0,910.0,3.81
4088,21.0,0.0,0.8203,0.0,97.0,1429.0,886.0,3.67
4089,21.0,0.0,0.8179,0.0,98.0,1405.0,884.0,3.72
4090,21.0,0.0,0.8146,0.0,118.0,1405.0,867.0,3.74
4091,21.0,0.0,0.8073,0.0,95.0,1393.0,874.0,3.45
4092,21.0,0.0,0.7939,0.0,97.0,1404.0,867.0,3.66
4093,21.0,0.0,0.7877,0.0,93.0,1386.0,871.0,3.32
4094,21.0,0.0,0.7738,0.0,93.0,1368.0,877.0,2.88
4095,21.0,0.0,0.7889,0.0,100.0,1356.0,879.0,3.6
4096,21.0,0.0,0.8001,0.0,100.0,1335.0,870.0,3.37
4097,21.0,0.0,0.809,0.0,104.0,1317.0,864.0,3.92
4098,21.0,0.0,0.7501,0.0,87.0,1312.0,895.0,3.86
4099,21.0,0.0,0.7867,0.0,103.0,1310.0,883.0,3.76
4100,21.0,0.0,0.7644,0.0,107.0,1330.0,877.0,3.97
4101,21.0,0.0,0.7339,0.0,95.0,1332.0,881.0,3.28
4102,21.0,0.0,0.7359,0.0,110.0,1340.0,891.0,3.74
4103,21.0,0.0,0.7794,0.0,124.0,1327.0,870.0,3.3
4104,21.0,0.0,0.7777,0.0,122.0,1342.0,864.0,3.39
4105,21.0,0.0,0.7993,0.0,129.0,1325.0,868.0,3.55
4106,21.0,0.0,0.8174,0.0,132.0,1321.0,875.0,3.54
4107,21.0,0.0,0.8116,0.0,131.0,1325.0,866.0,3.83
4108,21.0,0.0,0.8104,0.0,121.0,1331.0,878.0,3.52
4109,21.0,0.0,0.8206,0.0,123.0,1331.0,880.0,3.86
4110,21.0,0.0,0.8061,0.0,124.0,1363.0,890.0,3.57
4111,21.0,0.0,0.8113,0.0,122.0,1379.0,888.0,3.27
4112,21.0,0.0,0.8028,1.0,137.0,1385.0,876.0,3.51
4113,21.0,0.0,0.8027,0.0,137.0,1404.0,880.0,2.24
4114,21.0,0.0,0.8148,0.0,138.0,1441.0,879.0,3.88
4115,21.0,0.0,0.8214,0.0,134.0,1439.0,897.0,4.35
4116,21.0,0.0,0.8159,0.0,139.0,1434.0,891.0,3.93
4117,21.0,0.0,0.825,0.0,142.0,1442.0,887.0,4.11
4118,21.0,0.0,0.8015,0.0,150.0,1448.0,879.0,4.31
4119,21.0,0.0,0.819,0.0,146.0,1477.0,888.0,4.37
4120,21.0,0.0,0.8143,0.0,153.0,1497.0,877.0,3.67
4121,21.0,0.0,0.814,0.0,148.0,1509.0,886.0,3.55
4122,21.0,0.0,0.8232,0.0,148.0,1525.0,881.0,3.53
4123,21.0,0.0,0.8181,0.0,152.0,1539.0,879.0,3.4
4124,21.0,0.0,0.8174,0.0,155.0,1543.0,893.0,3.39
4125,21.0,0.0,0.8118,0.0,151.0,1552.0,909.0,3.45
4126,21.0,0.0,0.8268,0.0,149.0,1566.0,910.0,3.63
4127,21.0,0.0,0.8063,0.0,152.0,1576.0,918.0,3.64
4128,21.0,0.0,0.8179,0.0,154.0,1587.0,919.0,3.65
4129,21.0,0.0,0.8263,0.0,157.0,1609.0,910.0,3.85
4130,21.0,0.0,0.8322,0.0,163.0,1622.0,895.0,3.59
4131,21.0,0.0,0.8303,0.0,156.0,1628.0,894.0,3.1
4132,21.0,0.0,0.8082,0.0,158.0,1632.0,901.0,3.48
4133,21.0,0.0,0.79,0.0,161.0,1653.0,890.0,2.99
4134,21.0,0.0,0.7919,0.0,163.0,1705.0,879.0,3.17
4135,21.0,0.0,0.8406,0.0,183.0,1674.0,866.0,3.62
4136,21.0,0.0,0.8061,0.0,180.0,1653.0,857.0,3.4
4137,21.0,0.0,0.811,0.0,173.0,1672.0,864.0,2.88
4138,21.0,0.0,0.8108,0.0,173.0,1653.0,868.0,4.08
4139,21.0,0.0,0.8125,0.0,174.0,1658.0,880.0,3.92
4140,21.0,0.0,0.812,0.0,181.0,1643.0,866.0,3.97
4141,21.0,0.0,0.8054,0.0,177.0,1641.0,864.0,3.63
4142,21.0,0.0,0.8087,0.0,186.0,1645.0,867.0,3.98
4143,21.0,0.0,0.7989,0.0,182.0,1646.0,871.0,3.24
4144,21.0,0.0,0.7825,1.0,191.0,1675.0,872.0,3.42
4145,21.0,0.0,0.8218,1.0,207.0,1707.0,871.0,3.45
4146,21.0,0.0,0.8419,0.0,214.0,1698.0,901.0,3.55
4147,21.0,0.0,0.8173,0.0,227.0,1767.0,891.0,3.21
4148,21.0,0.0,0.8235,0.0,233.0,1772.0,871.0,3.31
4149,21.0,0.0,0.8464,0.0,244.0,1736.0,874.0,3.44
4150,21.0,0.0,0.8419,0.0,249.0,1686.0,872.0,3.13
4151,21.0,0.0,0.807,1.0,253.0,1734.0,876.0,2.76
4152,21.0,0.0,0.8182,2.0,260.0,1689.0,862.0,2.75
4153,21.0,0.0,0.8108,1.0,264.0,1670.0,868.0,3.67
4154,21.0,0.0,0.7915,1.0,264.0,1717.0,874.0,3.52
4155,21.0,0.0,0.7847,0.0,281.0,1654.0,869.0,3.87
4156,21.0,0.0,0.7904,0.0,288.0,1685.0,861.0,3.71
4157,21.0,0.0,0.733,0.0,294.0,1675.0,858.0,3.97
4158,21.0,0.0,0.7617,0.0,299.0,1687.0,874.0,3.51
4159,21.0,0.0,0.7153,0.0,310.0,1669.0,874.0,3.37
4160,21.0,0.0,0.6646,1.0,321.0,1706.0,884.0,3.49
4161,21.0,0.0,0.6801,1.0,325.0,1700.0,900.0,3.41
4162,21.0,0.0,0.5839,1.0,323.0,1591.0,904.0,3.77
4163,21.0,0.0,0.6449,0.0,334.0,1624.0,903.0,3.38
4164,21.0,0.0,0.7009,0.0,350.0,1583.0,892.0,2.86
4165,21.0,0.0,0.6763,0.0,358.0,1553.0,877.0,3.63
4166,21.0,0.0,0.6541,0.0,377.0,1659.0,873.0,3.73
4167,21.0,0.0,0.6387,0.0,386.0,1691.0,869.0,3.6
4168,21.0,0.0,0.6468,0.0,394.0,1662.0,869.0,3.87
4169,21.0,0.0,0.6478,0.0,406.0,1677.0,871.0,3.55
4170,21.0,0.0,0.5913,0.0,408.0,1739.0,863.0,3.75
4171,21.0,0.0,0.608,0.0,411.0,1654.0,868.0,3.34
4172,21.0,0.0,0.6035,0.0,422.0,1615.0,868.0,3.52
4173,21.0,0.0,0.5458,0.0,415.0,1614.0,879.0,3.19
4174,21.0,0.0,0.5553,0.0,423.0,1504.0,880.0,2.52
4175,21.0,0.0,0.5468,0.0,428.0,1468.0,874.0,3.87
4176,21.0,0.0,0.5387,0.0,433.0,1667.0,886.0,3.97
4177,21.0,0.0,0.5378,0.0,443.0,1643.0,880.0,3.89
4178,21.0,0.0,0.5061,0.0,449.0,1612.0,879.0,3.98
4179,21.0,0.0,0.5406,0.0,461.0,1503.0,873.0,3.69
4180,21.0,0.0,0.4918,0.0,450.0,1533.0,900.0,3.76
4181,21.0,0.0,0.5788,0.0,444.0,1474.0,897.0,3.14
4182,21.0,0.0,0.5275,0.0,463.0,1439.0,889.0,3.54
4183,21.0,0.0,0.361,0.0,462.0,1512.0,902.0,3.31
4184,21.0,0.0,0.46,0.0,470.0,1464.0,888.0,3.45
4185,21.0,0.0,0.5292,0.0,477.0,1488.0,901.0,3.48
4186,21.0,0.0,0.5131,1.0,464.0,1549.0,913.0,3.75
4187,21.0,0.0,0.5968,2.0,462.0,1543.0,928.0,3.56
4188,21.0,0.0,0.6232,2.0,463.0,1483.0,929.0,3.54
4189,21.0,0.0,0.5475,2.0,453.0,1472.0,928.0,3.29
4190,21.0,0.0,0.3212,2.0,450.0,1511.0,930.0,2.7
4191,21.0,0.0,0.379,2.0,465.0,1513.0,933.0,3.11
4192,21.0,0.0,0.3505,2.0,486.0,1536.0,933.0,3.62
4193,21.0,0.0,0.413,1.0,487.0,1584.0,930.0,3.5
4194,21.0,0.0,0.4802,1.0,497.0,1554.0,931.0,3.52
4195,21.0,0.0,0.4819,0.0,504.0,1552.0,933.0,3.24
4196,21.0,0.0,0.4056,1.0,490.0,1561.0,936.0,4.2
4197,21.0,0.0,0.5789,0.0,471.0,1557.0,940.0,4.07
4198,21.0,0.0,0.5224,0.0,465.0,1592.0,941.0,3.84
4199,21.0,0.0,0.5674,0.0,487.0,1627.0,942.0,4.15
4200,21.0,0.0,0.5861,0.0,500.0,1584.0,940.0,4.19
4201,21.0,0.0,0.528,0.0,483.0,1609.0,944.0,3.87
4202,21.0,0.0,0.6216,0.0,498.0,1622.0,938.0,4.21
4203,21.0,0.0,0.6659,0.0,514.0,1585.0,933.0,3.73
4204,21.0,0.0,0.6616,0.0,484.0,1617.0,934.0,3.53
4205,21.0,0.0,0.6513,0.0,464.0,1626.0,936.0,3.53
4206,21.0,0.0,0.6392,0.0,462.0,1654.0,937.0,3.54
4207,21.0,0.0,0.642,0.0,497.0,1655.0,936.0,3.7
4208,21.0,0.0,0.5857,0.0,511.0,1682.0,930.0,3.29
4209,21.0,0.0,0.5355,0.0,520.0,1701.0,927.0,2.91
4210,21.0,0.0,0.5563,0.0,520.0,1696.0,929.0,3.46
4211,21.0,0.0,0.4778,0.0,515.0,1699.0,927.0,3.16
4212,21.0,0.0,0.5733,0.0,531.0,1667.0,927.0,3.32
4213,21.0,0.0,0.1696,12.0,568.0,1653.0,925.0,3.18
4214,21.0,0.0,0.4607,4.0,527.0,1706.0,928.0,2.25
4215,21.0,0.0,0.4314,1.0,527.0,1710.0,929.0,3.9
4216,21.0,0.0,0.436,0.0,545.0,1711.0,929.0,4.22
4217,21.0,0.0,0.3629,0.0,523.0,1706.0,925.0,3.99
4218,21.0,0.0,0.2572,0.0,510.0,1693.0,932.0,3.93
4219,21.0,0.0,0.4162,0.0,536.0,1680.0,935.0,4.08
4220,21.0,0.0,0.3111,8.0,514.0,1669.0,941.0,4.12
4221,21.0,0.0,0.3693,3.0,522.0,1641.0,941.0,3.48
4222,21.0,0.0,0.487,0.0,500.0,1703.0,943.0,3.22
4223,21.0,0.0,0.474,0.0,498.0,1684.0,936.0,3.36
4224,21.0,0.0,0.4429,0.0,539.0,1697.0,933.0,3.36
4225,21.0,0.0,0.4939,0.0,518.0,1693.0,934.0,3.28
4226,21.0,0.0,0.4294,0.0,481.0,1663.0,946.0,3.47
4227,21.0,0.0,0.3461,0.0,510.0,1671.0,934.0,3.51
4228,21.0,0.0,0.3894,0.0,544.0,1661.0,938.0,3.41
4229,21.0,0.0,0.4222,0.0,569.0,1699.0,931.0,3.55
4230,21.0,0.0,0.4386,1.0,578.0,1679.0,931.0,3.47
4231,21.0,0.0,0.5004,1.0,520.0,1678.0,932.0,3.12
4232,21.0,0.0,0.4564,1.0,493.0,1693.0,938.0,3.2
4233,21.0,0.0,0.4509,1.0,497.0,1762.0,956.0,2.44
4234,21.0,0.0,0.2688,1.0,454.0,1781.0,956.0,3.92
4235,21.0,0.0,0.1962,1.0,488.0,1818.0,953.0,4.02
4236,21.0,0.0,0.2763,2.0,522.0,1823.0,965.0,4.17
4237,21.0,0.0,0.2609,2.0,550.0,1821.0,979.0,3.91
4238,21.0,0.0,0.2763,2.0,564.0,1838.0,976.0,4.11
4239,21.0,0.0,0.2672,1.0,531.0,1824.0,977.0,4.18
4240,21.0,0.0,0.3348,1.0,569.0,1813.0,963.0,3.74
4241,21.0,0.0,0.3826,1.0,545.0,1824.0,955.0,3.4
4242,21.0,0.0,0.4038,1.0,561.0,1833.0,951.0,3.47
4243,21.0,0.0,0.2772,1.0,576.0,1846.0,955.0,3.27
4244,21.0,0.0,0.4266,1.0,523.0,1835.0,970.0,3.28
4245,21.0,0.0,0.2476,1.0,547.0,1857.0,965.0,3.38
4246,21.0,0.0,0.2565,1.0,558.0,1863.0,978.0,3.66
4247,21.0,0.0,0.2266,1.0,579.0,1851.0,963.0,3.62
4248,21.0,0.0,0.1302,0.0,567.0,1853.0,963.0,3.54
4249,21.0,0.0,0.2485,0.0,552.0,1856.0,975.0,3.53
4250,21.0,0.0,0.1254,0.0,576.0,1862.0,967.0,3.66
4251,21.0,0.0,0.1784,1.0,581.0,1863.0,952.0,3.2
4252,21.0,0.0,0.1515,1.0,592.0,1843.0,940.0,3.16
4253,21.0,0.0,0.7019,0.0,248.0,1706.0,1043.0,2.88
4254,21.0,0.0,0.6941,0.0,95.0,1824.0,957.0,3.29
4255,21.0,0.0,0.7564,0.0,28.0,1884.0,938.0,3.42
4256,21.0,0.0,0.7622,0.0,1.0,1908.0,933.0,3.54
4257,21.0,0.0,0.7715,2.0,0.0,1911.0,917.0,2.84
4258,21.0,0.0,0.7179,7.0,0.0,1916.0,920.0,2.82
4259,21.0,0.0,0.6982,10.0,0.0,1919.0,894.0,2.92
4260,21.0,0.0,0.7149,6.0,0.0,1920.0,869.0,4.07
4261,21.0,0.0,0.641,5.0,0.0,1919.0,843.0,3.74
4262,21.0,0.0,0.6051,4.0,0.0,1904.0,827.0,4.06
4263,21.0,0.0,0.6467,5.0,0.0,1907.0,840.0,3.66
4264,21.0,0.0,0.6437,4.0,0.0,1914.0,863.0,3.69
4265,21.0,0.0,0.5041,3.0,0.0,1880.0,874.0,2.93
4266,21.0,0.0,0.505,7.0,0.0,1886.0,943.0,3.86
4267,21.0,0.0,0.5248,6.0,0.0,1884.0,973.0,3.76
4268,21.0,0.0,0.4851,5.0,0.0,1867.0,1015.0,3.38
4269,21.0,0.0,0.4226,10.0,0.0,1881.0,1028.0,3.51
4270,21.0,0.0,0.4941,5.0,0.0,1777.0,954.0,3.54
4271,21.0,0.0,0.6642,7.0,0.0,1849.0,933.0,3.18
4272,21.0,0.0,0.5325,9.0,0.0,1881.0,966.0,3.48
4273,21.0,0.0,0.5184,12.0,0.0,1904.0,986.0,3.14
4274,21.0,0.0,0.5577,5.0,0.0,1710.0,960.0,3.25
4275,21.0,0.0,0.5458,2.0,0.0,1610.0,968.0,3.51
4276,21.0,0.0,0.5852,1.0,0.0,1567.0,931.0,3.53
4277,21.0,0.0,0.527,0.0,0.0,1538.0,869.0,3.53
4278,21.0,0.0,0.5209,16.0,0.0,1781.0,936.0,3.66
4279,21.0,0.0,0.6313,8.0,0.0,1750.0,898.0,3.61
4280,21.0,0.0,0.403,5.0,0.0,1680.0,865.0,2.95
4281,21.0,0.0,0.4313,1.0,0.0,1554.0,949.0,2.31
4282,21.0,0.0,0.1409,0.0,0.0,1519.0,1005.0,2.57
4283,21.0,0.0,0.4891,0.0,0.0,1461.0,926.0,3.29
4284,21.0,0.0,0.5631,0.0,0.0,1760.0,918.0,3.67
4285,21.0,0.0,0.5515,0.0,0.0,1863.0,914.0,3.99
4286,21.0,0.0,0.5525,1.0,0.0,1885.0,874.0,3.94
4287,21.0,0.0,0.6006,0.0,0.0,1912.0,931.0,3.92
4288,21.0,0.0,0.7158,0.0,0.0,1920.0,939.0,4.06
4289,21.0,0.0,0.5563,5.0,0.0,1920.0,980.0,3.84
4290,21.0,0.0,0.5436,2.0,1.0,1917.0,901.0,3.49
4291,21.0,0.0,0.6547,5.0,1.0,1920.0,939.0,3.39
4292,21.0,0.0,0.621,5.0,1.0,1920.0,976.0,3.64
4293,21.0,0.0,0.6944,4.0,1.0,1920.0,1002.0,3.12
4294,21.0,0.0,0.3975,1.0,1.0,1905.0,922.0,3.27
4295,21.0,0.0,0.6752,3.0,1.0,1914.0,915.0,3.51
4296,21.0,0.0,0.7258,4.0,0.0,1917.0,943.0,3.68
4297,21.0,0.0,0.6742,5.0,0.0,1919.0,905.0,3.46
4298,21.0,0.0,0.5745,0.0,0.0,1912.0,880.0,2.76
4299,21.0,0.0,0.69,1.0,0.0,1915.0,915.0,3.95
4300,21.0,0.0,0.7173,2.0,0.0,1917.0,935.0,3.54
4301,21.0,0.0,0.6551,6.0,0.0,1916.0,928.0,3.54
4302,21.0,0.0,0.6772,5.0,0.0,1917.0,958.0,3.98
4303,21.0,0.0,0.6906,4.0,0.0,1918.0,940.0,3.46
4304,21.0,0.0,0.7359,1.0,0.0,1917.0,889.0,3.5
4305,21.0,0.0,0.7179,1.0,0.0,1919.0,878.0,3.5
4306,21.0,0.0,0.7261,3.0,0.0,1919.0,892.0,3.53
4307,21.0,0.0,0.6952,3.0,0.0,1920.0,880.0,3.48
4308,21.0,0.0,0.7347,3.0,0.0,1919.0,875.0,3.67
4309,21.0,0.0,0.6946,4.0,0.0,1920.0,890.0,3.62
4310,,,,,,,,3.15
4311,22.0,0.0,0.6403,0.0,61.0,933.0,667.0,2.83
4312,22.0,0.0,0.5793,0.0,81.0,948.0,760.0,2.68
4313,22.0,0.0,0.5764,0.0,67.0,953.0,704.0,3.46
4314,22.0,0.0,0.569,0.0,70.0,956.0,794.0,3.24
4315,22.0,0.0,0.6381,0.0,55.0,960.0,735.0,3.68
4316,22.0,0.0,0.5838,0.0,53.0,973.0,717.0,3.63
4317,22.0,0.0,0.5945,1.0,90.0,989.0,734.0,3.78
4318,22.0,0.0,0.6192,1.0,108.0,996.0,723.0,3.29
4319,22.0,0.0,0.655,1.0,109.0,999.0,719.0,2.63
4320,22.0,0.0,0.662,0.0,122.0,984.0,735.0,2.78
4321,22.0,0.0,0.6418,0.0,116.0,978.0,733.0,2.61
4322,22.0,0.0,0.6744,0.0,119.0,981.0,732.0,3.49
4323,22.0,0.0,0.6124,0.0,125.0,988.0,776.0,3.45
4324,22.0,0.0,0.6237,0.0,120.0,982.0,737.0,
4324,21.0,0.0,0.5963,979.0,57.0,1920.0,992.0,3.33
4325,22.0,0.0,0.637,0.0,127.0,981.0,811.0,
4325,21.0,0.0,0.5187,1008.0,47.0,1890.0,884.0,3.46
4326,22.0,0.0,0.6655,0.0,130.0,967.0,750.0,
4326,21.0,0.0,0.3837,1006.0,43.0,1907.0,936.0,3.88
4327,22.0,0.0,0.646,0.0,127.0,957.0,719.0,
4327,21.0,0.0,0.5962,1019.0,39.0,1896.0,836.0,3.61
4328,22.0,0.0,0.6064,0.0,119.0,956.0,763.0,
4328,21.0,0.0,0.6509,1017.0,40.0,1901.0,845.0,2.71
4329,22.0,0.0,0.6679,0.0,103.0,953.0,900.0,
4329,21.0,0.0,0.6582,1019.0,39.0,1902.0,789.0,2.87
4330,22.0,0.0,0.6467,0.0,101.0,956.0,782.0,
4330,21.0,0.0,0.5739,1017.0,31.0,1879.0,800.0,2.72
4331,22.0,0.0,0.649,0.0,98.0,971.0,854.0,
4331,21.0,0.0,0.6196,1011.0,24.0,1896.0,808.0,3.51
4332,22.0,0.0,0.6284,0.0,80.0,967.0,781.0,
4332,21.0,0.0,0.6612,1016.0,20.0,1856.0,836.0,3.76
4333,22.0,0.0,0.6261,0.0,71.0,965.0,833.0,
4333,21.0,0.0,0.5791,1019.0,15.0,1892.0,877.0,3.51
4334,22.0,0.0,0.6608,0.0,74.0,961.0,742.0,
4334,21.0,0.0,0.2756,1016.0,21.0,1908.0,922.0,3.44
4335,22.0,0.0,0.6503,0.0,84.0,961.0,694.0,
4335,21.0,0.0,0.2764,1016.0,20.0,1912.0,951.0,3.5
4336,22.0,0.0,0.6192,0.0,68.0,963.0,674.0,
4336,21.0,0.0,0.3625,1016.0,19.0,1913.0,983.0,3.86
4337,22.0,0.0,0.6402,0.0,96.0,966.0,680.0,
4337,21.0,0.0,0.2978,1020.0,19.0,1916.0,992.0,3.72
4338,22.0,0.0,0.6416,0.0,98.0,977.0,684.0,3.51
4339,22.0,0.0,0.5968,0.0,82.0,990.0,809.0,3.71
4340,22.0,0.0,0.5998,1.0,73.0,1004.0,746.0,3.72
4341,22.0,0.0,0.6018,1.0,80.0,1010.0,718.0,3.16
4342,22.0,0.0,0.6518,1.0,57.0,1015.0,841.0,3.52
4343,22.0,0.0,0.5861,1.0,59.0,1024.0,837.0,3.14
4344,22.0,0.0,0.5611,2.0,51.0,1030.0,754.0,3.04
4345,22.0,0.0,0.5317,2.0,74.0,1037.0,827.0,2.79
4346,22.0,0.0,0.5849,1.0,86.0,1046.0,752.0,2.64
4347,22.0,0.0,0.6496,2.0,62.0,1052.0,740.0,3.7
4348,22.0,0.0,0.6673,1.0,48.0,1056.0,701.0,4.07
4349,22.0,0.0,0.6104,1.0,54.0,1060.0,855.0,3.71
4350,22.0,0.0,0.637,1.0,72.0,1060.0,893.0,3.84
4351,22.0,0.0,0.7112,0.0,82.0,1061.0,891.0,3.59
4352,22.0,0.0,0.7407,0.0,60.0,1062.0,904.0,3.86
4353,22.0,0.0,0.7017,0.0,37.0,1061.0,927.0,2.45
4354,22.0,0.0,0.6202,0.0,30.0,1062.0,934.0,3.47
4355,22.0,0.0,0.652,0.0,18.0,1060.0,922.0,3.86
4356,22.0,0.0,0.7291,0.0,23.0,1062.0,881.0,
4356,21.0,0.0,0.5673,1084.0,0.0,1920.0,901.0,3.99
4357,22.0,0.0,0.7711,0.0,21.0,1065.0,841.0,
4357,21.0,0.0,0.3768,1089.0,0.0,1917.0,917.0,3.65
4358,22.0,0.0,0.7372,0.0,14.0,1064.0,805.0,
4358,21.0,0.0,0.2797,1087.0,0.0,1918.0,939.0,3.98
4359,22.0,0.0,0.7491,0.0,18.0,1065.0,790.0,
4359,21.0,0.0,0.1542,1108.0,0.0,1919.0,752.0,3.94
4360,22.0,0.0,0.6668,0.0,12.0,1066.0,806.0,
4360,21.0,0.0,0.114,1098.0,0.0,1919.0,870.0,3.53
4361,22.0,0.0,0.6811,0.0,1.0,1070.0,855.0,
4361,21.0,0.0,0.133,1088.0,0.0,1920.0,877.0,3.28
4362,22.0,0.0,0.7774,0.0,0.0,1080.0,880.0,
4362,21.0,0.0,0.2226,1101.0,0.0,1920.0,697.0,3.6
4363,22.0,0.0,0.7902,0.0,0.0,1084.0,904.0,
4363,21.0,0.0,0.1545,1113.0,0.0,1920.0,628.0,3.0
4364,22.0,0.0,0.6894,1.0,0.0,1090.0,912.0,
4364,21.0,0.0,0.1268,1112.0,0.0,1920.0,657.0,2.87
4365,22.0,0.0,0.6061,1.0,0.0,1096.0,964.0,
4365,21.0,0.0,0.1505,1125.0,1.0,1920.0,615.0,3.41
4366,22.0,0.0,0.4355,1.0,0.0,1098.0,996.0,3.13
4367,22.0,0.0,0.505,2.0,0.0,1101.0,1022.0,2.7
4368,22.0,0.0,0.4898,2.0,0.0,1098.0,1035.0,2.9
4369,22.0,0.0,0.5408,2.0,1.0,1117.0,1012.0,2.81
4370,22.0,0.0,0.4667,2.0,1.0,1135.0,999.0,3.88
4371,22.0,0.0,0.543,2.0,2.0,1147.0,714.0,3.57
4372,22.0,0.0,0.4342,2.0,1.0,1150.0,592.0,3.93
4373,22.0,0.0,0.5154,2.0,1.0,1147.0,566.0,3.52
4374,22.0,0.0,0.501,1.0,1.0,1150.0,570.0,3.47
4375,22.0,0.0,0.4369,1.0,1.0,1147.0,563.0,3.61
4376,22.0,0.0,0.5608,2.0,1.0,1146.0,560.0,3.62
4377,22.0,0.0,0.5001,2.0,4.0,1132.0,870.0,
4377,23.0,0.0,0.5517,8.0,630.0,1092.0,1032.0,3.75
4378,22.0,0.0,0.4335,2.0,3.0,1115.0,967.0,
4378,23.0,0.0,0.5984,15.0,633.0,1081.0,1034.0,2.87
4379,22.0,0.0,0.4588,2.0,2.0,1114.0,1022.0,
4379,23.0,0.0,0.5903,6.0,632.0,1073.0,1054.0,2.53
4380,22.0,0.0,0.5256,2.0,3.0,1116.0,1041.0,
4380,23.0,0.0,0.3699,3.0,629.0,1076.0,1047.0,
4380,24.0,0.0,0.5276,1234.0,713.0,1920.0,1080.0,2.94
4381,22.0,0.0,0.5984,1.0,12.0,1118.0,1050.0,
4381,23.0,0.0,0.1963,117.0,636.0,1069.0,1040.0,
4381,24.0,0.0,0.5256,1238.0,693.0,1920.0,1080.0,2.88
4382,22.0,0.0,0.5782,2.0,7.0,1120.0,1060.0,
4382,23.0,0.0,0.2778,46.0,627.0,1078.0,1054.0,
4382,24.0,0.0,0.4032,1243.0,682.0,1920.0,1080.0,3.56
4383,22.0,0.0,0.5401,5.0,2.0,1647.0,1080.0,
4383,23.0,0.0,0.1117,19.0,640.0,1100.0,1049.0,
4383,24.0,0.0,0.2731,1310.0,665.0,1920.0,1080.0,3.56
4384,22.0,0.0,0.6245,3.0,16.0,1372.0,1055.0,
4384,24.0,0.0,0.3051,1337.0,659.0,1920.0,1079.0,3.53
4385,22.0,0.0,0.3861,2.0,18.0,1236.0,1053.0,
4385,24.0,0.0,0.2783,1348.0,676.0,1920.0,1079.0,3.6
4386,22.0,0.0,0.6485,2.0,16.0,1181.0,1050.0,
4386,24.0,0.0,0.232,1390.0,669.0,1919.0,1079.0,3.82
4387,22.0,0.0,0.6317,2.0,14.0,1162.0,1044.0,
4387,24.0,0.0,0.3857,1422.0,660.0,1920.0,1080.0,3.86
4388,22.0,0.0,0.8047,1.0,15.0,1167.0,1037.0,
4388,24.0,0.0,0.3512,1454.0,638.0,1920.0,1080.0,3.61
4389,22.0,0.0,0.7969,0.0,18.0,1170.0,1051.0,
4389,24.0,0.0,0.254,1466.0,634.0,1920.0,1080.0,3.42
4390,22.0,0.0,0.8056,0.0,14.0,1172.0,1048.0,
4390,24.0,0.0,0.5044,1477.0,704.0,1920.0,1080.0,3.6
4391,22.0,0.0,0.7733,0.0,12.0,1179.0,1041.0,
4391,24.0,0.0,0.2527,1478.0,704.0,1920.0,1080.0,3.23
4392,22.0,0.0,0.748,0.0,7.0,1185.0,1033.0,
4392,24.0,0.0,0.2638,1478.0,662.0,1920.0,1079.0,3.39
4393,22.0,0.0,0.7585,0.0,1.0,1187.0,1028.0,3.24
4394,22.0,0.0,0.7165,0.0,0.0,1189.0,1033.0,3.25
4395,22.0,0.0,0.727,0.0,0.0,1201.0,1017.0,3.36
4396,22.0,0.0,0.7056,0.0,0.0,1193.0,1042.0,3.39
4397,22.0,0.0,0.697,0.0,0.0,1196.0,1020.0,3.5
4398,22.0,0.0,0.4712,1.0,0.0,1190.0,1009.0,3.53
4399,22.0,0.0,0.6408,0.0,0.0,1203.0,1008.0,3.52
4400,22.0,0.0,0.7661,0.0,0.0,1195.0,1018.0,3.65
4401,22.0,0.0,0.6491,0.0,0.0,1191.0,1021.0,2.6
4402,22.0,0.0,0.6216,0.0,0.0,1179.0,1024.0,3.62
4403,22.0,0.0,0.4489,0.0,0.0,1176.0,1012.0,3.52
4404,22.0,0.0,0.5524,0.0,0.0,1165.0,1041.0,3.49
4405,22.0,0.0,0.4061,0.0,0.0,1182.0,1017.0,3.47
4406,22.0,0.0,0.444,0.0,0.0,1189.0,1046.0,3.93
4407,22.0,0.0,0.2834,1.0,0.0,1194.0,1028.0,3.94
4408,22.0,0.0,0.3194,2.0,0.0,1201.0,1008.0,3.71
4409,22.0,0.0,0.2649,1.0,0.0,1219.0,1024.0,3.69
4410,22.0,0.0,0.3768,1.0,0.0,1225.0,1040.0,3.57
4411,22.0,0.0,0.5677,0.0,0.0,1219.0,1051.0,3.41
4412,22.0,0.0,0.5111,0.0,0.0,1223.0,1029.0,3.02
4413,22.0,0.0,0.4243,0.0,0.0,1228.0,1036.0,2.99
4414,22.0,0.0,0.3611,2.0,0.0,1234.0,1032.0,2.55
4415,22.0,0.0,0.3484,1.0,0.0,1257.0,1022.0,4.1
4416,22.0,0.0,0.3085,1.0,0.0,1261.0,1020.0,4.17
4417,22.0,0.0,0.2102,1.0,0.0,1272.0,1000.0,4.01
4418,22.0,0.0,0.312,1.0,0.0,1274.0,1005.0,4.03
4419,22.0,0.0,0.3593,0.0,0.0,1303.0,1024.0,4.11
4420,22.0,0.0,0.342,0.0,0.0,1322.0,1033.0,4.21
4421,22.0,0.0,0.4063,0.0,0.0,1307.0,1021.0,3.55
4422,22.0,0.0,0.3986,0.0,0.0,1307.0,1032.0,3.45
4423,22.0,0.0,0.3347,1.0,0.0,1302.0,1037.0,3.32
4424,22.0,0.0,0.1774,2.0,0.0,1315.0,1066.0,3.26
4425,22.0,0.0,0.27,4.0,0.0,1294.0,1031.0,3.01
4426,22.0,0.0,0.334,3.0,0.0,1274.0,1033.0,3.36
4427,22.0,0.0,0.5673,2.0,0.0,1273.0,1056.0,3.29
4428,,,,,,,,3.51
4429,,,,,,,,3.25
4430,,,,,,,,3.67
4431,,,,,,,,3.35
4432,,,,,,,,3.88
4433,,,,,,,,3.46
4434,,,,,,,,3.58
4435,,,,,,,,3.58
4436,,,,,,,,3.97
4437,,,,,,,,4.07
4438,,,,,,,,3.96
4439,,,,,,,,4.01
4440,,,,,,,,3.98
4441,,,,,,,,3.75
4442,,,,,,,,3.61
4443,,,,,,,,3.51
4444,,,,,,,,3.63
4445,,,,,,,,3.58
4446,,,,,,,,3.94
4447,,,,,,,,2.69
4448,,,,,,,,4.15
4449,,,,,,,,4.15
4450,,,,,,,,4.46
4451,,,,,,,,3.99
4452,,,,,,,,4.33
4453,,,,,,,,3.65
4454,,,,,,,,4.02
4455,,,,,,,,3.76
4456,,,,,,,,4.2
4457,,,,,,,,4.0
4458,,,,,,,,4.12
4459,,,,,,,,4.04
4460,,,,,,,,3.8
4461,,,,,,,,3.63
4462,,,,,,,,3.83
4463,,,,,,,,3.5
4464,,,,,,,,3.39
4465,,,,,,,,3.72
4466,,,,,,,,3.43
4467,,,,,,,,3.84
4468,,,,,,,,4.05
4469,,,,,,,,3.97
4470,,,,,,,,4.13
4471,,,,,,,,3.45
4472,,,,,,,,3.7
4473,,,,,,,,3.41
4474,,,,,,,,3.39
4475,,,,,,,,3.04
4476,,,,,,,,4.16
4477,,,,,,,,4.26
4478,,,,,,,,4.08
4479,,,,,,,,4.23
4480,,,,,,,,4.19
4481,,,,,,,,3.99
4482,,,,,,,,4.01
4483,,,,,,,,3.6
4484,,,,,,,,3.34
4485,,,,,,,,3.62
4486,,,,,,,,3.87
4487,,,,,,,,4.11
4488,,,,,,,,3.96
4489,,,,,,,,3.9
4490,,,,,,,,4.04
4491,,,,,,,,3.71
4492,,,,,,,,3.92
4493,,,,,,,,3.47
4494,,,,,,,,3.55
4495,,,,,,,,3.71
4496,,,,,,,,3.98
4497,,,,,,,,4.1
4498,,,,,,,,4.0
4499,,,,,,,,4.09
4500,,,,,,,,3.89
4501,,,,,,,,3.7
4502,,,,,,,,4.03
4503,,,,,,,,3.11
4504,,,,,,,,3.59
4505,,,,,,,,3.62
4506,,,,,,,,4.02
4507,,,,,,,,3.35
4508,,,,,,,,4.02
4509,,,,,,,,3.99
4510,,,,,,,,3.09
4511,,,,,,,,4.02
4512,,,,,,,,4.4
4513,,,,,,,,3.94
4514,,,,,,,,3.95
4515,,,,,,,,3.95
4516,,,,,,,,4.2
4517,,,,,,,,4.45
4518,,,,,,,,4.06
4519,,,,,,,,4.15
4520,,,,,,,,4.16
4521,,,,,,,,3.7
4522,,,,,,,,3.29
4523,,,,,,,,3.55
4524,,,,,,,,3.65
4525,,,,,,,,3.61
4526,,,,,,,,4.14
4527,,,,,,,,3.96
4528,,,,,,,,4.04
4529,,,,,,,,4.02
4530,,,,,,,,4.12
4531,,,,,,,,3.77
4532,,,,,,,,4.0
4533,,,,,,,,3.4
4534,,,,,,,,3.64
4535,,,,,,,,3.64
4536,,,,,,,,3.94
4537,,,,,,,,4.07
4538,,,,,,,,4.05
4539,,,,,,,,3.98
4540,,,,,,,,4.03
4541,,,,,,,,3.39
4542,,,,,,,,4.16
4543,,,,,,,,3.6
4544,,,,,,,,3.39
4545,,,,,,,,3.61
4546,,,,,,,,4.0
4547,,,,,,,,3.87
4548,,,,,,,,4.07
4549,,,,,,,,3.93
4550,,,,,,,,4.1
4551,,,,,,,,3.53
